order_id,customer_id,order_status,order_purchase_timestamp,order_approved_at,order_delivered_carrier_date,order_delivered_customer_date,order_estimated_delivery_date,n_sellers,seller_id,price,freight_value,shipping_limit_date,customer_state,customer_zip_code_prefix,seller_state,seller_zip_code_prefix,handling_days,transit_days,delay_days,is_late,seller_late,delay_source,review_score,lane
6c682aa3032d2639e12a64b3c2a907b7,deaa5dd4f21cf2d8741e476989fe7d5d,delivered,2018-02-12 11:51:43,2018-02-12 12:05:31,2018-02-14 23:34:30,2018-02-16 23:41:59,2018-03-08,1,d624126b9206f595fb3fbb6ba03b28a8,73.8,33.2,2018-02-16 12:05:31,SP,6783,PR,80045,2.4880439814814816,2.005196759259259,-19.012511574074075,0,0,on_time,4.0,PR->SP
0606297cba03ae6663495514f5bdae0d,1dfdfd9d483bb80b1694e927fe6a8fa1,delivered,2017-11-25 14:19:32,2017-11-25 14:32:50,2017-11-27 20:54:39,2017-12-15 18:07:08,2017-12-20,1,17ca9b9e9b9ef8fdb529001b49ebb50f,39.97,15.1,2017-11-30 14:31:42,SP,15190,MG,32677,2.274386574074074,17.88366898148148,-4.245046296296296,0,0,on_time,3.0,MG->SP
b782d486ebb05fdf0ba6ec05652f704f,3afe43b81b0d102b2ca5138ab53f418a,delivered,2017-01-26 16:29:30,2017-01-28 02:32:24,2017-02-01 08:37:30,2017-02-06 14:23:54,2017-03-02,1,76d5af76d0271110f9af36c92573f765,1718.0,119.16,2017-01-30 16:29:30,SP,4609,SP,3194,5.672222222222223,5.240555555555556,-23.400069444444444,0,1,on_time,5.0,SP->SP
e0aadee588e476e3a004e56c8fc3c645,6a85222aa87619e9aef296bb6166970a,delivered,2017-07-01 11:00:49,2017-07-02 11:05:09,2017-07-04 13:23:37,2017-07-11 17:44:26,2017-07-25,1,87b740daf17b5d1be335a64164ec6842,999.99,101.52,2017-07-06 11:05:09,PR,80020,SP,8615,3.099166666666666,7.181122685185185,-13.260810185185186,0,0,on_time,4.0,SP->PR
4daf6e58465b705648162ccaa80a9ce1,d387ac3ed97114d37e10e8c6a5949341,delivered,2018-05-16 09:55:57,2018-05-16 10:12:41,2018-05-16 14:08:00,2018-05-21 19:04:18,2018-06-11,1,d921b68bf747894be13a97ae52b0f386,223.0,19.44,2018-05-22 10:12:41,RJ,23825,MG,35570,0.1750347222222222,5.205763888888889,-20.205347222222223,0,0,on_time,5.0,MG->RJ
81e59ee7e0269d15ff2b3c7dc8377f3e,76971e23f6d8aace3a2861c35e4ae4b0,delivered,2017-07-22 19:48:00,2017-07-22 20:03:09,2017-07-26 11:07:51,2017-08-01 20:29:37,2017-08-18,1,d4e4b5192cba4e0e66eb12a9d347239d,10.9,16.79,2017-07-28 20:03:09,MG,38610,PR,85904,3.6387847222222223,6.3901157407407405,-16.14609953703704,0,0,on_time,5.0,PR->MG
227881fdf69e55ab7906b7a818dd5e39,9a745c47c228743d4a7bbb9c94e943e9,delivered,2018-06-27 18:48:48,2018-06-27 19:11:56,2018-06-28 14:25:00,2018-07-03 18:34:40,2018-07-25,1,612170e34b97004b3ba37eae81836b4c,154.9,20.27,2018-07-06 19:11:56,SC,88503,RS,93542,0.8168055555555556,5.17337962962963,-21.225925925925925,0,0,on_time,5.0,RS->SC
97f628c23936b663758751ed856904ba,339ad6dfb04841e9de09bb05f3b55a86,delivered,2018-02-12 20:19:47,2018-02-12 20:30:22,2018-02-14 21:49:10,2018-03-09 15:06:32,2018-03-14,1,128639473a139ac0f3e5f5ade55873a5,18.9,16.79,2018-02-16 20:30:22,MG,37705,PR,87050,2.0620717592592595,22.72039351851852,-4.3704629629629625,0,0,on_time,4.0,PR->MG
e29968d0d7fad6eb512591f25eca27dc,b0ab7fd9a303d4cc6e6efd2eb326ad0c,delivered,2018-06-06 20:19:46,2018-06-06 20:35:11,2018-06-15 15:20:00,2018-07-01 20:38:24,2018-07-13,1,7d13fca15225358621be4086e1eb0964,140.0,18.86,2018-06-14 20:31:24,ES,29026,SP,14050,8.791828703703704,16.22111111111111,-11.14,0,1,on_time,3.0,SP->ES
4810bc72b32b9b06d7962b3c645faea2,7f2b3135700ee34aabe5bb580cd04ddd,delivered,2018-03-26 18:36:31,2018-03-26 18:47:25,2018-03-28 17:18:26,2018-04-13 21:26:51,2018-04-24,1,cab85505710c7cb9b720bceb52b01cee,49.9,37.04,2018-03-30 18:47:25,CE,62184,SP,2252,1.9457754629629629,16.172511574074075,-10.106354166666666,0,0,on_time,5.0,SP->CE
575c6dd8fb78db647ce9a4018b8e9235,6fe397cd9919959235edbcc5622cb369,delivered,2018-06-02 18:08:24,2018-06-02 18:29:53,2018-06-04 09:03:00,2018-06-08 15:52:45,2018-07-12,1,537eb890efff034a88679788b647c564,34.9,15.23,2018-06-11 18:29:53,PR,80520,RJ,20270,1.62125,4.284548611111111,-33.33836805555556,0,0,on_time,5.0,RJ->PR
1ac2ab32114572d9e1ff4c2899ebef95,0d4f0200088054680a2ab83746fc31c7,delivered,2018-01-29 10:09:31,2018-01-29 10:39:10,2018-01-30 22:13:02,2018-02-19 19:28:56,2018-03-06,1,cc419e0650a3c5ba77189a1882b7556a,79.99,22.88,2018-02-06 10:31:22,RN,59025,SP,9015,1.5024421296296295,19.886041666666667,-14.18824074074074,0,0,on_time,5.0,SP->RN
9c83e600b8c156f1b50b753f30e93634,60ba10cea61a934e043ef4fb6b60ff04,delivered,2017-10-30 11:47:19,2017-10-31 04:10:23,2017-10-31 18:50:04,2017-11-08 20:07:36,2017-11-27,1,8c16d1f32a54d92897cc437244442e1b,49.9,34.15,2017-11-07 04:10:23,GO,76382,SC,89023,1.293576388888889,8.053842592592593,-18.16138888888889,0,0,on_time,5.0,SC->GO
262a22b18b8c7773c9ce2e3665db8c44,fa89c63e13c0be467dd82ddedc566260,delivered,2017-04-13 06:49:20,2017-04-13 07:02:07,2017-04-13 12:29:46,2017-04-18 18:55:25,2017-05-08,1,9646c3513289980f17226a2fc4720dbd,29.9,10.96,2017-04-20 07:02:07,SP,8257,SP,12215,0.236412037037037,5.2678125,-19.211516203703702,0,0,on_time,4.0,SP->SP
f8948d6c6224ac4eaedf26a77e5b09e8,cb7d9b0b6bb782faac706deaa158b5df,delivered,2018-02-21 22:55:55,2018-02-21 23:05:36,2018-02-22 17:39:03,2018-03-06 20:12:58,2018-03-23,1,57e632711dec9ec14ca7546769483e7e,88.89,15.37,2018-02-27 23:05:36,PR,87185,SC,88372,0.7799537037037036,12.106886574074077,-16.15766203703704,0,0,on_time,5.0,SC->PR
be28f879f9c5e345df9e5b5fb441e6de,05787fcd7b77ceb360bd59963a6d7aa0,delivered,2018-01-04 12:58:13,2018-01-04 13:29:06,2018-01-05 19:25:02,2018-01-22 19:03:57,2018-01-22,1,994f04b3718c2bab35c2adfa8afecd2a,119.9,8.09,2018-01-10 13:29:06,SP,2837,SP,13912,1.2686226851851852,16.985358796296296,0.7944097222222222,1,0,carrier,5.0,SP->SP
d45182d981794b5e86d5f433ed2d6e71,bc997030c44e17b4a0bf36ba9e128ed9,delivered,2018-03-21 18:27:30,2018-03-21 18:49:08,2018-03-22 22:03:30,2018-03-28 22:12:51,2018-04-23,1,8b321bb669392f5163d04c59e235e066,14.99,15.23,2018-03-27 18:49:08,RJ,22440,SP,1212,1.15,6.006493055555556,-25.07440972222222,0,0,on_time,5.0,SP->RJ
8254431b670580cb6a10dbd28a833677,99bbd0347ab66eebe6ae73753146c3d3,delivered,2017-12-28 17:39:31,2017-12-28 17:49:18,2018-01-02 23:09:22,2018-01-04 21:09:28,2018-01-24,1,53e4c6e0f4312d4d2107a8c9cddf45cd,33.0,11.73,2018-01-04 17:49:18,SP,2927,SP,13920,5.2290625,1.9167361111111112,-19.118425925925926,0,0,on_time,3.0,SP->SP
04c3bddd55df58e83123e3b174855489,cf45e9bc7544ba97a0db03c7c7bf63c9,delivered,2018-01-26 21:34:07,2018-01-26 21:58:36,2018-02-14 20:53:13,2018-03-01 19:07:36,2018-03-02,1,7c67e1448b00f6e969d365cea6b010ab,139.94,35.14,2018-02-09 21:58:36,SP,9961,SP,8577,18.971597222222226,14.926655092592592,-0.2030555555555555,0,1,on_time,1.0,SP->SP
24ae0d766df69840feedaece7acfc653,c5caf3ba9c0bec1cb22624b0759839fb,delivered,2017-03-13 07:54:19,2017-03-13 07:54:19,2017-03-21 09:08:17,2017-04-13 16:42:26,2017-05-08,1,f9244d45189d3a3605499abddeade7d5,1309.99,45.74,2017-04-14 07:54:19,DF,71725,SP,3029,8.05136574074074,23.315381944444443,-24.30386574074074,0,0,on_time,5.0,SP->DF
ef8ce968377e840a2be50d7c49a1f4ce,d262e8fcc210139d0efa2bf2a24fc0ea,delivered,2017-11-25 14:06:40,2017-11-25 14:17:53,2017-11-27 23:38:46,2017-12-06 22:42:34,2017-12-29,1,bb7a14e229b1c95156719c3d9552eeee,388.9,66.21,2017-11-30 14:17:53,PB,58324,RJ,23095,2.397291666666667,8.960972222222223,-22.05377314814815,0,0,on_time,5.0,RJ->PB
5dd543eba6556684ca5a4f9799dc62e8,53393d7f2eda3bfbbf53a19a1fbe35b2,delivered,2018-04-13 11:22:56,2018-04-13 12:10:12,2018-04-16 13:32:20,2018-04-25 21:48:41,2018-05-10,1,72431a818f97fe6ab9c81eee3e297e54,229.9,19.49,2018-04-23 12:10:12,RJ,28380,SP,13390,3.089861111111111,9.3446875,-14.09119212962963,0,0,on_time,5.0,SP->RJ
e6572de73e295b8613a4716a3a1f15d6,d43f51543fb5e83578f7ce4f13fc49c5,delivered,2018-02-19 15:20:06,2018-02-19 16:27:25,2018-02-21 18:56:04,2018-03-12 23:38:43,2018-03-14,1,05a940b4ecae36cadfd8e93bd9c43257,43.9,21.15,2018-02-26 16:27:25,ES,29055,GO,74305,2.149976851851852,19.196284722222224,-1.0147800925925925,0,0,on_time,4.0,GO->ES
23a801ab5586a70d6f7a4cd5885d3060,5f223cd9355d11f00a236ea407ac6dac,delivered,2018-02-15 21:03:05,2018-02-15 21:15:26,2018-02-16 19:39:13,2018-02-28 14:52:45,2018-03-12,1,8b28d096634035667e8263d57ba3368c,59.8,15.17,2018-02-21 20:15:26,RJ,28500,SP,12243,0.9417592592592592,11.801064814814817,-11.380034722222222,0,0,on_time,5.0,SP->RJ
70c135d2f6154ca40b2384cbdc39e913,abbe9ebd806d700895ea6f9d987c3200,delivered,2018-01-31 22:58:20,2018-02-02 02:53:43,2018-02-03 03:12:55,2018-02-14 17:28:50,2018-03-06,1,aaed1309374718fdd995ee4c58c9dfcd,72.9,18.08,2018-02-08 02:53:43,MG,31680,SC,89120,2.1767939814814814,11.594386574074074,-19.27164351851852,0,0,on_time,5.0,SC->MG
15c27084788815475d3d73afe7dc2330,56d173fa525c87c279927cc4a62eba2f,delivered,2018-07-29 19:42:00,2018-07-30 20:30:55,2018-07-31 14:05:00,2018-08-06 17:23:52,2018-08-09,1,5343d0649eca2a983820bfe93fc4d17e,110.0,30.57,2018-08-01 19:35:10,RJ,21221,SP,9270,1.7659722222222225,6.138101851851852,-2.2750925925925927,0,0,on_time,5.0,SP->RJ
9b555fa3c1a9ac79415e947cde8180bd,b7512df210374933320f8e821ad55455,delivered,2018-07-10 22:26:37,2018-07-10 22:45:55,2018-07-11 14:02:00,2018-07-12 19:21:43,2018-07-19,1,2528513dd95219a6013d4d05176e391a,189.9,17.6,2018-07-15 22:45:55,SP,7836,SP,6060,0.6495717592592593,1.222025462962963,-6.193252314814814,0,0,on_time,4.0,SP->SP
96e080e0b5e48d6beb4a7faeb056f5ac,2f7928483e82e3e5c79c091d974985d5,delivered,2018-06-18 22:57:51,2018-06-18 23:16:40,2018-06-20 14:42:00,2018-06-25 19:06:12,2018-07-12,1,ea8482cd71df3c1969d7b9473ff13abc,24.99,18.28,2018-06-21 23:16:40,RJ,27353,SP,4160,1.6556597222222222,5.183472222222222,-16.204027777777778,0,0,on_time,5.0,SP->RJ
52597890ec6f46d79c0cc61f35b1cbc7,44dbf7d7b4548cd7139ded68d39cd051,delivered,2017-10-03 12:55:15,2017-10-03 13:07:46,2017-10-04 10:13:30,2017-10-11 00:13:13,2017-10-30,1,4a3ccda38b2129705f3fb522db62ca31,122.9,15.61,2017-10-09 13:07:46,MS,79060,SP,17504,0.8876736111111111,6.583136574074074,-18.99082175925926,0,0,on_time,1.0,SP->MS
14a54a1ffd16f037929c4553a244f9ed,f51dd48ef39ca937e5f1c9e87f6f2881,delivered,2018-04-02 12:50:49,2018-04-03 08:09:01,2018-04-04 21:58:23,2018-05-05 16:51:54,2018-05-07,1,fa1c13f2614d7b5c4749cbc52fecda94,279.9,24.46,2018-04-09 08:09:01,RO,76803,SP,13170,2.3802546296296296,30.787164351851853,-1.2972916666666667,0,0,on_time,4.0,SP->RO
1bf5ad2a94cb784f7e27820ab656c398,14e618e8adb379c1d9727e4cfb189daa,delivered,2017-05-14 01:23:01,2017-05-14 01:30:19,2017-05-16 09:27:52,2017-05-24 11:48:06,2017-06-02,1,51e0557bc7b86de13e946c60ee91ce39,45.8,17.6,2017-05-18 01:30:19,SP,15057,MG,31510,2.336701388888889,8.09738425925926,-8.508263888888889,0,0,on_time,5.0,MG->SP
ac8f533b96ef19b111869e752c59a61c,75662c3dd2cfd0fbd4b10232e327e215,delivered,2018-03-01 00:52:45,2018-03-02 02:10:34,2018-03-03 00:05:58,2018-04-10 19:20:59,2018-03-19,1,4869f7a5dfa277a7dca6462dcf3b52b2,204.0,14.45,2018-03-08 02:10:34,SP,9853,SP,14840,1.967511574074074,38.80209490740741,22.80623842592593,1,0,carrier,1.0,SP->SP
036091098bdc85e780fc3594006276b7,92dd835c0a01f474014b0a888b5bef93,delivered,2018-07-19 12:59:52,2018-07-20 14:50:20,2018-07-23 13:25:00,2018-07-27 18:28:23,2018-08-02,1,1835b56ce799e6a4dc4eddc053f04066,1260.0,128.98,2018-07-24 14:50:20,SP,2276,SP,14940,4.017453703703704,4.210682870370371,-5.230289351851852,0,0,on_time,5.0,SP->SP
d61e579dc82353a7160f9fc870376460,243ec46b2d1ede1c56821491f256d7c7,delivered,2018-08-12 20:30:51,2018-08-12 20:44:20,2018-08-13 14:16:00,2018-08-16 14:02:58,2018-08-24,1,02f623a8eb246f3c5f7c2f96462654e6,219.0,15.11,2018-08-14 20:44:20,SP,14530,SP,18611,0.7396875,2.990949074074074,-7.414606481481481,0,0,on_time,5.0,SP->SP
f8ba6b81969b53758b46333b85537e89,0cb10e3c2af21e14547d1bfda472a2fa,delivered,2018-05-15 10:46:28,2018-05-15 11:14:36,2018-05-15 13:34:00,2018-05-21 18:08:31,2018-05-30,1,985c92cc412091f8529c12d7f23d3fef,94.3,18.54,2018-05-21 11:14:36,SP,4146,MG,36300,0.1163425925925926,6.190636574074074,-8.244085648148149,0,0,on_time,5.0,MG->SP
3239c022d37dc6c0fd3b8749bb7a0b1e,8effa4e9c5158c1f6b13eaa9b69a4a59,delivered,2017-10-24 23:15:14,2017-10-24 23:25:50,2017-10-25 18:27:18,2017-10-31 19:39:58,2017-11-13,1,da8622b14eb17ae2831f4ac5b9dab84a,119.9,13.86,2017-10-30 23:25:50,SP,13150,SP,13405,0.8000462962962963,6.050462962962963,-12.180578703703704,0,0,on_time,5.0,SP->SP
4e376d36ceeae3f2cbf66cb0ca84c799,791e2999c57aaaf4919b414931385ea1,delivered,2017-07-29 14:07:44,2017-07-29 14:23:33,2017-07-31 15:58:18,2017-08-07 17:22:44,2017-08-30,1,75d34ebb1bd0bd7dde40dd507b8169c3,399.99,23.6,2017-08-03 14:23:33,SP,7714,BA,41820,2.0767824074074075,7.058634259259259,-22.275879629629628,0,0,on_time,4.0,BA->SP
68a27330cb647c6489f7cd78524c5711,9d4603d9f8c3b22b9aa4d98e08b792f1,delivered,2018-05-14 21:46:11,2018-05-14 22:10:18,2018-05-15 08:36:00,2018-05-18 21:36:36,2018-05-30,1,cc63f0dd2acba93ffed4fe9f8e0321fa,168.0,19.26,2018-05-20 22:10:18,SP,19060,SP,15025,0.4512615740740741,3.5420833333333333,-11.099583333333332,0,0,on_time,4.0,SP->SP
27022b76108230492760e5e0a34c159e,45cea136a7ccc9defbe927fd8b27d2bb,delivered,2017-05-07 23:40:38,2017-05-09 09:35:13,2017-05-09 15:36:18,2017-05-11 08:52:09,2017-05-31,1,6cd68b3ed6d59aaa9fece558ad360c0a,109.9,14.52,2017-05-15 09:35:13,SP,4115,MG,31255,1.6636574074074073,1.7193402777777778,-19.63045138888889,0,0,on_time,5.0,MG->SP
88298d252bed01a2c1f80676edc1d2b9,c8c205b130f46434844534e728a14046,delivered,2017-11-25 19:45:05,2017-11-27 19:56:55,2017-11-29 19:48:53,2017-12-22 15:33:56,2017-12-20,1,7a67c85e85bb2ce8582c35f2203ad736,144.99,18.26,2017-12-01 19:56:55,MG,38600,SP,3426,4.002638888888889,22.82295138888889,2.648564814814814,1,0,carrier,5.0,SP->MG
bda572f45be73ea760e1284b291abdca,4d92f7f7f7318308f9f4e3c169bb8e5b,delivered,2017-07-28 01:06:08,2017-07-28 01:23:56,2017-08-03 18:39:39,2017-08-08 21:05:12,2017-08-21,1,4c2b230173bb36f9b240f2b8ac11786e,39.9,14.1,2017-08-03 01:23:56,RJ,26220,SP,3933,6.731608796296296,5.101076388888889,-12.12138888888889,0,1,on_time,5.0,SP->RJ
c7d8dac1459971c7bc85e373e9d332fe,87bb2e06d2f954566b07b7f5304632e8,delivered,2017-05-01 22:43:15,2017-05-01 22:55:13,2017-05-02 08:24:14,2017-05-13 07:11:44,2017-06-02,1,1554a68530182680ad5c8b042c3ab563,38.5,22.28,2017-05-07 22:55:13,PB,58701,MG,37580,0.4034606481481481,10.94965277777778,-19.700185185185184,0,0,on_time,5.0,MG->PB
4dcff73972e49b77fcb010749fb5433e,3206488134a279bf34e2c028b1e2156b,delivered,2018-02-04 14:53:15,2018-02-04 15:10:27,2018-02-19 16:58:49,2018-03-19 19:52:43,2018-03-16,1,7c67e1448b00f6e969d365cea6b010ab,159.98,60.8,2018-02-16 15:10:27,RJ,22270,SP,8577,15.087199074074077,28.120763888888888,3.828275462962963,1,1,seller,1.0,SP->RJ
dde949eadfa9eaab6f60ca7dc63e7f51,8ee025b414f82db39d70f04a73c910d7,delivered,2017-11-24 23:41:58,2017-11-25 02:33:01,2017-11-28 21:44:44,2017-11-30 01:51:59,2017-12-11,1,cc419e0650a3c5ba77189a1882b7556a,53.99,7.78,2017-12-01 02:31:38,SP,3688,SP,9015,3.9185879629629623,1.171701388888889,-10.922233796296297,0,0,on_time,5.0,SP->SP
b618ab0f426fbd3dd9dc8e184d33ce27,023f52d000d35a9fa8f4dad675c5e080,delivered,2018-03-01 11:45:17,2018-03-01 11:55:34,2018-03-03 16:22:47,2018-03-12 18:06:52,2018-03-26,1,5b67882648febfb6e1225e6ad7164f6b,449.99,16.17,2018-03-07 11:55:34,SP,12947,PR,87502,2.192708333333333,9.072280092592592,-13.24523148148148,0,0,on_time,4.0,PR->SP
8c7aba5d415316a216626dfdc9e5aa42,6385c6427526bce07ccbc4e236ecf817,delivered,2018-05-08 18:49:32,2018-05-09 03:55:22,2018-05-09 13:45:00,2018-05-17 14:58:41,2018-05-25,1,8f119a0aee85c0c8fc534629734e94fd,66.3,15.34,2018-05-15 03:55:22,ES,29156,SP,6440,0.7885185185185185,8.051168981481482,-7.3759143518518515,0,0,on_time,5.0,SP->ES
ebfce1854c277686a8c92ad97edf639e,b50a4557080ba39afb6448b17df2c06a,delivered,2018-06-13 09:38:35,2018-06-13 09:57:29,2018-06-13 15:56:00,2018-06-15 11:53:57,2018-06-25,1,9d4db00d65d7760644ac0c14edb5fd86,105.4,10.05,2018-06-15 09:57:29,SP,2013,SP,18025,0.2620949074074074,1.8319097222222225,-9.50420138888889,0,0,on_time,5.0,SP->SP
ffd5e80bfdaf69504efd7562a3d522dd,467bcdf6e97d661f3947ad9308dcb0cc,delivered,2017-08-22 09:29:59,2017-08-22 09:46:08,2017-08-22 19:57:26,2017-08-23 14:51:52,2017-09-04,1,3d39fbf22a665714baf62fae36029e23,584.9,16.65,2017-08-28 09:46:08,SP,1006,SP,13040,0.4357291666666666,0.7878009259259259,-11.380648148148149,0,0,on_time,5.0,SP->SP
ac21e278cde3c44f9ba722553c590721,8fa4ca9ce2d4f069d702bb56e2595679,delivered,2017-12-08 11:35:53,2017-12-09 02:36:26,2017-12-13 13:23:11,2017-12-27 18:28:49,2018-01-12,1,a3a38f4affed601eb87a97788c949667,159.9,27.66,2017-12-14 02:36:26,ES,29255,SC,89204,5.074513888888889,14.21224537037037,-15.229988425925926,0,0,on_time,5.0,SC->ES
ee7560a748685ea9c6d3bb5341f4e97e,29fe5fbfb6d35ec13954cacf85e3e341,delivered,2017-12-01 17:17:29,2017-12-01 17:29:49,2017-12-04 20:52:40,2017-12-19 17:12:15,2018-01-03,1,23d7c96d4a1160db1c726b248601b25a,209.9,21.96,2017-12-07 17:29:49,PR,85877,SP,13360,3.1494328703703705,14.84693287037037,-14.283159722222225,0,0,on_time,4.0,SP->PR
31c97b9baf5fa7ec99a32d2e0f000937,13eb55f95d60ba5f35dc8dee498b3c7d,delivered,2018-03-28 15:12:18,2018-03-28 15:27:54,2018-03-29 17:22:17,2018-05-11 18:57:34,2018-05-04,1,a1043bafd471dff536d0c462352beb48,179.0,62.89,2018-04-03 15:27:54,RJ,20756,MG,37175,1.0902662037037036,43.06616898148148,7.7899768518518515,1,0,carrier,1.0,MG->RJ
b5c037cf61074d84c0a994fa0d024064,58a549319c3ffcfc868efa613016466a,delivered,2017-01-12 15:58:39,2017-01-12 16:10:19,2017-01-18 04:42:03,2017-01-24 13:09:56,2017-02-13,1,cca3071e3e9bb7d12640c9fbe2301306,354.8,32.7,2017-01-19 15:58:39,SP,3402,SP,14940,5.530138888888889,6.352696759259259,-19.451435185185183,0,0,on_time,1.0,SP->SP
9e958a07e455c09fd69aa32c2a4b2d4c,6d1476335098224a9d1807ba96a1eb2c,delivered,2017-10-10 20:39:38,2017-10-10 20:49:50,2017-10-20 22:12:59,2017-10-28 15:45:54,2017-11-07,1,cac4c8e7b1ca6252d8f20b2fc1a2e4af,69.99,18.73,2017-10-17 21:49:50,MT,78035,SP,13347,10.06482638888889,7.73119212962963,-9.343125,0,1,on_time,5.0,SP->MT
c41c7711e8d92901517c702f0836ea59,7197a7e7977ed02ce5e53c8a46818808,delivered,2018-06-27 17:52:31,2018-06-27 18:12:42,2018-06-28 09:32:00,2018-07-11 00:13:48,2018-08-08,1,dbdd0ec73a4817971d962698f2fea022,399.0,97.44,2018-07-03 18:12:42,RN,59144,CE,60710,0.6524189814814815,12.612361111111111,-27.99041666666667,0,0,on_time,4.0,CE->RN
742e519465c1d0ed1dc1664ad04ba238,11cd281d555bc011b8f9ed53d78f0d64,delivered,2018-08-02 22:01:27,2018-08-02 22:15:19,2018-08-10 15:36:00,2018-08-22 23:31:49,2018-08-31,1,e9bc59e7b60fc3063eb2290deda4cced,61.4,22.36,2018-08-08 22:15:19,RJ,20261,PR,87083,7.732326388888889,12.33042824074074,-8.019571759259259,0,1,on_time,5.0,PR->RJ
6ff688a972f3aed0188ccd2e29734c9a,cb0ff3021c7b4f63e2e80cb116569537,delivered,2018-03-26 15:50:00,2018-03-26 16:08:22,2018-03-27 17:31:41,2018-04-02 21:33:21,2018-04-17,1,a3a38f4affed601eb87a97788c949667,59.9,19.39,2018-03-30 16:08:22,RS,97610,SC,89204,1.070613425925926,6.167824074074074,-14.101840277777775,0,0,on_time,4.0,SC->RS
b4f32b99da22c8263a0cf99ddd7cb55f,0ea326425f455ed155649f875ca7a168,delivered,2017-05-19 13:05:48,2017-05-19 13:22:27,2017-05-19 14:56:07,2017-05-26 10:07:59,2017-06-13,1,4a3ca9315b744ce9f8e9374361493884,89.9,15.38,2017-05-26 13:22:27,PR,87235,SP,14940,0.0766087962962963,6.799907407407408,-17.57778935185185,0,0,on_time,5.0,SP->PR
b2ce866408709e3ba155f339e97b8405,8dd1c4e88c1db62830ab1f7c56b6ee42,delivered,2018-05-04 00:12:31,2018-05-05 00:13:52,2018-05-07 13:37:00,2018-05-16 17:19:18,2018-06-12,1,9e6229250fedbe05838fef417b74e7fb,199.9,27.48,2018-05-10 00:13:52,RS,98794,SP,16800,3.5586689814814814,9.154375,-26.27826388888889,0,0,on_time,3.0,SP->RS
3a545de1e0e068eedf5535c5d3a39838,b42b585944a004bd4d474f531012bba6,delivered,2018-01-30 09:40:05,2018-02-01 03:11:51,2018-02-07 22:28:56,2018-02-19 18:55:51,2018-02-22,1,1f50f920176fa81dab994f9023523100,99.8,35.2,2018-02-07 03:11:51,MG,30535,SP,15025,8.533923611111112,11.852025462962963,-2.211215277777778,0,1,on_time,3.0,SP->MG
03ea231452f07988edc699573fb971d7,34a2a828531db1ef9254ee073b8aa9d3,delivered,2017-04-12 22:03:12,2017-04-12 22:15:20,2017-04-17 09:45:23,2017-06-01 10:47:43,2017-05-04,1,701938c450705b8ae65fc923b70f35c7,207.94,48.02,2017-04-18 22:15:20,SP,13145,SP,15014,4.487627314814815,45.04328703703704,28.449803240740746,1,0,carrier,1.0,SP->SP
cb64fe77f78101ce43bdffc7be77c9a4,d0c07cdd5cde8cb9b6fb2d7a32060211,delivered,2018-05-03 22:33:14,2018-05-03 22:52:50,2018-05-04 15:48:00,2018-05-09 18:26:50,2018-05-30,1,e256a62e0ac58c0edfba09966142d561,79.0,23.13,2018-05-09 22:52:50,SP,15041,PR,81320,0.718587962962963,5.110300925925926,-20.231365740740745,0,0,on_time,4.0,PR->SP
ccefed81ada949952e76166b19f2b723,4ac279df237d79f58d8b70addc6e5d4d,delivered,2017-05-28 23:57:50,2017-05-29 01:10:25,2017-05-30 14:33:27,2017-06-07 16:05:27,2017-06-23,1,25e47381a6c510ddeb36084e33b89f0c,95.9,17.92,2017-06-02 01:10:25,ES,29141,SP,11720,1.6080671296296296,8.063888888888888,-15.329548611111113,0,0,on_time,3.0,SP->ES
b69757ea131affc405c02bb3b04e9a69,f99b5ad76ac1085ae3628a3dc0eff0af,delivered,2018-04-03 21:42:57,2018-04-03 21:50:24,2018-04-04 18:12:29,2018-04-05 19:04:13,2018-04-18,1,da8622b14eb17ae2831f4ac5b9dab84a,94.8,16.35,2018-04-09 21:50:24,SP,6709,SP,13405,0.8538425925925925,1.035925925925926,-12.205405092592592,0,0,on_time,5.0,SP->SP
5cebddc9f18e00d1cdbc79c8b456a0d1,af96b52dd49cd0d1a9d4447d2321d3fc,delivered,2018-02-24 14:14:58,2018-02-24 14:30:27,2018-03-03 00:27:52,2018-04-02 23:46:35,2018-03-20,1,3b15288545f8928d3e65a8f949a28291,159.99,21.61,2018-03-02 14:30:27,RJ,21920,SP,14940,6.425625,30.97133101851852,13.990682870370373,1,1,seller,1.0,SP->RJ
afb45414100054ba4a61c3fd695ec72b,28b262124355fd4a2cb7c60d28d27d28,delivered,2018-06-30 15:21:43,2018-07-02 09:50:15,2018-07-03 09:40:00,2018-07-12 23:02:58,2018-07-27,1,09f952a5f58d2285b0372551ae8f9b01,101.0,20.98,2018-07-05 09:50:15,CE,60862,SP,9725,2.762696759259259,9.55761574074074,-14.03960648148148,0,0,on_time,5.0,SP->CE
32ee8636a1273b8d63c0bcedaba76ff0,83630d4bc2cf2f95fc1e41b054deb8ec,delivered,2017-12-19 23:35:40,2017-12-21 02:12:40,2017-12-23 00:54:55,2018-01-02 16:47:08,2018-01-24,1,e06f09ec0a4aca210779cf1cfc63cf19,155.0,16.85,2017-12-28 02:12:40,RS,95960,SP,4773,3.055034722222222,10.661261574074071,-21.30060185185185,0,0,on_time,5.0,SP->RS
21210d0eb0ac7cb1b22057ff1eca09c5,bec2a570fb950359c8f4b1a0385c989b,delivered,2018-03-19 22:00:59,2018-03-19 22:15:47,2018-03-22 19:29:41,2018-04-11 23:58:47,2018-04-12,1,ea8482cd71df3c1969d7b9473ff13abc,29.99,15.23,2018-03-25 22:15:47,RS,90470,SP,4160,2.894930555555556,20.186875,-0.0008449074074074,0,0,on_time,5.0,SP->RS
5c5498d2fc63858d7ce6ba37c49bbbb4,9e112f2180e48b28884e9c87f1bd87a7,delivered,2017-08-29 20:39:23,2017-08-29 20:50:18,2017-08-30 13:16:25,2017-08-31 20:10:08,2017-09-18,1,259f7b5e6e482c230e5bfaa670b6bb8f,54.9,13.08,2017-09-04 20:50:18,SP,6663,SP,8550,0.6923842592592593,1.2873032407407408,-17.15962962962963,0,0,on_time,5.0,SP->SP
4d9190887b47ff1b89c657c788c038f6,27de1b0b80d5ee4f8fadbb63fcb78906,delivered,2018-08-10 15:11:34,2018-08-10 15:24:50,2018-08-13 14:26:00,2018-08-15 11:56:32,2018-08-24,1,c70a353f02429c00775a46a75fb787da,38.5,15.37,2018-08-14 15:24:50,MG,33400,SP,8275,2.9683564814814813,1.896203703703704,-8.502407407407407,0,0,on_time,3.0,SP->MG
5d502df088caeaef73c83de571ef31d7,3ed3b8e6500fffcf751b8861174195f3,delivered,2018-02-19 23:20:19,2018-02-20 00:26:53,2018-02-21 16:22:26,2018-03-10 16:36:36,2018-03-16,1,6560211a19b47992c3666cc44a7e94c0,75.0,14.28,2018-02-26 00:26:53,RS,90870,SP,5849,1.7098032407407406,17.009837962962962,-5.307916666666666,0,0,on_time,4.0,SP->RS
33155e3c770d0aeb3c0e7d431e6b420d,dfb4280815288634f90fd842753443fe,delivered,2018-07-04 10:14:33,2018-07-05 16:32:50,2018-07-04 16:13:00,2018-07-11 21:56:26,2018-08-07,1,4a3ca9315b744ce9f8e9374361493884,79.9,23.36,2018-07-06 10:31:30,RJ,23555,SP,14940,0.2489236111111111,7.23849537037037,-26.085810185185185,0,0,on_time,5.0,SP->RJ
a0fb93bd5792f18bb55f4dde921ed0cb,568b842cd1debf5c70b350e7fa0b1a1b,delivered,2017-12-27 10:25:49,2017-12-28 02:35:50,2017-12-28 21:39:06,2018-01-03 20:05:23,2018-01-23,1,9b013e03b2ab786505a1d3b5c0756754,31.49,15.1,2018-01-04 02:35:50,PR,81580,SP,11450,1.4675578703703704,5.934918981481482,-19.16292824074074,0,0,on_time,5.0,SP->PR
cda07ad4f2f777317f2d6b2e3621a5cd,75d2b9b168cf65e5c1865ce4d1745ebb,delivered,2017-09-25 10:02:03,2017-09-26 03:24:49,2017-09-28 13:43:44,2017-09-29 18:44:59,2017-10-11,1,373ee4a3a775a733770ca3f790b8b9ac,41.58,8.9,2017-10-02 03:24:49,RJ,24040,RJ,22793,3.1539467592592594,1.2092013888888888,-11.218761574074074,0,0,on_time,4.0,RJ->RJ
73211682c98aac44eb45ceae86828386,6386b3c166607a58cb5cbf07bc80d650,delivered,2017-12-11 15:48:54,2017-12-11 15:57:27,2017-12-12 22:32:39,2017-12-19 19:46:05,2018-01-04,1,900ba814c251a692506d7834c1218441,414.62,23.91,2017-12-15 15:57:27,SP,14160,SP,13328,1.2803819444444444,6.884328703703703,-15.17633101851852,0,0,on_time,5.0,SP->SP
27ccb594bc1f76fe69a6625b71321af9,11eb05d12c1bedd3740c8e4b91d84d1a,delivered,2018-05-14 21:04:36,2018-05-14 21:29:41,2018-05-15 14:03:00,2018-05-17 19:59:34,2018-05-28,1,1e8b33f18b4f7598d87f5cbee2282cc2,156.99,18.68,2018-05-16 21:29:41,MG,30160,SP,2066,0.7072222222222222,2.247615740740741,-10.166967592592592,0,0,on_time,5.0,SP->MG
7badee5c2f143381b7002bfbba9037b8,7a95f1b494f0062025b63b3193421690,delivered,2017-06-14 13:40:50,2017-06-15 03:10:43,2017-06-16 14:38:42,2017-06-22 17:33:26,2017-07-07,1,e26901d5ab434ce92fd9b5c256820a4e,49.9,17.6,2017-06-21 03:10:43,PR,84061,SP,9350,2.040185185185185,6.121342592592592,-14.268449074074072,0,0,on_time,5.0,SP->PR
88138c1ad58f2e3eb654cfc1ba222742,edfacba557aa99092bb3d28b74fec87a,delivered,2017-03-23 20:15:11,2017-03-24 18:35:23,2017-03-27 13:34:50,2017-03-31 19:10:06,2017-04-18,1,44073f8b7e41514de3b7815dd0237f4f,249.6,18.18,2017-03-30 18:35:23,SP,5367,DF,71070,3.721979166666667,4.232824074074074,-17.201319444444444,0,0,on_time,4.0,DF->SP
f3bd551f3e8da9ba257cc4f68e4b89f9,7c712a74cad1920cb6fde4480a378dbc,delivered,2018-03-02 15:36:06,2018-03-03 16:21:19,2018-03-08 17:27:24,2018-03-29 14:26:41,2018-03-28,1,3db66a856d18a9cba7c9241fc5221c50,69.9,35.81,2018-03-08 15:30:46,MA,65415,MG,35430,6.0772916666666665,20.874502314814816,1.601863425925926,1,1,seller,5.0,MG->MA
88a82da4cb2eb4723c9965285fe826c9,cca5d26d25eee25b59a3f801a6fe855e,delivered,2018-08-10 13:37:19,2018-08-10 13:50:19,2018-08-14 13:16:00,2018-08-20 16:46:59,2018-08-27,1,4c18691b6037662be2df78a765d98ab5,25.0,15.28,2018-08-15 13:50:19,RJ,23070,SP,3167,3.985196759259259,6.146516203703704,-6.300706018518518,0,0,on_time,4.0,SP->RJ
c1e8a7211f3b7ecb71cf5e740ad0e3ad,40d72d9a2f89a765b140530775e75495,delivered,2018-04-09 19:32:06,2018-04-09 19:50:54,2018-04-12 21:46:50,2018-04-19 20:50:42,2018-05-07,1,609e1a9a6c2539919b8205cf7c4e6ff0,59.9,19.39,2018-04-13 19:50:54,SP,16360,SC,88359,3.093564814814815,6.961018518518519,-17.131458333333335,0,0,on_time,2.0,SC->SP
3cb36784c17acb3eca55ded497da243d,36907fae21e0e2580f53529e419203e5,delivered,2017-10-26 09:32:45,2017-10-27 03:06:47,2017-10-27 20:41:44,2017-10-28 11:31:58,2017-11-08,1,7b07b3c7487f0ea825fc6df75abd658b,12.0,7.78,2017-11-03 03:06:47,SP,1423,SP,2016,1.4645717592592593,0.6182175925925926,-10.519467592592592,0,0,on_time,5.0,SP->SP
d6e32818428593eefe8ffd7e15acb83e,784210ee365c635556aeb69e14e072fc,delivered,2016-10-10 14:02:01,2016-10-12 03:01:36,2016-10-16 04:01:38,2016-10-19 04:01:38,2016-12-16,1,f4aba7c0bca51484c30ab7bdc34bcdd1,39.7,29.32,2016-10-16 04:01:38,RR,69309,SP,1031,5.5830671296296295,3.0,-57.83219907407408,0,0,on_time,4.0,SP->RR
da6e14bf496bcc88c9a7e04053030e11,2c9aff9e7bc8f51885fcccf14cb2ed3d,delivered,2017-07-19 04:52:55,2017-07-19 05:03:19,2017-07-19 14:07:01,2017-07-24 19:37:39,2017-08-08,1,a3e9a2c700480d9bb01fba070ba80a0e,130.0,16.47,2017-07-25 05:03:19,SP,13870,SP,14940,0.3847916666666666,5.229606481481482,-14.1821875,0,0,on_time,5.0,SP->SP
c51f25e565a1b4a03be6979f4661a585,38cac1776e7f4cca67c47a655eca20b0,delivered,2018-08-20 11:33:30,2018-08-20 15:15:36,2018-08-20 14:52:00,2018-08-23 20:22:38,2018-09-24,1,671585f5a2af58b6e276bc01003c0d2b,134.0,17.87,2018-08-22 15:15:36,RJ,22640,PR,80510,0.1378472222222222,3.2296064814814813,-31.150949074074077,0,0,on_time,5.0,PR->RJ
61b1a739fc2fb8f8efc10539082c16a1,d1578919c3fcaa8b8e5b4e43019af611,delivered,2018-06-18 13:25:10,2018-06-19 11:18:50,2018-06-20 14:13:00,2018-07-03 18:41:38,2018-07-26,1,9e6229250fedbe05838fef417b74e7fb,319.8,86.8,2018-06-22 11:18:50,PA,66083,SP,16800,2.0332175925925924,13.186550925925928,-22.22108796296296,0,0,on_time,5.0,SP->PA
0a2de338241b69893fc167f8d0970349,469451c2725ae0ccef5f959bdc62108c,delivered,2018-06-18 11:53:54,2018-06-18 12:37:23,2018-06-18 13:49:00,2018-06-26 21:05:43,2018-07-17,1,a3a38f4affed601eb87a97788c949667,95.0,23.82,2018-06-21 12:31:15,RJ,27963,SC,89204,0.0799305555555555,8.303275462962963,-20.121030092592594,0,0,on_time,5.0,SC->RJ
1bc1ac5e4876ad4e4459fe6aa516ddc5,f385f36d3294e4cf066cb4e2b4dc8afd,delivered,2017-09-15 22:00:19,2017-09-15 22:10:16,2017-09-20 20:07:43,2017-09-29 14:57:48,2017-10-06,1,da8622b14eb17ae2831f4ac5b9dab84a,89.9,17.88,2017-09-20 22:10:16,RJ,23095,SP,13405,4.921805555555555,8.784780092592593,-6.376527777777778,0,0,on_time,3.0,SP->RJ
4de6fae240d7acb7e1a830665d941ae2,f9abf42c35fd606941b375dd45637434,delivered,2017-03-13 19:11:34,2017-03-13 19:11:34,2017-03-15 07:32:09,2017-03-23 11:27:42,2017-04-06,1,e26901d5ab434ce92fd9b5c256820a4e,34.9,14.52,2017-03-22 19:11:34,PR,84061,SP,9350,1.5142939814814815,8.163576388888888,-13.522430555555555,0,0,on_time,5.0,SP->PR
29148c99dc1bb0cf8aa0a5440a583d84,a80e0913b605daeea15416afdcff05a7,delivered,2018-06-07 18:38:09,2018-06-07 18:55:47,2018-06-08 13:22:00,2018-06-14 00:48:34,2018-07-03,1,634964b17796e64304cadf1ad3050fb7,399.0,18.76,2018-06-15 18:55:47,SP,2245,RJ,21840,0.7804513888888889,5.476782407407407,-18.966273148148147,0,0,on_time,5.0,RJ->SP
475222e589bbaeac43093fcf2c855301,5df9d74d1d062721c63f353c1fa4eec0,delivered,2018-07-30 12:48:54,2018-08-01 03:31:53,2018-08-10 13:16:00,2018-08-15 20:32:34,2018-08-24,1,99002261c568a84cce14d43fcffb43ea,100.0,17.63,2018-08-10 02:50:21,DF,71510,MT,78095,11.018819444444444,5.303171296296297,-8.144050925925926,0,1,on_time,5.0,MT->DF
0dab99a238b965b106fea183eccaee3b,61785716554ceab5dd02f81e6da75309,delivered,2017-07-11 12:41:24,2017-07-11 12:50:23,2017-07-12 15:13:38,2017-07-21 16:47:45,2017-08-02,1,6560211a19b47992c3666cc44a7e94c0,89.0,14.37,2017-07-17 12:50:23,MG,30190,SP,5849,1.1057175925925926,9.065358796296296,-11.300173611111113,0,0,on_time,4.0,SP->MG
caa0b1f68d02953d97d190e4e4e7191e,0c8759a1a356f990be39ac310965786c,delivered,2017-03-09 20:28:23,2017-03-09 20:28:23,2017-03-15 12:03:53,2017-03-24 15:08:41,2017-03-30,1,cf2384dd2f1dddea3f838efed0945e65,129.9,23.9,2017-03-15 20:28:23,DF,71699,SP,13930,5.649652777777778,9.128333333333334,-5.368969907407408,0,0,on_time,5.0,SP->DF
3bddb2b41050ba947411a0fc9143fcbd,7e6e52c237a37ca567ec907c3dc6a93f,delivered,2018-07-06 17:25:48,2018-07-06 17:35:11,2018-07-10 15:48:00,2018-07-13 21:51:47,2018-07-31,1,c510bc1718f0f2961eaa42a23330681a,119.9,15.94,2018-07-12 17:35:11,RJ,25545,SP,13330,3.932083333333333,3.2526273148148146,-17.089039351851852,0,0,on_time,5.0,SP->RJ
c378d1766ed412f14e38a4fd8547f9e9,4b0dbdea9ec36d6a05622ae783368715,delivered,2017-10-05 11:59:00,2017-10-05 12:07:19,2017-10-05 17:22:46,2017-10-09 17:38:53,2017-10-24,1,3c7c4a49ec3c6550809089c6a2ca9370,13.99,7.78,2017-10-11 12:07:19,SP,4536,SP,3804,0.2248379629629629,4.01119212962963,-14.264664351851852,0,0,on_time,3.0,SP->SP
3776ca53eef7dc944d1b615e9ec3ad36,58c9cac8b8d827ecd1854a007b921fca,delivered,2018-06-27 09:36:14,2018-06-28 02:15:49,2018-06-28 11:09:00,2018-07-04 10:24:40,2018-07-20,1,6560211a19b47992c3666cc44a7e94c0,49.0,15.44,2018-07-02 02:15:49,GO,74150,SP,5849,1.0644212962962962,5.969212962962963,-15.566203703703705,0,0,on_time,5.0,SP->GO
0aa31b21d8142ae99420dec2c667e869,398d40045df6bd85c62cc47e4f5715d2,delivered,2018-03-14 12:19:11,2018-03-14 12:30:32,2018-03-15 20:38:24,2018-03-22 22:17:33,2018-04-02,1,955fee9216a65b617aa5c0531780ce60,120.0,18.92,2018-03-20 12:30:32,SP,15804,SP,4782,1.3466782407407407,7.068854166666667,-10.071145833333333,0,0,on_time,5.0,SP->SP
c603557da211df150d679fa72fdf25a3,252c6185f3c1f1fa5a201249fd902885,delivered,2017-09-13 18:30:53,2017-09-13 18:44:16,2017-09-14 18:56:44,2017-09-22 20:52:23,2017-10-06,1,c864036feaab8c1659f65ea4faebe1da,139.9,17.42,2017-09-19 18:44:16,MG,37560,PR,83605,1.017951388888889,8.0803125,-13.130289351851852,0,0,on_time,5.0,PR->MG
d73a3a52a8b9b8430deede6d0491ae54,a26836b9cfc40d714e38cff84bf5381f,delivered,2017-11-14 22:50:15,2017-11-14 23:06:55,2017-11-16 20:34:37,2017-12-05 18:53:18,2017-12-11,1,77530e9772f57a62c906e1c21538ab82,98.0,42.38,2017-11-20 23:06:25,PE,55340,PR,80310,1.9058101851851847,18.929641203703703,-5.212986111111111,0,0,on_time,5.0,PR->PE
a20df1b1076ed252dc37fa9687207e02,172f6c5da4c886b4013514d6de6b44b8,delivered,2018-02-26 19:04:56,2018-02-26 19:40:32,2018-02-27 18:28:40,2018-03-16 17:58:54,2018-03-29,1,aaed1309374718fdd995ee4c58c9dfcd,150.9,27.6,2018-03-02 19:31:40,ES,29830,SC,89120,0.9748148148148148,16.979328703703704,-12.250763888888889,0,0,on_time,5.0,SC->ES
9d3086bce114e0c19770559e454cee69,7340e81f47c6ff6704d2e7b9631f9680,delivered,2017-11-24 16:56:28,2017-11-24 20:37:45,2017-11-27 18:13:06,2017-12-06 18:27:46,2017-12-19,1,6a8b085f816a1f75f92dbac6eb545f8f,51.9,15.11,2017-11-30 20:37:45,GO,75701,SP,14709,3.0532175925925924,9.010185185185184,-12.230717592592592,0,0,on_time,3.0,SP->GO
530368768e371e6f8068c3209e1157d9,5fb87f13f6e166bc643d22685cee47c1,delivered,2017-06-25 10:27:13,2017-06-27 04:10:27,2017-06-27 16:27:39,2017-07-17 19:52:17,2017-07-20,1,cb9fb4ca75d7ba8437480e8dde64fe98,49.98,16.6,2017-07-03 04:10:27,DF,71990,SP,3551,2.250300925925926,20.14210648148148,-2.172025462962963,0,0,on_time,4.0,SP->DF
a049b2eaf54fe7b9f51cf4c143a41db5,186e919682f5a6678f5f553a6e04a457,delivered,2018-01-31 20:24:17,2018-01-31 20:49:42,2018-02-03 10:27:33,2018-02-21 22:56:57,2018-02-26,1,0ffa40d54288e4f3499b8780dd0f144f,22.0,15.1,2018-02-06 20:49:42,RJ,28915,SP,19013,2.585601851851852,18.520416666666662,-4.043784722222222,0,0,on_time,5.0,SP->RJ
dd5d0d5c3c3b67e1e49686ecc9b692fc,850bcfeeb815f00c7cb4220f29a331c6,delivered,2017-12-02 00:52:34,2017-12-05 04:15:40,2017-12-07 00:39:53,2018-01-08 23:39:10,2018-01-05,1,6edacfd9f9074789dad6d62ba7950b9c,107.9,18.33,2017-12-11 04:15:40,BA,48010,SP,7135,4.9911921296296295,32.95783564814815,3.985532407407408,1,0,carrier,5.0,SP->BA
8ac8caf128f503ff9cf86d1838fcd2ec,d2c14f1780dff884fbce12665db380a3,delivered,2017-11-28 22:00:53,2017-11-30 15:37:30,2017-12-04 19:52:09,2017-12-11 20:51:43,2017-12-21,1,53243585a1d6dc2643021fd1853d8905,235.9,18.93,2017-12-06 15:37:30,MG,31550,BA,42738,5.910601851851852,7.041365740740741,-9.130752314814815,0,0,on_time,5.0,BA->MG
14b28f4fb9a1df2b37343827f4ee5a33,be9bdf8c1114f88292e34320765d19ae,delivered,2017-12-03 14:39:31,2017-12-03 14:55:29,2017-12-08 19:17:06,2017-12-11 12:28:07,2017-12-20,1,643214e62b870443ccbe55ab29a4dccf,32.0,7.78,2017-12-07 14:55:29,SP,13470,SP,2134,5.192766203703704,2.7159837962962965,-8.480474537037036,0,1,on_time,5.0,SP->SP
617a1be8a890f200080c6a798674e06a,c73b90e099cd1517cb2d1bb468de9a7a,delivered,2018-08-13 22:13:12,2018-08-13 22:25:10,2018-08-14 14:23:00,2018-08-15 23:13:48,2018-08-17,1,d13e50eaa47b4cbe9eb81465865d8cfc,82.0,8.73,2018-08-16 22:25:10,SP,9220,SP,9210,0.6734722222222222,1.368611111111111,-1.0320833333333332,0,0,on_time,5.0,SP->SP
863211f4868ae3a9ed08ffcf86768db3,c59c7b7a32a7c7eb90cc00a60bc1dcaa,delivered,2017-05-22 19:26:47,2017-05-22 19:35:11,2017-05-23 15:25:09,2017-05-25 16:47:39,2017-06-16,1,5c243662ce92d84573bfaff24c3e3700,467.0,18.02,2017-05-30 19:35:11,MG,38400,SP,3702,0.8321990740740741,2.0572916666666665,-21.300243055555555,0,0,on_time,5.0,SP->MG
d905ef2a3ee51aff370cf4ca43eb5e8d,8173731cfd6e1b3cf14eb346dbb2b3a3,delivered,2018-05-28 16:08:37,2018-05-29 16:12:20,2018-06-01 15:35:00,2018-06-06 17:20:52,2018-07-12,1,87142160b41353c4e5fca2360caf6f92,19.9,18.23,2018-06-06 16:12:20,SP,13877,RS,90230,3.9766550925925928,5.073518518518519,-35.277175925925924,0,0,on_time,5.0,RS->SP
1fdcd855bcc9c63049c1f9196d3c7565,d8fae274759d18fa94cc3a93590abbf5,delivered,2017-12-26 05:53:05,2017-12-28 02:37:35,2017-12-28 18:49:16,2018-01-03 17:07:29,2018-01-23,1,f08c008c8a8d31417763738a1788a2a8,39.9,14.1,2018-01-04 02:37:35,SC,88066,PR,85875,2.539016203703704,5.92931712962963,-19.286469907407408,0,0,on_time,5.0,PR->SC
7ab41e111c9259cb0c56f80621a6ebf3,b9e243ad4599340ba74a7a68aa23a300,delivered,2017-07-15 19:10:59,2017-07-15 19:25:16,2017-07-17 19:12:07,2017-07-20 22:29:26,2017-08-08,1,6cd68b3ed6d59aaa9fece558ad360c0a,109.9,15.53,2017-07-20 19:25:16,SP,8740,MG,31255,2.000787037037037,3.137025462962963,-18.06289351851852,0,0,on_time,3.0,MG->SP
ee9b8c41892be7b578ef5756d88fcf49,26f48ed86b20e6de057bac58888e633d,delivered,2017-12-30 18:04:46,2018-01-02 17:28:54,2018-01-03 20:06:35,2018-01-08 19:24:22,2018-01-26,1,0ea22c1cfbdc755f86b9b54b39c16043,34.9,14.1,2018-01-08 17:28:54,SP,1203,MG,35700,4.084594907407407,4.9706828703703705,-17.191412037037036,0,0,on_time,5.0,MG->SP
d002a94b221c08e6dd8ed72e7662d31d,367fd22f1e994de87cf447d29c167a1f,delivered,2018-05-16 18:37:58,2018-05-16 18:57:28,2018-05-17 13:35:00,2018-06-17 15:14:46,2018-06-19,1,6e386f64c84e482f0b9abf960797ee1b,797.6,43.63,2018-05-18 18:57:28,PA,68440,SP,1539,0.7896064814814815,31.069282407407407,-1.3647453703703705,0,0,on_time,5.0,SP->PA
c577aae17cbefe7f45972f2b2f06a760,b40e9509ac043645de6ac145ce787a3f,delivered,2017-07-09 11:27:14,2017-07-09 11:43:23,2017-07-10 20:37:55,2017-07-13 21:17:52,2017-08-01,1,3be634553519fb6536a03e1358e9fdc7,49.9,16.16,2017-07-13 11:43:23,SC,88220,SP,8275,1.3824189814814816,3.027743055555556,-18.11259259259259,0,0,on_time,5.0,SP->SC
a9a75c64cb5e9f7bc92e68ec13f05c45,2bd2bb24b32d017bb23235299984f0b7,delivered,2018-04-03 12:39:58,2018-04-04 03:15:30,2018-04-04 20:52:36,2018-04-05 22:12:48,2018-04-20,1,b56906f7fd1696e043f1bcce164c487b,59.0,17.32,2018-04-10 03:15:30,SP,11075,SP,19830,1.3421064814814814,1.0556944444444445,-14.074444444444444,0,0,on_time,5.0,SP->SP
be33eea0051d8447b4c2ed4e7ac7be35,b91129706b580d867531feec323a1fda,delivered,2018-04-24 20:23:21,2018-04-24 20:33:31,2018-04-26 14:58:00,2018-04-30 14:04:57,2018-05-16,1,f7720c4fa8e3aba4546301ab80ea1f1b,16.75,15.23,2018-04-30 20:30:29,SP,9811,PR,81350,1.7740625,3.963159722222222,-15.413229166666667,0,0,on_time,4.0,PR->SP
8c510c44b51565dc8e76fca5cb99f860,038c357f0618e32eadd4f356a6c1229a,delivered,2018-02-27 14:01:27,2018-02-27 14:15:26,2018-02-28 21:37:20,2018-03-09 20:44:43,2018-03-23,1,3078096983cf766a32a06257648502d1,229.69,18.86,2018-03-05 14:15:26,DF,71060,SP,13720,1.3165856481481482,8.963460648148148,-13.135613425925929,0,0,on_time,3.0,SP->DF
2fc4ba497db1306b9048aceaf0f7e5a9,3ebebafcab1829291818288df19d4def,delivered,2017-09-22 11:41:58,2017-09-23 02:30:13,2017-09-27 18:17:09,2017-10-03 22:40:12,2017-10-19,1,9d5a9018aee56acb367ba9c3f05d1d6a,284.66,39.68,2017-09-28 02:30:13,RJ,20040,GO,74930,5.2744328703703705,6.182673611111111,-15.055416666666666,0,0,on_time,5.0,GO->RJ
c69c8612c1fa919f232d370c41cbffd7,0241277be857dc59ae544ccac12b3e19,delivered,2017-04-19 08:56:39,2017-04-19 09:05:16,2017-04-19 15:51:57,2017-05-03 00:09:39,2017-05-11,1,7299e27ed73d2ad986de7f7c77d919fa,49.99,14.52,2017-04-26 09:05:16,SP,17516,MG,38440,0.2884027777777778,13.345625,-7.993298611111111,0,0,on_time,5.0,MG->SP
8ad3c90054f697a24d150f97f9895638,b42bdafa270ca0623232c9899d5e8f3e,delivered,2018-05-13 22:32:35,2018-05-13 22:53:50,2018-05-14 14:54:00,2018-05-26 18:18:22,2018-06-05,1,46dc3b2cc0980fb8ec44634e21d2718e,219.99,18.25,2018-05-17 22:53:50,RS,90650,RJ,22240,0.6815393518518519,12.141921296296296,-9.23724537037037,0,0,on_time,5.0,RJ->RS
323d6a7119864c4c95a2a27b45e89b6c,fa5219bde84730e0838778c84e2989c7,delivered,2017-08-19 11:09:55,2017-08-19 11:25:35,2017-08-21 19:04:24,2017-08-25 11:22:58,2017-09-11,1,7aa4334be125fcdd2ba64b3180029f14,25.99,12.69,2017-08-24 11:25:35,SP,13440,SP,18500,2.329502314814815,3.679560185185186,-16.525717592592592,0,0,on_time,4.0,SP->SP
93c0ee237d690478ecc66db76b8365f4,d6bbe1b73b3a86b33c5cdb0b4a8bf0df,delivered,2018-03-02 09:12:25,2018-03-02 09:29:46,2018-03-06 23:41:36,2018-03-23 00:28:38,2018-03-20,1,ea8482cd71df3c1969d7b9473ff13abc,29.99,11.85,2018-03-08 09:29:46,SP,19400,SP,4160,4.603599537037037,16.03266203703704,3.019884259259259,1,0,carrier,1.0,SP->SP
f46b842d9b4dfd29acf5eec998837ede,97fd3f96bfd52233a59ed171a7356cf4,delivered,2018-07-12 22:21:00,2018-07-12 22:35:17,2018-08-02 05:34:00,2018-08-06 17:36:46,2018-08-02,1,06a2c3af7b3aee5d69171b0e14f0ee87,122.99,17.05,2018-07-19 22:35:17,PI,64002,MA,65072,20.30069444444445,4.501921296296296,4.7338657407407405,1,1,seller,5.0,MA->PI
b9caafcfce2316e8aa42f6cf6327ff02,658803300e83c073de1a1f06079a0328,delivered,2018-01-19 22:20:50,2018-01-23 03:37:22,2018-01-24 23:38:36,2018-01-29 14:12:06,2018-02-05,1,955fee9216a65b617aa5c0531780ce60,44.99,11.73,2018-01-29 03:37:22,SP,18115,SP,4782,5.054004629629629,4.606597222222222,-6.4082638888888885,0,0,on_time,4.0,SP->SP
41c4425628d692f2d1b59c3c6702429e,f6ad5197bd024e5869639d4891a326ce,delivered,2018-02-13 17:27:56,2018-02-15 04:11:10,2018-02-16 02:18:33,2018-03-14 22:11:23,2018-03-20,1,7a67c85e85bb2ce8582c35f2203ad736,229.99,34.06,2018-02-21 03:11:10,PA,68040,SP,3426,2.3684837962962964,26.82835648148148,-5.075428240740741,0,0,on_time,4.0,SP->PA
57990cc544625b86e3401474cdc330c4,a0f111cd11fbb15a83cf5221eda97cee,delivered,2017-07-07 16:59:21,2017-07-07 17:10:11,2017-07-19 18:22:13,2017-07-26 22:47:37,2017-08-04,1,855668e0971d4dfd7bef1b6a4133b41b,28.0,15.1,2017-07-19 17:10:11,MG,36087,SP,13257,12.057546296296296,7.184305555555556,-8.050266203703703,0,1,on_time,5.0,SP->MG
64a364c5de0cfda3d0621b433b516203,8c9b0172c7793cf0798ce58ee3bfb94b,delivered,2018-05-16 15:46:44,2018-05-16 16:14:39,2018-05-18 08:56:00,2018-06-05 17:56:40,2018-06-07,1,32b8764b4ef628b53608fc34011fcc13,359.0,140.4,2018-05-18 16:14:39,SP,9570,SC,88504,1.7147685185185184,18.375462962962963,-1.2523148148148149,0,0,on_time,3.0,SC->SP
b07914d5df46f9add3a5c708315da507,27001c4612819736a6967d93c88a1c32,delivered,2017-10-29 17:27:58,2017-10-29 17:35:42,2017-11-06 19:41:32,2017-11-14 17:45:09,2017-11-23,1,7178f9f4dd81dcef02f62acdf8151e01,89.9,12.88,2017-11-08 17:35:12,SC,89203,SC,89560,8.09275462962963,7.919178240740741,-8.2603125,0,0,on_time,4.0,SC->SC
cd1eb285c53babf41b30ec658c0bf122,6ea8b8c44170030252975e4c32c8b214,delivered,2018-04-02 17:17:33,2018-04-02 17:30:27,2018-04-06 00:34:41,2018-04-09 21:58:35,2018-04-24,1,4e922959ae960d389249c378d1c939f5,180.0,17.8,2018-04-11 17:30:27,MG,30170,SP,12327,3.303564814814815,3.8915972222222224,-14.08431712962963,0,0,on_time,4.0,SP->MG
070fcffce3b0a655482d4f5f11607599,b82fcfbb09d3c02e8a173bb8b02e6504,delivered,2018-07-19 04:16:59,2018-07-20 12:15:16,2018-07-30 06:43:00,2018-08-06 11:22:03,2018-08-09,1,271c58a1d139c45eaf3316107c6d3a3b,140.0,23.78,2018-07-27 12:15:16,MS,79830,SP,3632,11.101400462962962,7.193784722222222,-2.5263541666666667,0,1,on_time,1.0,SP->MS
12437f8c2f1cd4825ce82cc6e42ec5a6,00eb46a6c173fdad0c058d8650deefd9,delivered,2017-07-05 17:24:19,2017-07-06 06:45:19,2017-07-13 20:39:30,2017-07-15 12:28:39,2017-07-25,1,74c7dec0a384d8a05950e629bd23bde9,28.9,12.69,2017-07-12 06:45:19,SP,5717,SP,13845,8.135543981481481,1.6591319444444443,-9.480104166666669,0,1,on_time,2.0,SP->SP
cefb2c1509c176244d633a5f3f38e24b,0bb7a259af35271edd61b190f9cb78be,delivered,2017-11-24 21:21:02,2017-11-25 00:17:50,2017-11-27 18:17:11,2017-12-02 16:52:01,2017-12-18,1,46dc3b2cc0980fb8ec44634e21d2718e,99.99,20.19,2017-11-30 00:17:50,ES,29101,RJ,22240,2.872326388888889,4.9408564814814815,-15.297210648148148,0,0,on_time,3.0,RJ->ES
2f9615837f509124f0c936dbd93855ac,15357da0aa538a1e5efabe63f0d71095,delivered,2018-08-08 10:25:10,2018-08-08 10:35:19,2018-08-08 11:35:00,2018-08-13 19:38:27,2018-08-16,1,8a432f4e5b471f8da497d7dc517666e2,69.0,14.79,2018-08-10 10:35:19,SP,13010,SP,19042,0.0484953703703703,5.335729166666667,-2.1816319444444443,0,0,on_time,5.0,SP->SP
3749ffb24b4dec6d0cab14cb31e4fa94,c778451490bd2d62f6748492ed4068ac,delivered,2017-11-15 13:09:18,2017-11-15 13:26:53,2017-11-17 23:39:28,2017-11-27 20:53:53,2017-12-07,1,17e34d8224d27a541263c4c64b11a56b,196.5,17.2,2017-11-21 13:26:23,MG,30575,SP,14085,2.437615740740741,9.885011574074074,-9.129247685185184,0,0,on_time,5.0,SP->MG
f16ed2117bb2fa5b3d151a031c9cae37,a0d33732ba41944e1a398fd620db4aba,delivered,2017-10-13 06:14:02,2017-10-13 06:28:12,2017-10-16 16:39:39,2017-10-26 21:43:41,2017-11-01,1,46dc3b2cc0980fb8ec44634e21d2718e,299.0,21.58,2017-10-19 07:28:12,MG,31035,RJ,22240,3.4344560185185187,10.21113425925926,-5.094664351851852,0,0,on_time,5.0,RJ->MG
c27941f0a7135ca5f13f3c07ea6b1d28,c46c509b0f184dbaa98821e375af3fbc,delivered,2017-08-07 10:00:46,2017-08-08 05:40:17,2017-08-08 18:32:21,2017-08-11 17:17:49,2017-09-04,1,75fbb52eda0cbc24f479d3b2fbfa8d3e,16.9,17.63,2017-08-14 04:31:52,SP,1453,GO,74560,1.3552662037037038,2.948240740740741,-23.27929398148148,0,0,on_time,5.0,GO->SP
b07725548a706259d0cbc2aeaa780e18,72cb865e318f4077360bcfb50098f7eb,delivered,2017-03-02 16:03:14,2017-03-02 16:15:15,2017-03-03 14:44:44,2017-03-21 03:58:29,2017-03-29,1,0ea22c1cfbdc755f86b9b54b39c16043,39.9,17.78,2017-03-08 16:15:15,BA,48480,MG,35700,0.9454861111111112,17.55121527777778,-7.834386574074074,0,0,on_time,1.0,MG->BA
c05f8f8d85ec06af1b5de0baa7050f4e,97ac197efaaa8d142ed342ebe6a27365,delivered,2018-08-11 10:12:59,2018-08-11 10:25:13,2018-08-14 10:08:00,2018-08-15 17:39:02,2018-08-21,1,36a968b544695394e4e9d7572688598f,12.88,7.39,2018-08-14 10:25:13,SP,5617,SP,11010,2.996539351851852,1.3132175925925926,-5.264560185185185,0,0,on_time,5.0,SP->SP
c78b306b7a03ebdabf44e1d351f83427,caa4a8bf3eee527d50ea671e39e67ac0,delivered,2018-01-16 14:09:50,2018-01-17 12:30:03,2018-01-19 20:23:55,2018-01-23 12:58:47,2018-02-06,1,eed78ac17f7f795a19a709745f00cd4e,59.9,12.76,2018-01-23 12:30:03,SP,6765,SP,18608,3.2597800925925924,3.6908796296296296,-13.45917824074074,0,0,on_time,4.0,SP->SP
708d3d7c0c996a92a48a8cf501f6fd8b,005196c65bab2861e397cc85bc7664bf,delivered,2018-01-17 14:35:51,2018-01-18 14:33:13,2018-01-19 18:42:16,2018-02-09 20:38:38,2018-02-08,1,ff69aa92bb6b1bf9b8b7a51c2ed9cf8b,1089.0,144.65,2018-01-24 14:33:13,ES,29162,SP,8140,2.171122685185185,21.080810185185182,1.860162037037037,1,0,carrier,5.0,SP->ES
9a327776c4009cd0980497d9386b1472,af3bbdd63bf976839718d59fd60ba9f1,delivered,2018-03-25 22:33:39,2018-03-25 22:47:54,2018-03-26 18:17:44,2018-04-03 19:12:49,2018-05-02,1,376a891762bbdecbc02b4b6adec3fdda,72.0,19.19,2018-03-29 22:47:54,RJ,20031,GO,74323,0.8222800925925926,8.038252314814814,-28.19943287037037,0,0,on_time,5.0,GO->RJ
cbfed865ebb274e534eed412710b225f,7d9203e4350d582ae26d254399c05e44,delivered,2018-01-25 10:21:10,2018-01-26 03:16:04,2018-01-26 18:59:17,2018-02-02 12:18:23,2018-02-20,1,7142540dd4c91e2237acb7e911c4eba2,224.7,48.84,2018-02-01 03:16:04,RJ,22470,SP,16301,1.3598032407407408,6.721597222222222,-17.487233796296298,0,0,on_time,4.0,SP->RJ
ef8fadadf0fa0193e9b455abf08484ce,f5ac2e5720e20d222f1cfc513670b40f,delivered,2017-05-02 22:39:55,2017-05-03 15:35:19,2017-05-04 14:35:35,2017-05-11 12:34:10,2017-05-25,1,6cd68b3ed6d59aaa9fece558ad360c0a,97.9,14.86,2017-05-09 15:35:19,SP,19063,MG,31255,1.6636574074074073,6.915682870370371,-13.476273148148149,0,0,on_time,4.0,MG->SP
aa942d6c13162cf699a9ed59746af588,b56bc2668907de41b2e651b6d9e7a36d,delivered,2018-01-27 19:28:48,2018-01-27 19:58:13,2018-01-30 12:06:44,2018-02-07 22:12:40,2018-02-21,1,620c87c171fb2a6dd6e8bb4dec959fc6,129.9,15.66,2018-02-01 19:58:13,SP,2372,RJ,25645,2.6930092592592594,8.420787037037037,-13.074537037037038,0,0,on_time,5.0,RJ->SP
817f6bab5398dc6c74b74ac820418d16,4764d14d044d8a476a85262a3bd65273,delivered,2018-03-17 18:18:01,2018-03-17 18:31:46,2018-03-22 01:09:46,2018-04-05 14:28:29,2018-04-09,1,1025f0e2d44d7041d6cf58b6550e0bfa,250.0,54.55,2018-03-23 18:30:39,PR,81530,SP,3204,4.2859375,14.554664351851851,-3.396886574074074,0,0,on_time,3.0,SP->PR
896701a2a04dda03c6d3d7b31f0a827c,471cb3740da797097bd218ed177df734,delivered,2017-03-15 17:10:49,2017-03-15 17:10:49,2017-03-16 08:56:02,2017-03-30 14:43:11,2017-04-05,1,f8db351d8c4c4c22c6835c19a46f01b0,33.8,29.04,2017-03-21 17:10:49,SC,89140,SP,13324,0.656400462962963,14.241076388888889,-5.386678240740741,0,0,on_time,5.0,SP->SC
7a363dd1eb003c19a36e4eba73e3105d,7c441e540648cd237ac925f7a2e7805e,delivered,2017-12-12 10:06:18,2017-12-13 02:49:57,2017-12-14 13:28:42,2017-12-20 19:09:17,2017-12-29,1,8581055ce74af1daba164fdbd55a40de,370.75,35.03,2017-12-19 02:49:57,SP,3146,SP,7112,2.140555555555556,6.236516203703704,-8.201886574074074,0,0,on_time,4.0,SP->SP
474541d7d0b44098a9cd7167a8d1306e,26ff87457a828181926c7ab34f407f8e,delivered,2018-03-27 17:45:36,2018-03-27 18:09:04,2018-03-28 21:51:52,2018-03-29 22:48:35,2018-04-09,1,6560211a19b47992c3666cc44a7e94c0,39.0,7.39,2018-04-02 18:09:04,SP,1317,SP,5849,1.1710185185185185,1.039386574074074,-10.049594907407409,0,0,on_time,5.0,SP->SP
9f7d811e4738ca24d33c0dc98d2cba67,57353df37982fb517dc5b6249de5cbb3,delivered,2018-08-12 19:14:57,2018-08-12 19:25:13,2018-08-13 15:24:00,2018-08-17 21:04:22,2018-09-06,1,c3cfdc648177fdbbbb35635a37472c53,245.0,32.59,2018-08-14 19:25:13,MG,36015,PR,80610,0.8396180555555556,4.236365740740741,-19.121967592592597,0,0,on_time,5.0,PR->MG
972f03a2ab321bf017e5935258d033fa,646ec1788e9a354f74f34212deb37834,delivered,2017-09-01 18:28:26,2017-09-01 22:25:38,2017-09-05 15:03:37,2017-09-11 22:11:27,2017-09-21,1,2156f2671501a81034d7d07f217609d0,50.9,17.64,2017-09-07 22:25:38,CE,60533,SP,4776,3.857766203703704,6.297106481481482,-9.075381944444445,0,0,on_time,5.0,SP->CE
6e454623148ed5b186a1eaf35d2b51eb,384758140507442ea3907362b7e9a3d0,delivered,2018-06-05 09:08:28,2018-06-06 03:11:05,2018-06-07 11:22:00,2018-06-15 17:02:49,2018-07-11,1,903037660cf848a717166eb7a06d616e,61.98,25.58,2018-06-14 03:11:05,SP,12630,SP,5734,2.092731481481481,8.23667824074074,-25.289710648148148,0,0,on_time,5.0,SP->SP
bfe378d529206e45ce2ae4095aba264b,13d4313f89fc94278086f77adb232fc7,delivered,2018-01-30 17:49:48,2018-01-31 13:32:08,2018-02-02 19:53:06,2018-02-27 21:18:33,2018-02-22,1,9b00ed88b7fdb95d6ff76e27c1b52d16,46.0,15.1,2018-02-06 02:53:27,MG,38022,SP,8215,3.085625,25.05934027777778,5.887881944444445,1,0,carrier,1.0,SP->MG
31628e1ec1ce71d13a6d7b2b0c5db88a,56cd7ff652ff3f4ee1f3753f572c45ba,delivered,2017-03-06 16:54:25,2017-03-06 17:05:20,2017-03-07 14:56:31,2017-03-13 11:48:00,2017-03-27,1,8f119a0aee85c0c8fc534629734e94fd,34.9,14.52,2017-03-10 17:05:20,PR,81330,SP,6440,0.918125,5.869085648148148,-13.508333333333333,0,0,on_time,5.0,SP->PR
0998d3f4248f4c162beb9c06e2f87480,5aed239a8964c9d4307c5f47c0d81132,delivered,2017-08-10 18:21:46,2017-08-12 02:51:03,2017-08-14 14:35:02,2017-08-15 18:00:15,2017-08-25,1,f8db351d8c4c4c22c6835c19a46f01b0,92.7,27.81,2017-08-17 02:51:03,SP,9860,SP,13324,3.842546296296296,1.142511574074074,-9.24982638888889,0,0,on_time,5.0,SP->SP
b69bd58058e7fc58b745d22ad1c62eb6,10bdb4d046daa3102b2a3336b8ac6626,delivered,2018-08-21 10:00:51,2018-08-22 03:45:15,2018-08-22 13:11:00,2018-08-27 20:45:41,2018-10-05,1,ea4e9ce63a2134743b4a92777437fcdd,99.8,28.0,2018-08-24 03:45:15,RJ,23052,SC,88135,1.1320486111111112,5.315752314814815,-38.13494212962963,0,0,on_time,5.0,SC->RJ
b6502edb6fe39f81f15fd2e42c725ed6,19625deff53ddd7ae31428185b7469e8,delivered,2017-10-08 21:50:19,2017-10-10 04:14:13,2017-10-10 19:17:02,2017-10-18 20:43:57,2017-11-01,1,850f4f8af5ea87287ac68de36e29107f,79.0,14.3,2017-10-17 05:14:13,DF,70233,SP,4367,1.8935532407407407,8.060358796296295,-13.136145833333334,0,0,on_time,3.0,SP->DF
d0714b92348bdff5af0cabf84ae6c2c0,27c6db37b1f4e91aa4a4c1644b904799,delivered,2017-03-10 13:16:12,2017-03-10 13:16:12,2017-03-14 05:13:58,2017-03-22 08:33:05,2017-03-29,1,01cf7e3d21494c41fb86034f2e714fa1,169.9,17.34,2017-03-16 13:16:12,PR,86380,PR,85603,3.665115740740741,8.138275462962962,-6.643692129629629,0,0,on_time,5.0,PR->PR
74ead5a61500dd4047cd05f77848898f,2280ee2d641ecd26e3f9811a5373bdd2,delivered,2018-02-20 20:03:50,2018-02-21 06:20:04,2018-02-23 01:45:50,2018-02-27 19:29:01,2018-03-13,1,cc419e0650a3c5ba77189a1882b7556a,53.99,11.88,2018-02-28 03:31:23,SP,18602,SP,9015,2.2375,4.738321759259259,-13.18818287037037,0,0,on_time,5.0,SP->SP
930c438920322d999f81073398288381,e62cf9e803aee2389d750a99f8a2986e,delivered,2017-08-26 17:21:49,2017-08-28 11:25:20,2017-08-29 20:23:26,2017-09-02 15:17:23,2017-10-02,1,f9244d45189d3a3605499abddeade7d5,99.99,16.95,2017-09-18 11:25:20,DF,73370,SP,3029,3.126122685185185,3.7874652777777778,-29.36292824074074,0,0,on_time,5.0,SP->DF
6d07ebee9c7fa9c4749c7265c987bf0a,4bfed7ec90de2a498c6aaaf4ce5e4518,delivered,2017-05-22 09:06:09,2017-05-22 09:22:28,2017-05-25 09:58:30,2017-06-02 17:42:43,2017-06-16,1,38e679b9e0064cd94c6f035707344dae,67.91,19.72,2017-05-26 09:22:28,MG,35300,PR,86010,3.0363541666666665,8.322372685185185,-13.262002314814817,0,0,on_time,5.0,PR->MG
95c8563ff69b82a5e9345b9f0464f788,1b578c59aaa40fc41246abb68142e3f2,delivered,2018-08-15 12:21:16,2018-08-15 12:30:19,2018-08-16 12:58:00,2018-08-21 22:56:54,2018-08-24,1,7ad32824caee82087b3e2e5f33b1bf32,112.0,27.94,2018-08-17 12:30:19,SP,14020,SP,14940,1.0255092592592592,5.415902777777778,-2.0438194444444444,0,0,on_time,5.0,SP->SP
c9fdbe9ca5eec85c1f92f5ba3ef25597,0c9dbbe49e16d15678ee755576e95a29,delivered,2018-06-13 14:36:04,2018-06-14 02:57:32,2018-06-14 13:34:00,2018-06-15 16:28:52,2018-07-04,1,4e06067cc08b3f41d837768d392c3ee3,39.99,13.62,2018-06-19 02:57:32,MG,37980,MG,32604,0.956898148148148,1.1214351851851851,-18.31328703703704,0,0,on_time,1.0,MG->MG
b9e60cfd587e2b40cf959a04023247a8,01fb9c979f94a851f92484ae6d6bc41d,delivered,2018-02-03 13:20:57,2018-02-03 13:30:41,2018-02-05 18:07:47,2018-02-09 18:48:29,2018-03-01,1,fa40cc5b934574b62717c68f3d678b6d,49.9,11.85,2018-02-08 13:30:41,SP,15780,SP,2310,2.199189814814815,4.028263888888889,-19.21633101851852,0,0,on_time,5.0,SP->SP
aaab824b480222c061bba0fa4886308e,238b9beff3ad2663891162f617180328,delivered,2017-09-04 15:31:36,2017-09-04 16:35:09,2017-09-12 12:28:09,2017-10-03 17:48:14,2017-10-10,1,cca3071e3e9bb7d12640c9fbe2301306,59.9,17.67,2017-09-19 16:35:09,RS,96810,SP,14940,7.872604166666667,21.22228009259259,-6.258171296296296,0,0,on_time,5.0,SP->RS
47435f657d2323e5eb4455aa5bc6a436,bab47e7a1b74c94a99ea042acfa7ea66,delivered,2018-07-23 13:19:36,2018-07-23 15:32:27,2018-07-24 14:05:00,2018-07-25 17:48:48,2018-08-14,1,edb1ef5e36e0c8cd84eb3c9b003e486d,237.9,48.12,2018-07-25 15:20:22,RJ,20511,RJ,25957,1.0315277777777778,1.1554166666666668,-19.25777777777778,0,0,on_time,5.0,RJ->RJ
aa8c424f10763cab5496c65e9e2a479d,7cedd102ee7669811b614cf22875a719,delivered,2018-07-18 18:38:02,2018-07-18 18:50:15,2018-07-20 14:15:00,2018-07-31 21:45:46,2018-08-09,1,e9779976487b77c6d4ac45f75ec7afe9,190.0,39.84,2018-07-23 18:50:15,BA,45201,SP,11701,1.817337962962963,11.313032407407407,-8.093217592592593,0,0,on_time,5.0,SP->BA
565f87125e672e704933159acb9d4587,fbbfaed4be04d3cd8c7698aab67ffc5c,delivered,2018-06-14 15:39:13,2018-06-14 15:59:58,2018-06-15 14:00:00,2018-06-26 17:15:45,2018-07-17,1,06a2c3af7b3aee5d69171b0e14f0ee87,122.99,30.11,2018-06-25 15:59:58,SP,1333,MA,65072,0.9310995370370372,11.1359375,-20.280729166666667,0,0,on_time,5.0,MA->SP
d0b199e7a170e05f24540eeb3fd3b278,e6a63945f0d37ea54dbb72ccae2b2d0d,delivered,2018-03-09 11:31:04,2018-03-09 11:50:49,2018-03-10 14:24:46,2018-03-16 23:16:30,2018-04-05,1,5656537e588803a555b8eb41f07a944b,26.89,18.23,2018-03-15 11:50:49,MG,39860,DF,72015,1.120625,6.369259259259259,-19.03020833333333,0,0,on_time,5.0,DF->MG
d1b3c3d319347abd31b56c3d894b2b2d,9193319e644f22f5306aac9f1100f6a9,delivered,2018-05-02 20:14:01,2018-05-02 20:53:26,2018-05-04 14:01:00,2018-05-08 20:18:36,2018-05-25,1,c013e57c075a06e5b5c48ee03c525719,42.99,13.71,2018-05-08 20:53:26,SP,18550,SP,13568,1.740960648148148,4.262222222222222,-16.15375,0,0,on_time,5.0,SP->SP
d806cef0dbcf2273fe3d4a339e0c74f5,469f555f7e94adb0a388be1d4088aa04,delivered,2018-06-17 21:16:19,2018-06-19 03:36:33,2018-06-27 10:54:00,2018-07-02 20:17:52,2018-07-16,1,58f1a6197ed863543e0136bdedb3fce2,129.0,19.0,2018-06-26 03:30:55,SP,9663,MG,36407,9.567835648148147,5.391574074074074,-13.15425925925926,0,1,on_time,2.0,MG->SP
dec95374a1bf2366249bf770e0568a85,378d61367c6ec285314c674bb3398b4c,delivered,2017-08-07 20:16:06,2017-08-07 20:55:08,2017-08-08 22:10:07,2017-08-12 10:22:12,2017-08-18,1,17e34d8224d27a541263c4c64b11a56b,65.63,12.48,2017-08-11 20:55:08,SP,14094,SP,14085,1.0791782407407406,3.508391203703704,-5.567916666666667,0,0,on_time,5.0,SP->SP
82eac7c627107b7699fb95a7c5961127,bee721b303a846631fb342854dd624e9,delivered,2017-11-26 09:29:07,2017-11-26 09:54:21,2017-11-28 17:49:03,2017-12-06 20:51:36,2017-12-20,1,5656537e588803a555b8eb41f07a944b,16.59,15.79,2017-11-30 09:54:21,RJ,21012,DF,72015,2.3471759259259257,8.126770833333333,-13.130833333333332,0,0,on_time,5.0,DF->RJ
11168fb56306d0f5da251c7531a8b4f6,7b6f6703d25c976076e04f14ea3f22a2,delivered,2017-12-11 15:07:33,2017-12-11 15:32:10,2017-12-12 21:07:55,2017-12-19 18:54:37,2017-12-28,1,e9779976487b77c6d4ac45f75ec7afe9,97.49,12.64,2017-12-15 15:31:30,SP,5625,SP,11701,1.2502546296296295,6.907430555555556,-8.21207175925926,0,0,on_time,5.0,SP->SP
9969c13506326615f8edf843237baa17,e6c3e6109e9f372ef5b6544b2c34e030,delivered,2017-08-08 16:15:05,2017-08-08 16:30:17,2017-08-10 18:38:08,2017-08-16 16:34:43,2017-08-31,1,37be5a7c751166fbc5f8ccba4119e043,205.0,26.27,2017-08-15 16:30:17,PR,87400,SP,4248,2.099340277777778,5.914293981481482,-14.309224537037036,0,0,on_time,4.0,SP->PR
1b5fc0bc24e5112c2cc802209fd54fcb,1ca5cecc5fbe7750a4b20cd25e3bdefc,delivered,2017-11-05 18:47:17,2017-11-05 19:06:28,2017-11-06 21:28:58,2017-11-17 20:46:45,2017-11-30,1,25e6ffe976bd75618accfe16cefcbd0d,35.0,16.79,2017-11-09 19:06:28,BA,45655,SP,5503,1.1122800925925926,10.97068287037037,-12.134201388888888,0,0,on_time,5.0,SP->BA
9f88232659bf1587e06ac5ab1aa2d62a,b5e3fbd21cbfbe8300596115c3fcc624,delivered,2017-06-25 13:11:03,2017-06-27 13:10:20,2017-06-27 14:36:28,2017-07-01 07:36:19,2017-07-07,1,620c87c171fb2a6dd6e8bb4dec959fc6,59.8,49.16,2017-07-03 13:10:20,RJ,24743,RJ,25645,2.0593171296296298,3.7082291666666665,-5.683113425925926,0,0,on_time,1.0,RJ->RJ
34d4a23b2feef52646bade360b2b5557,f4fdaa7dd25d23ceb2b4d11491c09c67,delivered,2017-06-04 10:29:25,2017-06-04 10:45:05,2017-06-05 13:00:47,2017-06-06 13:50:46,2017-06-20,1,fe2032dab1a61af8794248c8196565c9,178.5,9.44,2017-06-09 10:45:05,SP,3127,SP,13030,1.1051157407407408,1.034710648148148,-13.423078703703704,0,0,on_time,4.0,SP->SP
23847650c6dde17cb17a2b180af209bd,5cd9fc7963b3174bb6a03ca0d970b2fa,delivered,2017-11-18 23:10:58,2017-11-18 23:26:05,2017-11-22 17:03:42,2018-01-11 22:08:23,2017-12-15,1,ef506c96320abeedfb894c34db06f478,25.99,15.1,2017-11-22 23:26:05,RS,96211,SP,3569,3.744953703703704,50.21158564814815,27.922488425925927,1,0,carrier,1.0,SP->RS
fe1b0a4dc611d913e254aed3a59071f2,5ee7173a4523b98db170d80f314e6022,delivered,2018-05-08 09:36:36,2018-05-08 09:50:55,2018-05-09 15:24:00,2018-05-10 12:59:56,2018-05-16,1,d566c37fa119d5e66c4e9052e83ee4ea,30.9,7.39,2018-05-10 09:50:55,SP,1401,SP,4131,1.24125,0.8999537037037038,-5.458379629629629,0,0,on_time,5.0,SP->SP
600c05aa649cdbeaaf763a60cd0a12cf,474090b9b8e1541d8ff3f614fb17398e,delivered,2017-07-19 20:19:44,2017-07-19 20:35:12,2017-07-21 20:46:37,2017-07-26 19:56:40,2017-08-03,1,fa40cc5b934574b62717c68f3d678b6d,44.9,7.78,2017-07-25 20:35:12,SP,18112,SP,2310,2.0186689814814813,4.9653125,-7.168981481481482,0,0,on_time,5.0,SP->SP
41ce93449a43ac04521c49ec611fd11b,83e521ff7d17c21b4f80b173568ff06e,delivered,2017-09-17 21:55:13,2017-09-19 03:33:37,2017-09-19 16:22:57,2017-09-27 22:37:36,2017-10-13,1,134a288e7de827ec5ec62e3ec9c3a295,125.0,19.41,2017-09-25 03:33:37,PE,53437,SP,3168,1.7692592592592593,8.260173611111112,-15.057222222222222,0,0,on_time,5.0,SP->PE
6e07f46972023a8c972489cd0278592f,f2398fd9c4b0ea26e4465a8f873ef3cf,delivered,2017-07-17 23:20:14,2017-07-18 00:35:15,2017-07-18 18:02:56,2017-07-24 19:33:23,2017-08-10,1,f00e21b1e91a79653163b7fd8f293ff1,24.9,12.48,2017-07-27 00:32:48,MG,35931,SP,37795,0.7796527777777778,6.0628125,-16.185150462962962,0,0,on_time,4.0,SP->MG
9241b8242fcfa16437e5eb1136ff9d1e,70ff28da691fcd6722d037a4eeee3bd6,delivered,2018-03-20 09:52:42,2018-03-20 10:08:09,2018-03-22 20:17:30,2018-03-29 21:16:41,2018-04-13,1,dd55f1bb788714a40e7954c3be6df745,380.9,22.72,2018-03-27 10:08:09,CE,60160,SP,1021,2.4338888888888888,7.041099537037037,-14.113414351851851,0,0,on_time,5.0,SP->CE
9eff8d5a7b05aeaa583c225de3b134de,deb460805396b2a842889d73a69d3c23,delivered,2018-01-16 07:25:53,2018-01-16 07:36:22,2018-01-16 19:41:57,2018-01-29 21:39:03,2018-02-08,1,6560211a19b47992c3666cc44a7e94c0,45.0,21.15,2018-01-22 07:36:22,MA,65085,SP,5849,0.5111574074074074,13.081319444444444,-9.097881944444444,0,0,on_time,5.0,SP->MA
632f22d24375715fbfa8c0ae2e5d35b7,f8b67d327058afa39382991d7173b1d7,delivered,2018-05-01 18:06:32,2018-05-01 18:15:17,2018-05-02 14:17:00,2018-05-10 14:58:45,2018-05-23,1,955fee9216a65b617aa5c0531780ce60,110.0,23.31,2018-05-07 18:15:17,MG,33840,SP,4782,0.8406018518518519,8.028993055555556,-12.375868055555555,0,0,on_time,5.0,SP->MG
59d30d600974ba0320ff55e66d6bc67f,f806090d1d5bd75e986ce533ab850086,delivered,2017-09-24 19:36:25,2017-09-26 03:28:19,2017-09-26 19:53:11,2017-10-03 21:22:41,2017-11-03,1,3586b8580d9c917874e053a1bb37b5ff,36.9,16.11,2017-10-06 03:28:19,RS,96600,SP,14802,2.011643518518518,7.0621527777777775,-30.109247685185185,0,0,on_time,5.0,SP->RS
82c46826f081404f1809ea22a81d293a,15d4a8f8aad90eec05f5e827e212ffd4,delivered,2017-09-23 21:32:06,2017-09-23 21:45:32,2017-09-27 16:01:57,2017-10-03 18:07:00,2017-10-19,1,9d5a9018aee56acb367ba9c3f05d1d6a,149.9,13.3,2017-09-27 21:45:32,DF,73015,GO,74930,3.7707291666666665,6.086840277777778,-15.245138888888889,0,0,on_time,5.0,GO->DF
1384e3bb7bc8ba5a462fa5845a062927,551f0a2f444b08c3232d382026e054f1,delivered,2017-08-07 07:10:14,2017-08-07 07:25:07,2017-08-07 18:33:02,2017-08-10 17:42:10,2017-08-18,1,59cd88080b93f3c18508673122d26169,55.78,18.54,2017-08-11 07:25:07,SP,6852,SP,11707,0.4741666666666667,2.964675925925926,-7.262384259259259,0,0,on_time,5.0,SP->SP
1896eb87ee7c0749928d79d5ed329e02,fbe72cfa6ea0eedd96381d0a68eff8af,delivered,2018-02-01 16:38:39,2018-02-02 02:54:36,2018-02-03 01:12:58,2018-02-06 21:46:41,2018-02-19,1,da8622b14eb17ae2831f4ac5b9dab84a,74.9,9.74,2018-02-08 02:54:36,SP,4564,SP,13405,1.357164351851852,3.8567476851851854,-12.09258101851852,0,0,on_time,5.0,SP->SP
d94f4fe5fee370911b2bdde33dadb1ac,dd19f165f47b245203fbf13563af85d2,delivered,2017-07-24 19:48:40,2017-07-24 20:03:32,2017-07-31 18:56:31,2017-08-09 20:53:54,2017-08-29,1,7c67e1448b00f6e969d365cea6b010ab,119.94,43.21,2017-08-03 20:03:32,BA,47600,SP,8577,6.963784722222222,9.081516203703703,-19.129236111111112,0,0,on_time,5.0,SP->BA
b457de2209659587bae1fcefe0ce828d,42f0110a1f0f15165578b228626229dd,delivered,2018-02-27 07:55:19,2018-02-28 10:15:44,2018-02-28 20:43:39,2018-03-19 20:24:55,2018-03-29,1,c826c40d7b19f62a09e2d7c5e7295ee2,122.99,15.61,2018-03-06 10:15:44,RS,95940,SP,7133,1.5335648148148149,18.98699074074074,-9.149363425925928,0,0,on_time,5.0,SP->RS
188b477021751fb5423a18b77aed2dd0,e6e690559912f9bd4b01c9ceb98af661,delivered,2018-04-25 17:26:11,2018-04-25 17:55:34,2018-05-03 08:22:00,2018-05-07 19:02:22,2018-05-15,1,53e4c6e0f4312d4d2107a8c9cddf45cd,121.0,27.71,2018-05-02 17:55:34,SP,15600,SP,13920,7.622094907407408,4.444699074074074,-7.206689814814815,0,1,on_time,5.0,SP->SP
e55b46bf1f7b0739a890db6c07478c9e,44d195c70ddbb47f1a0a3efa789b76d4,delivered,2017-04-06 13:13:35,2017-04-06 13:25:08,2017-04-11 12:27:58,2017-04-13 17:04:53,2017-05-08,1,ca3bd7cd9f149df75950150d010fe4a2,18.25,10.53,2017-04-20 13:25:08,SP,5024,SP,4361,4.96832175925926,2.192303240740741,-24.288275462962964,0,0,on_time,5.0,SP->SP
659c757231085ed35dafa16a50fa16e8,7a0587a22e604b216a8ef5c8ce07d7fe,delivered,2018-02-04 20:39:14,2018-02-04 20:56:08,2018-02-08 19:16:44,2018-02-20 18:28:00,2018-03-05,1,391fc6631aebcf3004804e51b40bcf1e,772.2,49.87,2018-02-08 20:56:08,PR,86020,SP,14940,3.9427083333333335,11.966157407407408,-12.230555555555556,0,0,on_time,3.0,SP->PR
a9afb8f30ea1c72dd798b8eeaefcdff5,784d53f82704adefd20a72c120fda8a9,delivered,2017-05-12 17:34:31,2017-05-12 17:45:13,2017-05-19 13:42:41,2017-05-22 16:06:24,2017-05-30,1,cd68562d3f44870c08922d380acae552,125.0,12.37,2017-05-18 17:45:13,SP,14500,SP,14050,6.839004629629629,3.0998032407407408,-7.328888888888889,0,1,on_time,1.0,SP->SP
bd034c2007f69b20fc34a194133c99f7,c4fb3d463124861b2fbfaa120b0b9dca,delivered,2017-04-21 16:15:21,2017-04-21 16:25:27,2017-04-24 13:20:06,2017-05-12 09:43:04,2017-05-25,1,b4ffb71f0cb1b1c3d63fad021ecf93e1,14.95,20.4,2017-05-02 16:25:27,BA,41213,SP,3880,2.878298611111111,17.849282407407408,-12.595092592592591,0,0,on_time,5.0,SP->BA
098899a1fca44446ebcd6eb00297d33b,def27cdf0c08b8b1f35fb84d3859a5be,delivered,2017-07-11 11:59:31,2017-07-11 12:23:41,2017-07-13 16:13:33,2017-07-19 16:07:48,2017-08-04,1,f8db351d8c4c4c22c6835c19a46f01b0,209.9,26.31,2017-07-17 12:23:41,RS,90130,SP,13324,2.176412037037037,5.996006944444445,-15.327916666666669,0,0,on_time,5.0,SP->RS
18b3b5404f523379b23e3eed42639acc,ddce5ee9d690ebebadef1680436cbfc9,delivered,2018-03-07 09:07:24,2018-03-07 09:28:46,2018-03-08 21:08:37,2018-03-23 00:14:25,2018-03-29,1,1025f0e2d44d7041d6cf58b6550e0bfa,229.0,62.07,2018-03-14 09:28:46,BA,41815,SP,3204,1.5008449074074075,14.129027777777775,-5.989988425925926,0,0,on_time,5.0,SP->BA
4bb9c2002502ca416276dc1ff5efb1b3,e0e553d46d86daa33b733b1fd2687731,delivered,2018-06-23 14:53:03,2018-06-27 14:20:08,2018-06-29 15:30:00,2018-07-17 17:08:47,2018-07-27,1,7040e82f899a04d1b434b795a43b4617,14.9,17.06,2018-07-03 14:20:08,BA,40279,SP,1026,6.025659722222223,18.06859953703704,-9.28556712962963,0,0,on_time,1.0,SP->BA
61a2711ad11ba20c846596b053d61fd0,8202d4224132e791fc09cf22bf5850a4,delivered,2017-12-19 13:54:01,2017-12-19 14:40:30,2017-12-20 16:15:02,2018-01-09 02:15:10,2018-01-17,1,a1043bafd471dff536d0c462352beb48,179.99,45.72,2017-12-26 14:32:27,RJ,22755,MG,37175,1.0979282407407407,19.41675925925926,-7.906134259259259,0,0,on_time,5.0,MG->RJ
9675440ebf61a1a3482cc6308e3ebd28,9597de20c8b55d0f22dcc26fdaa6b2f1,delivered,2018-08-18 23:35:23,2018-08-24 22:05:08,2018-08-27 16:14:00,2018-08-28 17:37:30,2018-08-23,1,6560211a19b47992c3666cc44a7e94c0,75.0,7.79,2018-08-27 22:05:08,SP,6764,SP,5849,8.693483796296297,1.057986111111111,5.734375,1,0,carrier,2.0,SP->SP
10dbf624025382febb06e31b68ddd3c2,7e91905decf05215f0a72ac30265facd,delivered,2018-03-20 18:28:22,2018-03-20 18:48:16,2018-03-21 20:47:28,2018-03-26 18:33:29,2018-04-11,1,226b05fe067266c59c15dae208213d06,219.8,31.3,2018-03-26 18:48:16,RS,93346,PR,81520,1.0965972222222222,4.906956018518518,-15.226747685185185,0,0,on_time,1.0,PR->RS
b8b6924f004e191923963e8ab1655ed9,53c00128b4cdd554611efd233859dd88,delivered,2017-11-23 13:35:20,2017-11-23 13:48:26,2017-11-24 18:14:45,2017-12-20 20:38:46,2017-12-18,1,4869f7a5dfa277a7dca6462dcf3b52b2,170.0,21.68,2017-11-29 13:48:26,RJ,22630,SP,14840,1.194039351851852,26.100011574074077,2.8602546296296296,1,0,carrier,2.0,SP->RJ
b65589b94530126b587553d33874aaf7,72447ff46c5271077a40ebcc65d239d7,delivered,2017-07-16 18:53:48,2017-07-16 19:05:09,2017-07-17 14:27:29,2017-07-27 18:22:34,2017-08-10,1,76d5af76d0271110f9af36c92573f765,96.0,17.92,2017-07-20 19:05:09,RS,98175,SP,3194,0.8150578703703704,10.163252314814814,-13.234328703703705,0,0,on_time,5.0,SP->RS
e18b75b8b2ba4ce613d10b2fd820aef9,97b022c15435bd252146590f7d05e314,delivered,2018-07-28 13:11:22,2018-07-29 13:05:14,2018-07-30 14:43:00,2018-08-02 18:46:42,2018-08-14,1,fe2032dab1a61af8794248c8196565c9,319.0,17.33,2018-08-02 13:05:14,PR,82020,SP,13030,2.06363425925926,3.169236111111111,-11.217569444444443,0,0,on_time,5.0,SP->PR
c733a4fdd58e3b29cb99b5881c10a1bc,a0304cff9fe8ea7c3fbff031132b6f8c,delivered,2018-04-04 09:30:07,2018-04-04 16:56:14,2018-04-05 21:19:21,2018-04-18 20:52:46,2018-04-27,1,d98eec89afa3380e14463da2aabaea72,29.99,19.04,2018-04-10 16:56:14,ES,29101,RS,90010,1.4925231481481482,12.981539351851852,-8.130023148148148,0,0,on_time,4.0,RS->ES
cc087dad553a85cd8192eba75a27db2b,be83655f09f037c4a80e2590e64e9777,delivered,2017-06-27 19:57:20,2017-06-28 19:50:19,2017-06-29 14:55:37,2017-07-14 20:15:37,2017-07-19,1,dbc22125167c298ef99da25668e1011f,102.9,17.97,2017-07-04 19:50:19,SP,15025,MG,37564,1.790474537037037,15.22222222222222,-4.15582175925926,0,0,on_time,4.0,MG->SP
c6151459c772b29c883545b54802f227,2be6ff74ee498635876fe137109f5f96,delivered,2017-12-05 15:49:27,2017-12-05 15:59:28,2017-12-07 22:58:33,2017-12-08 20:21:35,2017-12-27,1,cc419e0650a3c5ba77189a1882b7556a,23.99,7.78,2017-12-14 15:59:28,SP,8180,SP,9015,2.2979861111111117,0.8909953703703704,-18.15167824074074,0,0,on_time,5.0,SP->SP
0176e50f3853fa068127afa3daff6402,20899a98f69e29ac34d852719a64f431,delivered,2017-12-14 16:45:18,2017-12-14 16:54:49,2017-12-15 17:31:46,2017-12-29 15:53:03,2018-01-19,1,4a3ca9315b744ce9f8e9374361493884,59.9,15.17,2017-12-20 16:54:49,RS,98400,SP,14940,1.0322685185185183,13.93144675925926,-20.338159722222223,0,0,on_time,2.0,SP->RS
9a8099a1462301749bd1e2a978b9a8af,9a574ff822f0d61666199f6b5d0c9cae,delivered,2017-11-13 21:39:20,2017-11-13 21:55:54,2017-11-17 12:03:00,2017-11-29 21:27:01,2017-12-15,1,cca3071e3e9bb7d12640c9fbe2301306,45.9,16.11,2017-11-28 21:55:24,PR,87704,SP,14940,3.5997685185185184,12.39167824074074,-15.106238425925929,0,0,on_time,5.0,SP->PR
7d521825cd606cb527aba4acc1943457,5f750fcde3b475b60c61b731cd78dba6,delivered,2018-04-16 19:20:10,2018-04-16 19:35:14,2018-04-17 23:22:36,2018-04-21 00:22:03,2018-05-14,1,16090f2ca825584b5a147ab24aa30c86,28.49,18.23,2018-04-20 19:35:14,RJ,27640,SP,12940,1.1683564814814815,3.041284722222222,-22.9846875,0,0,on_time,4.0,SP->RJ
9e5268aea7cef10630e681d1c7268e0e,aa533babb08900a1370fa4888feb4b80,delivered,2018-02-13 21:55:10,2018-02-13 22:08:01,2018-02-19 17:51:21,2018-02-28 22:22:17,2018-03-09,1,8160255418d5aaa7dbdc9f4c64ebda44,122.9,16.62,2018-02-19 21:08:01,MG,37720,SP,14940,5.830682870370371,9.188148148148148,-8.067858796296296,0,0,on_time,5.0,SP->MG
4d5b79c88c8dba7bccfd90eb531c21be,a8982ac9d6737eaadd0c9fc308225678,delivered,2018-04-13 10:57:27,2018-04-14 02:30:20,2018-04-16 22:32:43,2018-04-23 21:39:37,2018-05-08,1,1dc2de47ee26a0a5b12dc14fd6dc0dea,66.9,17.38,2018-04-19 02:30:20,SP,17511,SP,14940,3.482824074074074,6.963125,-14.097488425925926,0,0,on_time,2.0,SP->SP
fc52f0b6b2799aab381d22c1500ec63e,b3f63321d868c01dfd7a025899954ec5,delivered,2018-07-06 14:49:06,2018-07-06 15:11:15,2018-07-10 14:16:00,2018-07-25 15:11:11,2018-07-31,1,4a3ca9315b744ce9f8e9374361493884,79.9,26.86,2018-07-10 15:11:15,RJ,26587,SP,14940,3.977013888888889,15.03832175925926,-5.367233796296296,0,0,on_time,4.0,SP->RJ
d2e99f5400c5eca09b3862c78a0afe77,32f7e622cfbdd94691a85692f992a9d5,delivered,2017-12-03 12:38:53,2017-12-03 12:53:16,2017-12-06 01:07:18,2017-12-11 19:39:38,2017-12-28,1,0241d4d5d36f10f80c644447315af0bd,39.9,15.11,2017-12-07 12:53:16,SP,9210,PR,80330,2.5197337962962965,5.772453703703704,-16.180810185185184,0,0,on_time,5.0,PR->SP
67c31b45a9765501b93623f2ba8ef4bf,ff123199ce53edc26349ebd851f66ffb,delivered,2018-02-15 05:10:48,2018-02-15 06:15:30,2018-02-16 20:41:38,2018-02-20 22:45:10,2018-03-07,1,527801b552d0077ffd170872eb49683b,108.9,16.39,2018-02-21 05:15:30,SP,13412,SP,17400,1.646412037037037,4.085787037037037,-14.051967592592591,0,0,on_time,5.0,SP->SP
034198ae241b34a9bc0d85282408937e,c7a4f3b89bd89c8b47b3eab4a1df1176,delivered,2018-01-31 20:18:59,2018-01-31 20:30:49,2018-02-03 01:38:48,2018-02-14 23:28:50,2018-02-26,1,165fc07beebdcb6190fba8a06db2a449,89.0,12.75,2018-02-06 20:30:49,SP,3191,PR,87015,2.2220949074074072,11.90974537037037,-11.021643518518518,0,0,on_time,5.0,PR->SP
2d68cfa7c620233fd6bef3084eb1358f,71d02ef9d7570ef25d59700fa0191807,delivered,2018-06-04 22:46:18,2018-06-04 23:10:42,2018-06-05 15:16:00,2018-06-13 20:08:29,2018-07-16,1,cac876b37d3abcd6bd76caca30277996,24.9,27.08,2018-06-10 23:10:42,MG,36140,PR,85816,0.6872916666666666,8.203113425925926,-32.16077546296296,0,0,on_time,4.0,PR->MG
2fb8e643288fc9fcf4b9178fb9d4f17e,47f687f5e1072172dab1fa3bab5ec5fb,delivered,2018-07-18 21:33:11,2018-07-18 21:50:48,2018-07-19 12:15:00,2018-07-22 12:40:52,2018-08-01,1,1f50f920176fa81dab994f9023523100,79.9,24.17,2018-07-22 21:50:18,SP,4302,SP,15025,0.6123726851851852,3.017962962962963,-9.47162037037037,0,0,on_time,5.0,SP->SP
85e3fe590f151c833f6a8a7e21983712,bea60af848781a26103fd2afcdee4d22,delivered,2018-04-09 20:18:41,2018-04-09 20:30:21,2018-04-10 20:02:41,2018-04-23 17:06:34,2018-05-07,1,4830e40640734fc1c52cd21127c341d4,50.0,19.04,2018-04-13 20:30:21,CE,60115,SP,3573,0.9888888888888888,12.877696759259258,-13.287106481481482,0,0,on_time,4.0,SP->CE
7010bfa704139424f4fff8baff27b7cc,ac9d802c8be6d74099e9b3e90acefe12,delivered,2018-05-28 20:49:30,2018-05-28 21:16:35,2018-05-30 12:05:00,2018-06-02 19:29:30,2018-06-20,1,7d76b645482be4a332374e8223836592,19.9,7.39,2018-06-05 21:16:35,SP,4856,SP,1511,1.6357638888888888,3.308680555555556,-17.18784722222222,0,0,on_time,4.0,SP->SP
923c0d198a67f5fa9216397a9cba2047,d351b7e7ca128fe099da4c7f4a84f1bd,delivered,2018-03-23 16:42:21,2018-03-23 16:55:53,2018-03-26 21:54:54,2018-05-01 21:16:42,2018-04-16,1,4a3ca9315b744ce9f8e9374361493884,89.9,67.0,2018-03-29 16:55:53,RJ,28896,SP,14940,3.217048611111111,35.97347222222222,15.886597222222225,1,0,carrier,3.0,SP->RJ
be5d667e97f0b3bd94debc7b946aecd7,932de5979e3351bedd7e46e9864c41b6,delivered,2018-02-26 17:21:41,2018-02-28 09:56:03,2018-03-19 10:11:44,2018-03-19 10:11:48,2018-03-19,1,95f83f51203c626648c875dd41874c7f,69.9,26.11,2018-03-06 09:56:03,MG,39950,MG,37564,20.70142361111111,4.629629629629629e-05,0.4248611111111111,1,1,seller,4.0,MG->MG
2f745f754793012b39e7806795178857,70a994c9723c3fca596dd1c71238c4d2,delivered,2018-08-03 15:35:49,2018-08-03 15:45:15,2018-08-06 14:10:00,2018-08-09 16:49:50,2018-08-23,1,18a349e75d307f4b4cc646a691ed4216,42.0,15.39,2018-08-10 15:45:15,RJ,25515,SP,1319,2.9404050925925924,3.1109953703703703,-13.298726851851852,0,0,on_time,4.0,SP->RJ
d5e9e8db560b61662ece609c63b8257d,55d6ff673e6f752350de2e8779f8a021,delivered,2017-12-06 19:48:32,2017-12-06 19:56:20,2017-12-20 20:44:39,2017-12-27 20:23:33,2017-12-29,1,7aa4334be125fcdd2ba64b3180029f14,70.97,13.52,2017-12-12 19:56:20,SP,12308,SP,18500,14.038969907407408,6.985347222222222,-1.1503125,0,1,on_time,4.0,SP->SP
5edee244fe02fdbeb9a2d97a4e8cf17c,115c455ac3a2dc3e5c81ea3da5659c33,delivered,2017-05-31 21:53:32,2017-06-02 04:33:46,2017-06-06 14:21:10,2017-06-13 16:22:10,2017-06-27,1,25e47381a6c510ddeb36084e33b89f0c,30.0,15.1,2017-06-08 04:30:19,RS,95340,SP,11720,5.685856481481482,7.084027777777778,-13.317939814814816,0,0,on_time,5.0,SP->RS
52fbc14060ffe1b2c4ab8657fa248084,ae17c6f1f816d6367af9a06561140c16,delivered,2018-02-18 15:06:19,2018-02-18 15:26:42,2018-02-23 19:48:58,2018-03-05 16:49:41,2018-03-13,1,128639473a139ac0f3e5f5ade55873a5,18.9,12.48,2018-02-22 15:26:42,SP,17602,PR,87050,5.196284722222222,9.875497685185184,-7.298831018518518,0,1,on_time,4.0,PR->SP
30524d6f42cc124d17d641b49e792b87,bb02dc516c4e37f003e8e802369a3a66,delivered,2018-08-05 21:03:19,2018-08-05 21:10:20,2018-08-09 12:58:00,2018-08-16 16:32:20,2018-08-16,1,18a349e75d307f4b4cc646a691ed4216,30.0,7.47,2018-08-12 21:10:20,SP,13056,SP,1319,3.662974537037037,7.148842592592593,0.6891203703703703,1,0,carrier,1.0,SP->SP
941019ce2dd2c6e0283d3dd469b1c5a0,d115aaf6fb79cd479663952ea015e1f5,delivered,2017-03-27 14:36:39,2017-03-28 14:30:15,2017-04-10 15:46:17,2017-04-27 14:07:10,2017-05-16,1,a7f13822ceb966b076af67121f87b063,139.97,92.35,2017-04-07 14:30:15,PA,66033,SP,8577,14.048356481481482,16.93116898148148,-18.41168981481481,0,1,on_time,4.0,SP->PA
88860d93217b743a342d87689e17bdbd,b64809e875690f8bbd63c3b726a8959e,delivered,2018-03-10 10:48:11,2018-03-10 11:08:20,2018-03-12 23:08:34,2018-03-21 17:24:49,2018-03-22,1,955fee9216a65b617aa5c0531780ce60,45.0,8.88,2018-03-15 11:08:20,SP,3685,SP,4782,2.5141550925925924,8.761284722222221,-0.2744328703703704,0,0,on_time,4.0,SP->SP
550e1d4daa21983f7bac6b2f83c40365,a2525dd8bdfff742ec033935e24d66ec,delivered,2017-03-05 20:49:55,2017-03-05 21:02:47,2017-03-14 11:21:55,2017-03-21 12:27:54,2017-03-27,1,1da366cade6d8276e7d8beea7af5d4bf,29.9,15.56,2017-03-09 21:02:47,DF,70293,MG,36500,8.605555555555556,7.045821759259259,-5.480625,0,1,on_time,5.0,MG->DF
9544da84a1f36efaf61504e2fbed951a,2e4944041038aa2b71a74eab8d9b819c,delivered,2018-05-28 11:01:11,2018-05-28 11:15:21,2018-06-04 15:15:00,2018-06-05 12:41:04,2018-06-20,1,b499c00f28f4b7069ff6550af8c1348a,139.98,17.28,2018-06-05 11:15:21,SP,4524,SP,13481,7.176261574074074,0.8931018518518519,-14.47148148148148,0,0,on_time,3.0,SP->SP
ad70b687aa28281ec53061479c1f4bed,c476db9f95d3731e6433908b2d7c3158,delivered,2017-06-06 13:35:34,2017-06-06 13:50:27,2017-06-06 14:54:27,2017-06-19 21:40:00,2017-06-27,1,8a32e327fe2c1b3511609d81aaf9f042,29.99,11.85,2017-06-12 13:50:27,SP,13515,SP,2443,0.0547800925925925,13.281631944444444,-7.097222222222222,0,0,on_time,4.0,SP->SP
0806cf8565810770735ccbff09d9d4c5,16894e9f92caa5eb04cb7a6caa17f076,delivered,2017-12-06 21:09:23,2017-12-06 21:30:39,2017-12-07 19:15:04,2017-12-21 00:57:07,2018-01-10,1,95e03ca3d4146e4011985981aeb959b9,49.9,24.9,2017-12-18 21:30:00,RN,59073,RJ,21210,0.920613425925926,13.237534722222222,-19.96033564814815,0,0,on_time,4.0,RJ->RN
4cd51713ee492e2d1ed57e6db22876ae,b799a602477d0a77304a0bd00af1d804,delivered,2018-07-24 14:50:42,2018-07-25 14:15:09,2018-07-26 12:57:00,2018-08-06 18:41:28,2018-08-16,1,7ad32824caee82087b3e2e5f33b1bf32,199.0,35.15,2018-07-27 14:15:09,PR,87340,SP,14940,1.9210416666666668,11.239212962962965,-9.221203703703704,0,0,on_time,5.0,SP->PR
50229fec371aedaedb230fa801638cfc,2866e688a5dc459c904ea765cae01f75,delivered,2018-01-22 20:41:50,2018-01-22 20:58:09,2018-01-23 19:04:52,2018-02-05 21:33:08,2018-02-16,1,7d76b645482be4a332374e8223836592,19.9,15.1,2018-01-26 20:58:09,PR,87020,SP,1511,0.932662037037037,13.102962962962962,-10.10199074074074,0,0,on_time,5.0,SP->PR
df6ab6dda739712cd11176b2d63e4575,f1872d2ed7ebef7c73c48d768f6f67f6,delivered,2018-04-18 13:59:11,2018-04-19 02:15:09,2018-04-20 15:36:25,2018-04-27 14:52:59,2018-05-11,1,3d871de0142ce09b7081e2b9d1733cb1,28.5,13.71,2018-04-25 02:15:09,SP,19800,SP,13232,2.067523148148148,6.969837962962963,-13.379872685185186,0,0,on_time,5.0,SP->SP
3ec05d74c91669694d41dcf4d7cdc764,be66ef8e04a0f8fd5e10434aa0b53fb6,delivered,2017-05-31 20:57:04,2017-05-31 21:10:15,2017-06-01 13:44:32,2017-06-09 13:25:52,2017-06-23,1,391fc6631aebcf3004804e51b40bcf1e,24.75,16.11,2017-06-06 21:10:15,MG,31010,SP,14940,0.6996296296296296,7.987037037037037,-13.44037037037037,0,0,on_time,5.0,SP->MG
e0e2dd62e7153d8f3f03e62b4b476392,ea58ba76f07c7e170630ae1ef2c7b66a,delivered,2017-02-21 21:50:47,2017-02-21 22:02:21,2017-02-23 12:09:38,2017-03-07 14:33:27,2017-03-28,1,ccb83a794700270fde70898fe9ff368b,969.0,128.17,2017-02-25 21:50:47,MG,37504,SC,88960,1.5964236111111112,12.099872685185185,-20.3934375,0,0,on_time,5.0,SC->MG
6b44058917b7d56ae8c4ff52f9c65a2e,1f9da3850213ca78896a0c08e41a5f06,delivered,2018-06-15 09:38:46,2018-06-15 10:00:51,2018-06-18 14:52:00,2018-06-19 19:54:49,2018-07-04,1,4e922959ae960d389249c378d1c939f5,110.0,12.5,2018-06-22 10:00:51,SP,4707,SP,12327,3.2175231481481483,1.2102893518518518,-14.170266203703704,0,0,on_time,4.0,SP->SP
493d1ad7e1ae4e8a6733d84bc34c6b0c,40291ba05fac951d2fe586191112b3c6,delivered,2018-04-30 00:00:01,2018-04-30 00:25:27,2018-05-03 19:01:00,2018-05-04 13:12:22,2018-05-11,1,c31eff8334d6b3047ed34bebd4d62c36,99.99,12.03,2018-05-07 00:25:27,SP,3028,SP,13322,3.792349537037037,0.7578935185185185,-6.44974537037037,0,0,on_time,4.0,SP->SP
68b4f0f2635234fcc9cbcd65b082e5b7,a0f51bf6441cdbe1a8466b0b26a3b570,delivered,2017-11-06 19:05:59,2017-11-07 03:31:17,2017-11-17 20:35:24,2017-11-28 21:26:39,2017-12-05,1,7c67e1448b00f6e969d365cea6b010ab,119.99,36.5,2017-11-17 19:30:36,ES,29120,SP,8577,11.062094907407408,11.03559027777778,-6.106493055555555,0,1,on_time,3.0,SP->ES
fad4db0b469823e4ce0a2506a88ca08a,5dc2bc6196f856dfd196e68009608e83,delivered,2017-10-11 11:31:53,2017-10-14 18:34:58,2017-10-16 19:57:58,2017-10-17 20:31:35,2017-10-24,1,093805f8f2aeb63881444571e1f48f30,38.9,9.34,2017-10-19 19:34:58,SP,7033,SP,6236,5.351446759259259,1.0233449074074077,-6.144733796296296,0,0,on_time,5.0,SP->SP
d6d22504739cdf3c8ebce460d0a08199,c16e0e88c09984e5956c444275f35f67,delivered,2017-04-12 14:59:43,2017-04-14 02:45:56,2017-04-17 14:36:33,2017-04-19 15:30:16,2017-05-08,1,3d290fe363c60a77498c1126fd3fb8d3,159.0,16.32,2017-04-20 02:45:56,PR,80220,SP,6694,4.983912037037037,2.0373032407407408,-18.353981481481483,0,0,on_time,5.0,SP->PR
7352da47c1164cdee2f4d71e736f7253,cd59a6b30d35d92fea65e414b87adce3,delivered,2018-08-20 23:41:45,2018-08-20 23:55:18,2018-08-22 18:20:00,2018-08-28 17:41:39,2018-09-05,1,9261d76c62caaf0b24677c2ceb7f8f20,124.98,22.18,2018-08-22 23:55:18,SP,1121,SC,88138,1.7765625,5.973368055555556,-7.262743055555555,0,0,on_time,3.0,SC->SP
6bce4e879e07d52ce8463ff404506751,a810d2a85a09ed40bbdf9e9ee4096d16,delivered,2017-03-03 13:19:35,2017-03-03 13:30:21,2017-03-09 08:50:55,2017-03-15 06:42:02,2017-03-22,1,b14db04aa7881970e83ffa9426897925,47.0,11.74,2017-03-09 13:30:21,SP,11015,SP,18048,5.813425925925926,5.910497685185185,-6.720810185185186,0,0,on_time,5.0,SP->SP
68a5e21e84986b92e9de694590c5a22d,8ddc08f219bd236e6f8674fcf183d721,delivered,2017-09-12 18:44:16,2017-09-13 03:15:45,2017-09-18 21:47:41,2017-09-20 18:37:43,2017-09-27,1,18a349e75d307f4b4cc646a691ed4216,29.35,7.78,2017-09-22 03:15:45,SP,13320,SP,1319,6.127372685185185,1.868078703703704,-6.22380787037037,0,0,on_time,3.0,SP->SP
800041272b068eed258fd7c9120a26f4,09a3bc3236329de95ec9cae4f72cecf0,delivered,2017-06-12 15:13:07,2017-06-12 16:00:06,2017-06-13 13:13:14,2017-06-19 12:24:46,2017-07-05,1,f8db351d8c4c4c22c6835c19a46f01b0,149.9,25.89,2017-06-16 15:33:59,RJ,26080,SP,13324,0.9167476851851852,5.966342592592593,-15.482800925925924,0,0,on_time,5.0,SP->RJ
cfe75b350e0f6cd144578e60bd77da82,0abe81da869139a8b4a68d7740747d6d,delivered,2018-04-15 16:10:00,2018-04-15 16:31:15,2018-04-16 17:09:03,2018-04-25 16:30:45,2018-05-11,1,128639473a139ac0f3e5f5ade55873a5,19.9,18.23,2018-04-19 16:30:37,SC,89161,PR,87050,1.0410069444444443,8.973402777777778,-15.311979166666667,0,0,on_time,5.0,PR->SC
43960d2cd4437218da00d3b8e83b2819,077db731d84e53b8b593dd8835f1517b,delivered,2017-07-10 16:19:29,2017-07-11 04:06:04,2017-07-12 19:27:36,2017-07-18 18:25:20,2017-07-31,1,0b18d63d0cd1d723567903fd34a07df2,43.96,47.4,2017-07-18 04:06:04,SP,14500,SP,5141,2.130636574074074,5.956759259259259,-12.232407407407408,0,0,on_time,5.0,SP->SP
dcf51b3ba4cb3e45b46d4700e9d2d372,ace4afd0542aa350c02e981fef5b7e85,delivered,2018-02-06 13:57:42,2018-02-06 15:55:44,2018-02-09 00:26:42,2018-02-19 23:53:09,2018-03-05,1,3c487ae8f8d7542beff5788e2e0aea83,489.9,18.87,2018-02-12 15:55:44,SP,3220,DF,72460,2.4368055555555554,10.97670138888889,-13.004756944444445,0,0,on_time,4.0,DF->SP
33dea0203a24cd38fb9a7f8ee4bbe0ee,814cd71fa02d9328b0c1a0b4ab0b433c,delivered,2018-05-12 13:17:58,2018-05-12 13:32:07,2018-05-14 13:56:00,2018-05-15 18:42:22,2018-05-24,1,33ac3e28642ab8bda860a2f693000e78,189.99,9.09,2018-05-17 13:30:28,SP,12226,SP,6717,2.026412037037037,1.1988657407407408,-8.220578703703703,0,0,on_time,2.0,SP->SP
d598cf8c9a25d482dcf98cadd21713e3,f8acc8de4fad06eb697f8f46bde183aa,delivered,2018-06-29 14:49:56,2018-06-29 15:11:13,2018-07-02 14:15:00,2018-07-06 17:48:43,2018-07-20,1,8b321bb669392f5163d04c59e235e066,17.99,15.23,2018-07-03 15:11:13,RJ,26535,SP,1212,2.975740740740741,4.148414351851852,-13.257835648148149,0,0,on_time,5.0,SP->RJ
086f617d66181efa193629791e0a9076,bd9f453692541458b7e80c8ec16bc167,delivered,2018-08-10 12:48:28,2018-08-10 13:04:45,2018-08-13 14:24:00,2018-08-21 16:39:05,2018-08-31,1,6e4a902d1054e4e17aa6eab87fac1c75,92.9,18.75,2018-08-15 13:04:45,RJ,25655,SP,18090,3.0663425925925925,8.09380787037037,-9.306192129629627,0,0,on_time,4.0,SP->RJ
482c3ed0fe2eb68b316507e78faa6783,1ea6e83f3f7e635b07ff88693fb6e2b1,delivered,2018-01-13 09:45:34,2018-01-13 09:55:30,2018-01-15 19:28:48,2018-01-25 15:52:37,2018-02-15,1,d379f449f2a3b271bc01c0782020f705,149.99,35.57,2018-01-22 09:55:30,PR,85817,MG,35500,2.4050231481481483,9.849872685185185,-20.33846064814815,0,0,on_time,4.0,MG->PR
8ea705b6d457f1b50272b5ae5a7a9099,6e99b4a37b2d5aa40cb85bdfcf9dc0eb,delivered,2017-06-14 12:52:00,2017-06-14 13:05:08,2017-06-19 08:12:07,2017-06-19 19:35:51,2017-06-30,1,37be5a7c751166fbc5f8ccba4119e043,215.0,15.11,2017-06-22 13:05:08,SP,11065,SP,4248,4.805636574074074,0.4748148148148148,-10.1834375,0,0,on_time,4.0,SP->SP
e0785eb4173f81ac87d13c38100670dd,934e84f2cd66b617d8c4d823375f8639,delivered,2018-01-09 16:26:58,2018-01-09 16:40:10,2018-01-10 18:19:49,2018-01-22 16:59:24,2018-02-09,1,10076e5788b8ee532724bcd460baf762,38.8,15.1,2018-01-15 16:40:10,RS,97280,SP,14315,1.0783680555555557,11.944155092592592,-17.292083333333334,0,0,on_time,5.0,SP->RS
b3f8cce18de7b670b4bf149957000470,ac5a1cbb563d2114e713fe982f58e819,delivered,2018-08-01 19:42:37,2018-08-01 20:30:16,2018-08-03 11:18:00,2018-08-07 12:58:17,2018-08-17,1,7d294cf9a6a69dc6a0c3e540fff0e039,51.45,22.33,2018-08-07 20:30:16,SC,89052,SC,88390,1.6495717592592594,4.069641203703704,-9.459525462962963,0,0,on_time,5.0,SC->SC
6529965e47097fe5bb0be908e7c43e9a,fdb42e759b6b954dd8a7e02b1df517f4,delivered,2018-05-30 22:08:37,2018-05-30 22:30:31,2018-06-01 13:43:00,2018-06-06 17:32:55,2018-07-03,1,a673821011d0cec28146ea42f5ab767f,124.99,70.92,2018-06-07 22:30:10,MG,30180,SP,3809,1.6488773148148148,5.159664351851852,-26.26880787037037,0,0,on_time,5.0,SP->MG
eaf42d23fedb6d8d7747c8ab44b8784e,f0fec35cbcc1ab5ab6cc6339950fee20,delivered,2018-03-19 16:34:50,2018-03-20 16:29:34,2018-03-21 20:18:59,2018-05-01 21:20:50,2018-04-10,1,955fee9216a65b617aa5c0531780ce60,169.0,36.31,2018-03-26 16:29:34,RJ,27570,SP,4782,2.155659722222222,41.04295138888889,21.88946759259259,1,0,carrier,2.0,SP->RJ
ecc7087acdf5c36b3e115a2638bcfb92,3d9838aa35223cdfddaaf348d93bc30b,delivered,2017-09-12 17:10:30,2017-09-12 17:30:11,2017-09-14 16:37:33,2017-09-19 17:52:21,2017-10-05,1,cc419e0650a3c5ba77189a1882b7556a,89.99,14.38,2017-09-20 17:30:11,MG,33925,SP,9015,1.977118055555556,5.051944444444445,-15.2553125,0,0,on_time,4.0,SP->MG
d96dd69ac1c031310e28e40e22130149,efe389e9d5152203223f50ad62a0572c,delivered,2018-03-15 20:36:00,2018-03-16 03:50:16,2018-03-21 21:25:39,2018-04-04 19:28:34,2018-04-03,1,1f50f920176fa81dab994f9023523100,53.9,14.47,2018-03-22 03:30:59,SP,13025,SP,15025,6.034479166666666,13.91869212962963,1.811504629629629,1,0,carrier,5.0,SP->SP
aa4a7de098f44e8ab3764edd1e82f34c,2c413ac8eded2e9d75ec57a12edccce3,delivered,2017-07-24 17:28:51,2017-07-25 03:35:40,2017-07-28 18:53:01,2017-08-01 16:07:49,2017-08-04,1,9c0e69c7bf2619675bbadf47b43f655a,109.9,8.51,2017-07-31 03:35:40,SP,8615,SP,12230,4.058449074074074,3.8852777777777776,-2.3279050925925926,0,0,on_time,5.0,SP->SP
a01ca80edfd6ef1c7acefbef55ac7031,ec36973ada72d7c55461ad8f996586d7,delivered,2018-02-13 12:30:17,2018-02-13 13:30:29,2018-02-21 17:49:28,2018-02-26 17:55:09,2018-03-01,1,f262cbc1c910c83959f849465454ddd3,59.99,9.34,2018-02-19 12:30:29,SP,13087,SP,3564,8.221655092592593,5.003946759259259,-2.253368055555556,0,1,on_time,1.0,SP->SP
d662d012f313d50b0c2a39e6d4f88562,4d12da03af6b4513c13c61dcc5171626,delivered,2017-11-28 13:05:49,2017-11-28 14:20:04,2017-12-04 16:59:59,2017-12-21 17:59:05,2017-12-26,1,3d871de0142ce09b7081e2b9d1733cb1,169.9,57.86,2017-12-04 14:20:04,RJ,28655,SP,13232,6.1626157407407405,17.04104166666667,-4.250636574074074,0,1,on_time,5.0,SP->RJ
f1e52bae5718b3a66d02799d6de63027,f84c099bf96cf334e76c07a3b319b1b4,delivered,2018-03-22 08:11:00,2018-03-22 08:28:53,2018-03-23 01:26:35,2018-04-04 04:22:40,2018-04-19,1,1a3df491d1c4f1589fc2b934ada68bf2,149.9,29.48,2018-03-29 08:28:53,MG,37517,SC,89224,0.7191550925925926,12.122280092592591,-14.817592592592591,0,0,on_time,5.0,SC->MG
2a706489eee816fe6f5bfe2298c51840,15b13916422ccd2d823abb287bdfca49,delivered,2017-09-02 12:03:14,2017-09-02 12:10:16,2017-09-04 16:22:45,2017-09-05 13:44:05,2017-09-15,1,76623fde66e6b63b59440fd34160512d,29.9,7.78,2017-09-08 12:10:16,SP,3159,SP,7124,2.180219907407408,0.8898148148148148,-9.427719907407408,0,0,on_time,3.0,SP->SP
de6ea8b619d37e5f86f1566fb3136a15,de416864fefbc148110c3951c25fe872,delivered,2017-10-30 10:40:22,2017-10-31 10:35:21,2017-10-31 21:29:06,2017-11-09 19:26:47,2017-11-24,1,fa1c13f2614d7b5c4749cbc52fecda94,123.43,15.61,2017-11-07 10:35:21,SC,89201,SP,13170,1.4505092592592592,8.91505787037037,-14.189733796296297,0,0,on_time,5.0,SP->SC
32906a7376b5ff689e78c67f25059b4f,dab3c10f7080f01ef10fa5f0edfa15ab,delivered,2018-06-17 08:28:27,2018-06-17 08:59:07,2018-06-20 18:01:00,2018-06-21 11:49:58,2018-06-28,1,beadbee30901a7f61d031b6b686095ad,35.0,7.51,2018-06-21 08:59:07,SP,13202,SP,7097,3.3976041666666665,0.742337962962963,-6.506967592592592,0,0,on_time,3.0,SP->SP
046af6e24851f4a0a0e7849112980219,bb50620b77290f46cb4b87a5351c69b1,delivered,2017-10-14 16:01:55,2017-10-14 16:14:20,2017-10-16 20:18:05,2017-10-20 21:22:14,2017-11-03,1,f181738b150df1f37cb0bd72e705b193,14.9,14.1,2017-10-20 17:14:20,RJ,22420,SP,6317,2.1778935185185184,4.044548611111111,-13.109560185185185,0,0,on_time,5.0,SP->RJ
95e4477d8423c69a93c55d840e02d9ba,42048dec015103c5b5715657565ec274,delivered,2017-01-28 23:55:20,2017-01-29 01:31:04,2017-01-30 16:14:36,2017-02-10 00:09:16,2017-03-17,1,4a3ca9315b744ce9f8e9374361493884,48.9,18.0,2017-02-01 23:55:20,PR,85568,SP,14940,1.6800462962962963,10.329629629629627,-34.99356481481482,0,0,on_time,4.0,SP->PR
aa3aed786cbca7fa2c6eaf17148c63e4,7cb49dacdbac02e8c66298569cce53a7,delivered,2017-07-30 18:31:33,2017-07-30 18:45:21,2017-07-31 20:12:27,2017-08-09 18:08:37,2017-08-22,1,46dc3b2cc0980fb8ec44634e21d2718e,299.99,19.35,2017-08-03 18:45:21,SP,12221,RJ,22240,1.0700694444444443,8.91400462962963,-12.244016203703705,0,0,on_time,4.0,RJ->SP
7771f12b8336695166d8e1fc01bed225,9082b1568abf65c8110985c719dc70de,delivered,2018-05-31 17:45:32,2018-05-31 17:55:15,2018-06-01 13:32:00,2018-06-08 19:15:45,2018-07-12,1,f84a00e60c73a49e7e851c9bdca3a5bb,134.2,23.52,2018-06-08 17:55:15,PR,87200,RJ,20756,0.8239351851851852,7.238715277777778,-33.19739583333333,0,0,on_time,5.0,RJ->PR
f4a9a8dac06f384b1b71b01d433a1a5b,69c28b2b49b4b0b3beba4e396cee5551,delivered,2018-02-19 10:13:31,2018-02-19 10:27:42,2018-02-22 18:46:55,2018-03-29 12:58:43,2018-03-16,1,4a3ca9315b744ce9f8e9374361493884,41.8,16.79,2018-02-23 10:27:42,BA,44052,SP,14940,3.356527777777778,34.75819444444444,13.540775462962962,1,0,carrier,1.0,SP->BA
eb49a7916a6668a17d85eac9a7b73a18,b16623490956836285bed777c5e5c16f,delivered,2017-03-24 11:33:58,2017-03-24 11:45:11,2017-03-31 07:55:58,2017-04-04 11:22:06,2017-04-19,1,da8622b14eb17ae2831f4ac5b9dab84a,489.8,38.0,2017-04-05 11:45:11,SP,4137,SP,13405,6.848611111111111,4.143148148148148,-14.526319444444445,0,0,on_time,3.0,SP->SP
66eb8c748be99c3107d318f370cd9aa2,72f4681642ad6cbcfcb011920336f1d7,delivered,2018-04-18 23:24:27,2018-04-18 23:35:09,2018-04-19 18:26:44,2018-04-26 18:07:24,2018-05-11,1,955fee9216a65b617aa5c0531780ce60,120.0,14.27,2018-04-24 23:35:09,SP,15903,SP,4782,0.7932523148148148,6.986574074074074,-14.244861111111112,0,0,on_time,1.0,SP->SP
bceb7ee558b90b3b5fe8965cc787d374,536d61bbf99f64bf8d8905afa8ba5ec8,delivered,2018-05-14 22:58:40,2018-05-14 23:17:47,2018-05-15 14:28:00,2018-05-25 20:49:45,2018-06-06,1,7142540dd4c91e2237acb7e911c4eba2,59.9,42.48,2018-05-17 23:17:47,CE,60420,SP,16301,0.6453703703703704,10.265104166666667,-11.132118055555557,0,0,on_time,4.0,SP->CE
171706c3cdc94b7ab32ba08a0c408b21,c2586338703b7c08c56dab59d61cf3ea,delivered,2018-05-16 09:46:56,2018-05-16 10:12:32,2018-05-16 14:17:00,2018-05-21 21:20:45,2018-05-30,1,dbc22125167c298ef99da25668e1011f,54.54,15.23,2018-05-18 10:12:32,MG,38070,MG,37564,0.1875462962962963,5.294270833333333,-8.110590277777778,0,0,on_time,5.0,MG->MG
e2e6981a464151382dad2865d02642ed,eddaa8af6d3be5af666176a35718f182,delivered,2018-01-03 19:31:35,2018-01-03 19:46:59,2018-01-04 15:29:03,2018-01-05 23:49:40,2018-01-19,1,620c87c171fb2a6dd6e8bb4dec959fc6,49.9,8.27,2018-01-09 19:46:59,RJ,22783,RJ,25645,0.831574074074074,1.3476504629629629,-13.007175925925926,0,0,on_time,5.0,RJ->RJ
c262d9407971d247fc7683fc716ab9ab,29631b630037329464b18f738028aa02,delivered,2017-11-27 14:32:20,2017-11-27 15:01:36,2018-01-04 21:07:54,2018-01-16 21:48:52,2017-12-20,1,54965bbe3e4f07ae045b90b0b8541f52,120.0,23.71,2017-12-01 15:01:36,RJ,23575,PR,85851,38.27469907407407,12.028449074074071,27.908935185185182,1,1,seller,1.0,PR->RJ
bd90d63806137364d76965e61cfd6a28,0bd51eff36516c236f8eebce83579c43,delivered,2018-02-28 15:46:27,2018-02-28 16:16:04,2018-03-01 21:22:58,2018-03-08 17:39:48,2018-03-22,1,821fb029fc6e495ca4f08a35d51e53a5,389.0,59.39,2018-03-06 16:16:04,MG,39880,SP,2030,1.2336921296296297,6.845023148148148,-13.26402777777778,0,0,on_time,1.0,SP->MG
eb6553e51dc318a6b8790d6793b029ed,4d92d11557fa6d633ad8d7d5f8e18cd7,delivered,2018-01-04 09:14:53,2018-01-05 02:38:00,2018-01-09 23:09:55,2018-01-16 15:22:03,2018-02-02,1,5656537e588803a555b8eb41f07a944b,56.89,15.15,2018-01-11 02:38:00,MG,38045,DF,72015,5.579884259259259,6.675092592592593,-16.3596875,0,0,on_time,5.0,DF->MG
fa7b2ac9d0a8b3d20805eb52c416c2fa,d997b945624a4b422fc7d3a58fdaab3c,delivered,2017-08-10 13:10:06,2017-08-10 13:25:14,2017-08-12 10:55:42,2017-08-17 20:36:44,2017-08-30,1,3a734b715d333a2588a3d54a0c9b8746,280.0,13.46,2017-08-16 13:25:14,SP,19190,SP,6132,1.9066666666666667,5.40349537037037,-12.141157407407407,0,0,on_time,5.0,SP->SP
e1a9a4e68f9e918e0b27952d64dc51f8,5e887eb80d189ce9c80ab2d56d4a0f29,delivered,2018-01-29 00:04:05,2018-01-29 17:55:19,2018-01-31 13:36:25,2018-03-07 22:25:32,2018-03-05,1,955fee9216a65b617aa5c0531780ce60,140.0,81.8,2018-02-02 17:55:19,CE,62320,SP,4782,2.5641203703703703,35.36744212962963,2.9343981481481483,1,0,carrier,3.0,SP->CE
ac768e7352af801fc669b4c40278768e,6d54b2b3ee38a0af088d05f349aa9afc,delivered,2018-07-27 15:03:02,2018-07-27 15:15:13,2018-07-30 12:24:00,2018-08-03 18:31:58,2018-08-20,1,4869f7a5dfa277a7dca6462dcf3b52b2,79.9,18.66,2018-08-01 15:15:13,SC,88309,SP,14840,2.8895601851851853,4.255532407407407,-16.227800925925926,0,0,on_time,5.0,SP->SC
e7eceb7362eb746b29dc6205f732067c,8600b231a8fa87131e4bcf9d1dd0cbd6,delivered,2017-09-08 09:34:14,2017-09-12 04:25:51,2017-09-12 19:19:55,2017-09-19 20:27:07,2017-09-26,1,3d871de0142ce09b7081e2b9d1733cb1,69.9,12.83,2017-09-18 04:25:51,SP,13070,SP,13232,4.406724537037037,7.046666666666667,-6.147835648148148,0,0,on_time,5.0,SP->SP
7714757e3e3208a4bb46a46e52596c78,dfb7c2c626c94a2991089835ed7c2da7,delivered,2017-10-31 12:34:29,2017-10-31 12:47:12,2017-11-01 20:05:56,2017-11-03 16:38:20,2017-11-09,1,955fee9216a65b617aa5c0531780ce60,75.0,13.08,2017-11-08 12:47:12,SP,9220,SP,4782,1.3135069444444445,1.8558333333333328,-5.306712962962963,0,0,on_time,5.0,SP->SP
a89e0347b6138ab8ed766aeb2f79c157,e1cb75c4e9c635beaa9c4f595f75d36d,delivered,2017-03-27 13:19:07,2017-03-27 13:30:19,2017-04-10 13:38:44,2017-04-12 14:13:23,2017-04-20,1,2e3be8a987a30d7544dbbda6861cc14e,109.99,15.98,2017-04-04 13:30:19,SP,6767,MG,30620,14.013622685185185,2.0240625,-7.4073726851851855,0,1,on_time,4.0,MG->SP
3a6f6cf4de24c8615434613e2f1db015,24919b72996bb428094aac6b57ff53de,delivered,2018-08-08 14:48:43,2018-08-08 15:04:58,2018-08-09 15:15:00,2018-08-10 13:34:30,2018-08-15,1,643214e62b870443ccbe55ab29a4dccf,32.0,7.48,2018-08-10 15:04:58,SP,13847,SP,2134,1.0182523148148148,0.9302083333333332,-4.434375,0,0,on_time,5.0,SP->SP
26433be071eb28b998536367c0b2a6a8,e795c86066375fa459ee9af20e75d2d7,delivered,2017-03-15 14:52:55,2017-03-15 14:52:55,2017-03-17 08:46:22,2017-03-28 14:23:43,2017-04-11,1,a1043bafd471dff536d0c462352beb48,99.99,36.53,2017-03-21 14:52:55,SC,89870,MG,37175,1.745451388888889,11.234270833333332,-13.40019675925926,0,0,on_time,5.0,MG->SC
184d0d273e35638268d90ed9d912ee8c,e0bd132faf773c66a3577305ba55f8a9,delivered,2017-09-16 14:01:00,2017-09-16 14:10:18,2017-09-20 19:48:59,2017-09-22 18:29:00,2017-09-28,1,05f51e13da97139648b8125c31e5f51b,419.9,86.8,2017-09-21 14:10:18,MG,30220,MG,31910,4.241655092592593,1.9444560185185185,-5.229861111111111,0,0,on_time,5.0,MG->MG
f5d97c18a8bda6c516e7c61c9d1a6a27,d6ff0729a04abfae28187d09d16d1c3b,delivered,2018-05-18 00:32:30,2018-05-18 04:14:29,2018-05-18 12:51:00,2018-06-05 13:24:22,2018-06-06,1,edb1ef5e36e0c8cd84eb3c9b003e486d,199.3,37.16,2018-05-22 04:14:29,SP,18074,RJ,25957,0.5128472222222222,18.023171296296297,-0.441412037037037,0,0,on_time,5.0,RJ->SP
98576d430a6b6a1f2354a144cacc5940,bbadb481c7afa7f5d4e726e788aed89b,delivered,2017-08-05 07:21:56,2017-08-05 07:35:10,2017-08-07 18:33:56,2017-08-25 21:22:08,2017-09-06,1,fa1c13f2614d7b5c4749cbc52fecda94,799.0,27.91,2017-08-10 07:33:29,AL,57082,SP,13170,2.466666666666667,18.116805555555555,-11.10962962962963,0,0,on_time,5.0,SP->AL
a942adcbb3d69d5e7ec1d68a0786b52d,94e1d9d5d478d6c6ab184b542bffed78,delivered,2017-05-21 19:36:42,2017-05-21 19:45:18,2017-05-30 14:29:58,2017-06-03 10:05:41,2017-06-09,1,36a968b544695394e4e9d7572688598f,144.9,13.35,2017-05-25 19:45:18,SP,17201,SP,11010,8.786990740740741,3.816469907407408,-5.579386574074074,0,1,on_time,4.0,SP->SP
4a4802e33f88a8787ccc4cb998f416ac,364543b76991d783f53202967dd031ce,delivered,2017-08-15 16:59:37,2017-08-15 18:30:16,2017-08-16 17:25:47,2017-09-01 16:19:06,2017-09-06,1,86ccac0b835037332a596a33b6949ee1,29.99,16.11,2017-08-21 18:30:16,SP,13063,SC,89041,1.0181712962962963,15.95369212962963,-4.320069444444444,0,0,on_time,4.0,SC->SP
3f7adef1231a477e6ff24caefa8afd63,6647c7485d0a91fe4b176db1016d999e,delivered,2017-12-10 22:05:44,2017-12-10 23:08:49,2017-12-12 21:18:56,2017-12-15 16:33:00,2017-12-28,1,46dc3b2cc0980fb8ec44634e21d2718e,244.99,18.82,2017-12-14 23:08:49,RJ,27210,RJ,22240,1.9675,2.801435185185185,-12.310416666666669,0,0,on_time,,RJ->RJ
068d0d74dbf3b124a2b65bb2aad2387a,28c8cd18a3ff842d291c265fd0972698,delivered,2017-08-10 12:36:54,2017-08-12 02:55:52,2017-08-17 20:37:23,2017-08-28 16:56:02,2017-09-01,1,3db66a856d18a9cba7c9241fc5221c50,149.9,21.54,2017-08-17 02:55:52,SP,14025,MG,35430,7.333668981481481,10.846284722222222,-3.294421296296296,0,1,on_time,5.0,MG->SP
d7b0fbace1976ca8aeb0e670bfcaf77b,de8eb4cf6668c16796ddc54b1ba9d7f1,delivered,2017-02-26 14:53:38,2017-02-26 15:05:17,2017-03-03 12:17:45,2017-03-13 12:28:10,2017-03-30,1,0db783cfcd3b73998abc6e10e59a102f,99.0,21.14,2017-03-02 15:05:17,BA,45400,SP,11010,4.8917476851851855,10.007233796296296,-16.480439814814815,0,1,on_time,5.0,SP->BA
09b457f1152126535a2e7d4a3b73ff6f,63eba5144d1e863052f1b154a402b7bb,delivered,2018-01-02 16:17:41,2018-01-04 05:14:12,2018-01-04 22:44:04,2018-01-05 17:07:30,2018-01-18,1,0c7533c71df861ec58ad7ff999ed0e8d,6.3,7.78,2018-01-10 03:32:00,SP,13255,SP,13270,2.2683217592592597,0.7662731481481482,-12.286458333333334,0,0,on_time,5.0,SP->SP
8f4ca9bde5fe4aa5bcf7af761a7779cc,7286b5cbd9bcc9df28c378dd0b1aa4dd,delivered,2017-12-05 15:18:02,2017-12-05 15:31:38,2017-12-12 19:03:32,2017-12-19 17:24:36,2017-12-29,1,5075aaa8404020ae6aa8bf4792099b41,14.99,14.08,2017-12-11 15:31:08,SP,13631,MG,37706,7.156597222222223,6.9312962962962965,-9.274583333333334,0,1,on_time,5.0,MG->SP
45d6ca6a1aced4acda59dbae2035c8b0,e11ca2a0794a6a0fdabcace5ffe86ecf,delivered,2017-03-30 14:48:27,2017-03-30 14:55:18,2017-03-31 13:40:00,2017-04-11 10:29:00,2017-04-26,1,33cbda8716511e27e556dff9d8418bf2,189.9,23.62,2017-04-05 14:55:18,RJ,22451,SC,89052,0.9524652777777778,10.86736111111111,-14.563194444444443,0,0,on_time,5.0,SC->RJ
77e6a10b9f7d2c7a06295e3098afac8c,f1c1b72a3eafb0be1e32cfe59c256ba6,delivered,2018-08-08 08:06:32,2018-08-08 08:15:12,2018-08-08 08:23:00,2018-08-15 20:08:27,2018-08-17,1,7d456afc660226829370f3173d14520c,136.0,39.34,2018-08-10 08:15:12,PR,86604,SP,8820,0.0114351851851851,7.489895833333334,-1.160798611111111,0,0,on_time,5.0,SP->PR
8df3b9ee87391ad43854a0ea83da2b93,c142a0c1cafdbc0cdd3a2f017aed7b27,delivered,2018-05-11 17:50:29,2018-05-11 18:16:40,2018-05-14 09:04:00,2018-05-19 20:42:39,2018-05-29,1,42b729f859728f5079499127a9c2ef37,35.9,12.79,2018-05-17 18:16:40,SP,11250,SP,3910,2.634386574074074,5.485173611111111,-9.137048611111112,0,0,on_time,5.0,SP->SP
08273b57741a2ee2f20725323393b0a2,422c1063e6bb4e39e0f40de0c06450e7,delivered,2018-04-08 21:10:37,2018-04-08 21:29:24,2018-04-10 02:22:01,2018-04-10 19:18:45,2018-04-25,1,7040e82f899a04d1b434b795a43b4617,219.9,32.93,2018-04-12 21:29:24,SP,2129,SP,1026,1.21625,0.7060648148148149,-14.1953125,0,0,on_time,4.0,SP->SP
8a8bf3db20c35d3181fbe956269e0a26,e8db4f36f254e992ce9d5f106307583c,delivered,2018-04-09 10:38:28,2018-04-09 10:50:16,2018-04-10 17:11:23,2018-04-13 19:06:48,2018-05-02,1,4869f7a5dfa277a7dca6462dcf3b52b2,208.0,13.9,2018-04-13 10:50:16,SP,1307,SP,14840,1.2728587962962965,3.080150462962963,-18.203611111111112,0,0,on_time,5.0,SP->SP
60648fdf5b85f552e8aed95a6173d6b6,b6bd3fcbd152d2e1fc27c93ae688d091,delivered,2018-03-12 09:39:27,2018-03-12 09:55:41,2018-03-16 19:45:00,2018-04-18 02:32:02,2018-04-06,1,fa1c13f2614d7b5c4749cbc52fecda94,188.9,16.2,2018-03-16 09:55:41,RS,93544,SP,13170,4.420520833333334,32.282662037037035,12.105578703703705,1,1,seller,1.0,SP->RS
94025de10c28a35becc4666e4d661698,b100f8f55ea9f4dd222373cc1d5ff5d3,delivered,2017-08-24 19:24:19,2017-08-25 02:50:34,2017-08-25 17:35:23,2017-08-28 13:32:51,2017-09-06,1,fa40cc5b934574b62717c68f3d678b6d,44.9,7.78,2017-08-31 02:50:34,SP,4120,SP,2310,0.924351851851852,2.8315740740740742,-8.435520833333333,0,0,on_time,5.0,SP->SP
1d643b8cef95dfa4cf580061a62c6075,cdb1f6506ca30313b24766d993482ca8,delivered,2018-04-11 20:48:46,2018-04-11 21:09:42,2018-04-14 00:48:45,2018-04-18 21:50:59,2018-05-04,1,e9779976487b77c6d4ac45f75ec7afe9,120.0,13.28,2018-04-17 21:09:42,SP,14900,SP,11701,2.1666550925925927,4.876550925925926,-15.089594907407408,0,0,on_time,5.0,SP->SP
a2e6b3c462fbefc8709b2eb5f51f809b,0e1c72b69b4c8f473de3b34712a15a76,delivered,2017-07-05 13:27:40,2017-07-06 03:24:07,2017-07-06 15:40:01,2017-07-13 17:38:00,2017-08-02,1,001cca7ae9ae17fb1caed9dfb1094831,99.99,56.93,2017-07-12 03:24:07,PR,84172,ES,29156,1.0919097222222225,7.081932870370371,-19.26527777777778,0,0,on_time,5.0,ES->PR
9dfcb922e1243614936a4e9514ce45bc,16b3f5b8bfeb45aee620672091a81995,delivered,2017-06-02 12:26:55,2017-06-03 02:35:31,2017-06-06 05:27:31,2017-06-12 08:05:37,2017-06-27,1,63ffcb71394dd8ea3872ed9ffda17c74,27.9,16.6,2017-06-08 02:35:31,SP,3560,RJ,24813,3.70875,6.109791666666666,-14.662766203703704,0,0,on_time,5.0,RJ->SP
cf528e0d99cf05154203f3ef20caac76,33245095f70ea953afeb2b688c2ad210,delivered,2018-04-26 14:49:37,2018-04-26 15:10:42,2018-04-27 13:36:00,2018-05-03 17:28:35,2018-05-22,1,7a241947449cc45dbfda4f9d0798d9d0,139.0,20.03,2018-05-03 15:10:42,SP,6110,MG,37590,0.9488773148148149,6.161516203703704,-18.27181712962963,0,0,on_time,5.0,MG->SP
8784e1595ac9dd7e7f4ebaa6bc6d79ed,0d6e60614912658914919485bad43534,delivered,2018-05-25 08:17:58,2018-05-25 08:36:49,2018-05-25 15:04:00,2018-06-06 20:26:28,2018-06-20,1,1f50f920176fa81dab994f9023523100,49.9,13.71,2018-05-30 08:31:37,SP,18730,SP,15025,0.2819675925925926,12.223935185185184,-13.148287037037036,0,0,on_time,5.0,SP->SP
4fd0ae446e2a80905f26ec0cf87f10e5,8dd6dbd5b96c1763204a1b708ac94dc1,delivered,2018-03-24 20:18:27,2018-03-24 20:30:28,2018-03-27 14:57:56,2018-04-13 20:48:22,2018-04-19,1,058fd0aa2bfdb2274e05e1ae971dabb6,139.0,15.85,2018-03-29 20:30:28,RS,91910,SP,9020,2.7774189814814814,17.24335648148148,-5.133078703703704,0,0,on_time,5.0,SP->RS
9edf857fb745380a09bf319e39843439,35330178f28d53aba7a23ed90dc92566,delivered,2018-06-06 11:32:21,2018-06-06 11:55:09,2018-06-07 07:52:00,2018-06-15 19:41:58,2018-07-17,1,955fee9216a65b617aa5c0531780ce60,60.0,20.15,2018-06-14 11:55:09,BA,40080,SP,4782,0.8469791666666666,8.493032407407407,-31.179189814814816,0,0,on_time,1.0,SP->BA
471a20066d4855e0de2359824437be13,603d1bd1f37caeb4169f53c033dd8f08,delivered,2018-06-13 20:58:24,2018-06-14 02:57:39,2018-06-14 12:25:00,2018-06-20 13:52:06,2018-07-16,1,4869f7a5dfa277a7dca6462dcf3b52b2,79.0,18.65,2018-06-19 02:57:39,PR,86701,SP,14840,0.6434722222222222,6.060486111111112,-25.42215277777778,0,0,on_time,5.0,SP->PR
b6d3f75a92e19fb13f1c33049cfb9a29,e22bf63c919b667e3f31fc1f6b28e5ff,delivered,2017-02-12 19:48:59,2017-02-12 20:03:10,2017-02-13 11:25:36,2017-02-21 13:56:21,2017-03-14,1,8cc6a0e5738e61a87b03c78b2ba9db4b,94.9,14.83,2017-02-16 19:48:59,ES,29161,MG,37795,0.6504282407407408,8.1046875,-20.41920138888889,0,0,on_time,5.0,MG->ES
55eda25190659fb615a61fbbaa14013c,c129172a7b1a93b029911b83f0d49471,delivered,2018-05-16 16:44:38,2018-05-16 16:57:07,2018-05-18 11:18:00,2018-06-05 17:45:36,2018-06-11,1,7a67c85e85bb2ce8582c35f2203ad736,89.99,59.17,2018-05-18 16:57:07,MA,65230,SP,3426,1.7731712962962962,18.269166666666667,-5.26,0,0,on_time,5.0,SP->MA
2cb146ee8dcde5dc2e8dda5bcebe3f47,9eba5d654db88e3e5c4afbbe96787e08,delivered,2018-05-26 10:08:31,2018-05-29 03:15:23,2018-06-01 14:59:00,2018-06-04 19:23:38,2018-06-20,1,cfb1a033743668a192316f3c6d1d2671,59.9,51.52,2018-06-06 03:15:23,SP,1311,SP,18110,6.201724537037037,3.183773148148148,-15.191921296296297,0,0,on_time,4.0,SP->SP
f7cb1a22366eb2e46a22d3626871d1d5,b4cfb1e6c0a0632e1d5dbe3ccfb18ef1,delivered,2018-05-02 15:14:09,2018-05-03 15:10:27,2018-05-03 13:02:00,2018-05-30 20:41:15,2018-05-23,1,1a932caad4f9d804097d7f8e615baed1,115.0,27.88,2018-05-09 15:10:27,BA,40430,SP,2976,0.9082291666666666,27.31892361111111,7.861979166666667,1,0,carrier,1.0,SP->BA
a8f98802b9d90bc23e0d46ca06b42136,2c6181c9105fc98a3d53efcc42657ad8,delivered,2017-11-17 19:41:05,2017-11-17 21:15:45,2017-11-21 19:44:02,2017-11-23 14:12:11,2017-11-30,1,2138ccb85b11a4ec1e37afbd1c8eda1f,18.99,7.78,2017-11-23 20:31:01,SP,13046,SP,8250,4.002048611111111,1.7695486111111112,-6.408206018518518,0,0,on_time,5.0,SP->SP
f29a57242152dd7973de7bec76001aac,31fbe11f03bb18977db56fc23e275565,delivered,2017-12-05 13:04:21,2017-12-06 02:35:28,2017-12-08 16:29:18,2017-12-17 18:13:17,2017-12-21,1,b2ba3715d723d245138f291a6fe42594,34.9,7.78,2017-12-12 02:35:28,SP,5783,SP,3470,3.142326388888889,9.072210648148149,-3.240775462962963,0,0,on_time,4.0,SP->SP
ad1aa8b8efedf5f8fc4712a4e380cc4d,8ed8cc42ab6647f52d9cd6efd76f9081,delivered,2018-07-13 19:29:32,2018-07-13 19:44:07,2018-07-16 17:46:00,2018-07-20 19:22:09,2018-07-30,1,36a968b544695394e4e9d7572688598f,12.88,18.23,2018-07-17 19:44:07,MG,30555,SP,11010,2.928101851851852,4.066770833333333,-9.192951388888888,0,0,on_time,2.0,SP->MG
b65df09993493fd5f15bef98f1a348fc,684313a21b6b8e984f57771f36d7e03b,delivered,2018-08-15 11:02:31,2018-08-15 11:15:20,2018-08-16 13:11:00,2018-08-20 21:56:29,2018-09-18,1,3c03b12bab54d8b37d79d914bfdb1aa0,81.9,15.67,2018-08-17 11:15:20,SP,6036,RJ,25561,1.089224537037037,4.364918981481481,-28.085775462962964,0,0,on_time,5.0,RJ->SP
2da17c10595f4473acf4564e3bd57ce2,3019339804e4bbd61f55671c4bc52d8a,delivered,2018-05-15 18:10:29,2018-05-15 18:34:53,2018-05-17 13:14:00,2018-05-18 22:28:36,2018-05-24,1,9674754b5a0cb32b638cec001178f799,69.9,8.88,2018-05-18 18:30:45,SP,7023,SP,4438,1.7941087962962965,1.385138888888889,-5.063472222222222,0,0,on_time,1.0,SP->SP
c06e996d9f8e42fc3e8d99d21366bd8c,41a02c8fd628009f83d4224f7be4bd95,delivered,2018-04-18 11:58:12,2018-04-18 18:36:38,2018-04-19 17:03:22,2018-05-08 18:38:49,2018-05-11,1,af7cdac9d9897cddead9c6b08976c642,99.99,23.28,2018-04-24 18:30:56,RJ,25750,SP,18500,1.2119212962962962,19.06628472222222,-2.223043981481481,0,0,on_time,4.0,SP->RJ
59b931645b38766a41bef9244d4ee476,3fcc0d2a43e27e5cd14cb2d881434777,delivered,2018-02-07 18:58:16,2018-02-07 19:10:32,2018-02-09 23:04:42,2018-02-11 16:42:41,2018-02-23,1,e9779976487b77c6d4ac45f75ec7afe9,78.98,16.54,2018-02-13 19:10:32,SP,1230,SP,11701,2.1711342592592597,1.7347106481481482,-11.30369212962963,0,0,on_time,1.0,SP->SP
11553350b61a44e1a53b118b920e2e3c,971d3c042d4f75a7dca4383881b21072,delivered,2017-04-28 21:32:25,2017-04-28 21:45:08,2017-05-04 10:24:57,2017-05-22 12:07:59,2017-05-22,1,fa40cc5b934574b62717c68f3d678b6d,39.9,10.96,2017-05-04 21:45:08,SP,13044,SP,2310,5.536481481481482,18.071550925925926,0.5055439814814815,1,0,carrier,5.0,SP->SP
16af3bfaa6a2871b0c80b75da409f501,663c18a3be70329d3a7bc7a72aa88522,delivered,2018-05-01 11:10:47,2018-05-03 03:53:03,2018-05-03 15:53:00,2018-05-08 10:07:47,2018-05-24,1,01fdefa7697d26ad920e9e0346d4bd1b,99.9,10.88,2018-05-09 03:53:03,SP,3920,PR,86050,2.1959837962962965,4.760266203703703,-15.57792824074074,0,0,on_time,5.0,PR->SP
650b025cd24c4072e607bdbcb8a030f2,407c757765d8367d4044c50a0e406004,delivered,2018-08-19 11:58:00,2018-08-20 11:33:14,2018-08-21 13:08:00,2018-08-27 15:19:12,2018-08-29,1,87142160b41353c4e5fca2360caf6f92,270.0,32.1,2018-08-22 11:31:54,SP,2441,RS,90230,2.048611111111111,6.091111111111111,-1.3616666666666666,0,0,on_time,5.0,RS->SP
1653009772c7d799890eec481fe417e3,4368b90b06b8eec19d7d150a2257d1e3,delivered,2017-08-03 14:33:16,2017-08-05 03:03:28,2017-08-10 15:07:30,2017-08-15 18:54:30,2017-08-25,1,7ddcbb64b5bc1ef36ca8c151f6ec77df,154.99,14.83,2017-08-10 03:03:28,RJ,23061,SP,4403,7.023773148148148,5.157638888888889,-9.212152777777778,0,1,on_time,5.0,SP->RJ
24157de329cfc5610de79f904534eab4,c29c2483aec7d84d37613bd1dfb86df0,delivered,2018-02-25 21:50:31,2018-02-25 22:08:07,2018-02-27 14:19:09,2018-03-14 13:24:26,2018-03-21,1,ce7d1888639e6fb06b2749cbfdac1ff7,138.0,25.81,2018-03-01 22:08:07,SP,2757,MG,37443,1.686550925925926,14.962002314814814,-6.441365740740741,0,0,on_time,5.0,MG->SP
73bf036e9d518e060d6f766d816483cb,9e6da2ee3df481b6390e3d404a72b5c0,delivered,2018-03-17 15:54:08,2018-03-17 16:31:29,2018-03-19 22:55:32,2018-03-21 16:22:43,2018-03-29,1,4830e40640734fc1c52cd21127c341d4,19.99,8.88,2018-03-22 16:31:29,SP,9861,SP,3573,2.292638888888889,1.7272106481481482,-7.31755787037037,0,0,on_time,5.0,SP->SP
d52b1795d584c884bb9c831365a62599,25d21d871c5b1e6193de2b420828b6c8,delivered,2017-11-25 10:40:57,2017-11-27 10:59:28,2017-11-29 13:52:03,2017-12-05 22:42:13,2017-12-20,1,391fc6631aebcf3004804e51b40bcf1e,39.99,11.85,2017-12-06 10:59:28,SP,9380,SP,14940,4.132708333333333,6.368171296296296,-14.054016203703704,0,0,on_time,5.0,SP->SP
43e4d5ff99bd1ca2d1cecbbf81067f4d,23fd1057f419241e5e9307e2ce4b0b28,delivered,2017-03-20 19:49:13,2017-03-20 19:49:13,2017-03-22 09:53:06,2017-03-28 14:28:02,2017-04-06,1,701938c450705b8ae65fc923b70f35c7,519.85,120.05,2017-03-24 19:49:13,SP,13460,SP,15014,1.5860300925925923,6.190925925925926,-8.397199074074074,0,0,on_time,5.0,SP->SP
2d84a50c6a3aaae840d7a0dbdde2df45,ba9de40a10a883feeb7bb4ca71ec9904,delivered,2018-07-31 12:46:23,2018-08-01 09:04:07,2018-08-02 14:11:00,2018-08-03 21:37:38,2018-08-06,1,99a54764c341d5dc80b4a8fac4eba3fb,24.0,8.33,2018-08-06 09:04:07,SP,8830,SP,3273,2.058761574074074,1.310162037037037,-2.0988657407407407,0,0,on_time,5.0,SP->SP
4bd64e323a8913934e03a501c3f32b71,23432b2b5fffb0c4da71e55901e3acf6,delivered,2017-06-12 22:23:08,2017-06-13 15:45:21,2017-06-19 22:03:37,2017-07-03 15:56:44,2017-06-26,1,c273175f7c6c80fb02f051e2fc6d0d72,29.7,8.72,2017-06-19 15:45:21,SP,11712,SP,5849,6.986446759259259,13.745219907407408,7.664398148148148,1,1,seller,5.0,SP->SP
3660e114692157e805cdd9f04e83d9e9,4b81d3c91fed6cc8ff56c408caacb520,delivered,2018-07-04 07:08:45,2018-07-05 16:31:51,2018-07-04 09:27:00,2018-07-10 12:18:47,2018-07-25,1,76d5af76d0271110f9af36c92573f765,69.8,27.64,2018-07-10 07:31:41,SP,15540,SP,3194,0.0960069444444444,6.119293981481482,-14.48695601851852,0,0,on_time,5.0,SP->SP
241a5c06b9d7d5cdc9df0d2157f5be9e,9603268837cee8403f0ab1cd6cb39c7d,delivered,2018-01-10 10:24:07,2018-01-10 10:35:32,2018-01-11 18:49:24,2018-01-15 16:18:53,2018-01-24,1,8e6d7754bc7e0f22c96d255ebda59eba,255.91,11.21,2018-01-16 10:35:32,SP,4581,SP,12233,1.3508912037037035,3.895474537037037,-8.320219907407408,0,0,on_time,1.0,SP->SP
4666d7a562ea830360d849b989de728e,c7a126e599b16391681b11a1ca602b51,delivered,2017-11-28 07:35:01,2017-11-30 07:33:07,2017-12-04 11:12:09,2017-12-11 20:19:02,2017-12-18,1,46dc3b2cc0980fb8ec44634e21d2718e,189.99,15.08,2017-12-06 07:31:33,SP,3276,RJ,22240,6.150787037037037,7.379780092592592,-6.153449074074074,0,0,on_time,4.0,RJ->SP
12e6f847bdf86df79a51931bbd0798b9,0ca135c2d4b81bb0234b5db12d9b7a8f,delivered,2017-07-16 21:37:40,2017-07-16 21:50:16,2017-07-17 16:37:26,2017-07-25 02:39:38,2017-08-10,1,6560211a19b47992c3666cc44a7e94c0,59.0,14.16,2017-07-20 21:50:16,DF,72006,SP,5849,0.7915046296296296,7.4181944444444445,-15.889143518518518,0,0,on_time,4.0,SP->DF
37a4ce5cc129f57f3c0d75ea0930f420,a6c7918342b4916efb9c858a5554dc2b,delivered,2018-01-18 12:30:24,2018-01-18 12:56:26,2018-01-23 21:39:12,2018-02-09 21:38:56,2018-02-26,1,53e4c6e0f4312d4d2107a8c9cddf45cd,33.0,20.75,2018-01-24 12:56:26,CE,60150,SP,13920,5.381111111111111,16.999814814814815,-16.097962962962963,0,0,on_time,5.0,SP->CE
5bc78a286b07fd8ad2198daf226ec008,058b94ef521255536e17b2760fbf9674,delivered,2017-08-27 18:02:31,2017-08-27 18:15:16,2017-08-28 19:22:05,2017-09-08 23:58:06,2017-09-15,1,f3b80352b986ab4d1057a4b724be19d0,79.0,18.79,2017-08-31 18:15:16,MS,79103,DF,71200,1.0552546296296297,11.19167824074074,-6.001319444444444,0,0,on_time,4.0,DF->MS
7d09831e67caa193da82cfea3bee7aa5,1409b2945191b7aff1975ba2ce9918c5,delivered,2018-08-05 17:11:44,2018-08-05 17:31:19,2018-08-07 14:44:00,2018-09-25 00:47:25,2018-08-20,1,cab85505710c7cb9b720bceb52b01cee,49.9,15.45,2018-08-07 17:24:22,DF,71699,SP,2252,1.8974074074074077,48.41903935185185,36.03292824074074,1,0,carrier,1.0,SP->DF
c92c52fc8165c38e21adf26ffcf62028,13f1c2d6b9a507bb66e4cae829635936,delivered,2017-04-29 21:56:10,2017-05-03 11:34:39,2017-05-03 12:11:38,2017-05-12 11:10:08,2017-05-24,1,218d46b86c1881d022bce9c68a7d4b15,121.0,11.46,2017-05-10 11:31:06,SP,13076,SP,14070,3.594074074074074,8.957291666666666,-11.53462962962963,0,0,on_time,1.0,SP->SP
d79ddb434f71cfac3f5307ba5bed7fa4,2d2622ca8b7ae3317a869976c5513dc5,delivered,2018-01-09 09:33:17,2018-01-09 09:48:56,2018-01-11 19:49:45,2018-01-15 16:49:12,2018-02-02,1,3d871de0142ce09b7081e2b9d1733cb1,129.0,13.92,2018-01-18 09:48:56,SP,12912,SP,13232,2.428101851851852,3.874618055555556,-17.299166666666668,0,0,on_time,2.0,SP->SP
0bc22eca7935c1cba82382e57d3e5ce6,e240eff137fb7e448e220313021b903a,delivered,2017-04-28 13:05:27,2017-04-28 13:15:26,2017-05-02 16:13:46,2017-05-08 09:32:30,2017-05-24,1,82e0a475a88cc9595229d8029273f045,99.8,15.91,2017-05-05 13:15:26,RJ,28680,SP,3417,4.130775462962963,5.721342592592593,-15.602430555555555,0,0,on_time,5.0,SP->RJ
7df532e9df5e7185f15df66997e787c8,43712210f3bda54791af9affec7b10bb,delivered,2018-04-12 00:38:04,2018-04-13 13:15:36,2018-04-17 18:58:30,2018-04-28 17:46:46,2018-05-09,1,6e386f64c84e482f0b9abf960797ee1b,699.4,29.03,2018-04-19 13:15:36,PB,58075,SP,1539,5.764189814814815,10.950185185185186,-10.259189814814814,0,0,on_time,4.0,SP->PB
bb2683bb3a0698a14f77b5f8f3749a04,a8a05978d0c8cf453db5a3089314aa88,delivered,2017-11-24 22:12:33,2017-11-25 01:14:03,2017-11-27 23:16:49,2017-11-28 19:27:52,2017-12-08,1,7e3f87d16fb353f408d467e74fbd8014,41.9,8.72,2017-11-30 01:14:03,SP,6120,SP,4809,3.04462962962963,0.8410069444444445,-9.188981481481482,0,0,on_time,5.0,SP->SP
b885d5e857bb433aa2d6c530a08e5e44,3696a85a2220475b954ef5bcd6a1f91f,delivered,2018-03-22 17:50:39,2018-03-22 18:00:36,2018-03-24 01:21:05,2018-04-11 18:03:24,2018-04-18,1,ccc4bbb5f32a6ab2b7066a4130f114e3,349.9,23.27,2018-04-02 18:00:36,SP,11680,PR,80310,1.312800925925926,18.696053240740746,-6.247638888888889,0,0,on_time,5.0,PR->SP
194a26fbbb1b4e83fa0b65aaf22d99c0,76a7939eae2e618a29876360ad42fe97,delivered,2018-07-30 12:58:51,2018-07-30 13:10:15,2018-08-01 13:36:00,2018-08-02 22:52:42,2018-08-07,1,1da3aeb70d7989d1e6d9b0e887f97c23,15.99,7.39,2018-08-02 13:10:15,SP,18055,SP,4265,2.025798611111111,1.3865972222222225,-4.046736111111112,0,0,on_time,5.0,SP->SP
9a9b1aa64c91b92fded7090145e03331,08652ae7b7ac5fa6f707620671306ddc,delivered,2018-08-11 17:27:17,2018-08-11 17:35:16,2018-08-13 12:23:00,2018-08-20 21:15:36,2018-09-04,1,ebd2d60905fb58271facef5596b620d3,30.0,19.4,2018-08-14 17:35:16,PR,86039,SP,18683,1.7886921296296296,7.369861111111111,-14.114166666666666,0,0,on_time,3.0,SP->PR
ccf19e37f66c81af8267c46cde40b405,0a648d9eb6a9fc8c4a26dfaef8b3b3cc,delivered,2017-10-19 11:58:49,2017-10-20 02:49:38,2017-10-23 15:03:16,2017-10-30 15:09:35,2017-11-10,1,4a3ca9315b744ce9f8e9374361493884,89.9,17.88,2017-10-26 02:49:38,MG,35400,SP,14940,4.128090277777778,7.004386574074074,-10.368344907407408,0,0,on_time,4.0,SP->MG
53f8daea6e8c8d787695830a448a3e67,09964655437e26066ed5c95ef397971a,delivered,2017-12-02 22:58:07,2017-12-03 02:43:35,2017-12-08 15:33:57,2017-12-29 19:18:08,2017-12-28,1,46dc3b2cc0980fb8ec44634e21d2718e,199.99,16.15,2017-12-07 02:31:26,MG,37200,RJ,22240,5.691550925925926,21.15568287037037,1.8042592592592592,1,1,seller,1.0,RJ->MG
0f93c58739ea2f69d93afa96a7a07855,0171707ab8e7ded84018d1172aa33c51,delivered,2017-11-21 11:44:48,2017-11-22 14:34:28,2017-11-23 21:19:09,2017-12-07 21:10:00,2017-12-12,1,44073f8b7e41514de3b7815dd0237f4f,195.0,23.24,2017-11-28 14:34:28,RJ,20775,DF,71070,2.3988541666666667,13.993645833333334,-4.118055555555555,0,0,on_time,3.0,DF->RJ
961c6413a68361bbcd366dcac23671ae,709acb1734ff952f080f92d08dac852b,delivered,2017-11-20 12:47:07,2017-11-20 13:07:32,2017-11-22 00:25:51,2017-12-04 22:49:10,2017-12-07,1,391fc6631aebcf3004804e51b40bcf1e,59.55,13.44,2017-11-24 13:07:32,SP,17527,SP,14940,1.4852314814814815,12.932858796296296,-2.049189814814815,0,0,on_time,4.0,SP->SP
c9fbd3052dbd9c9ff427806225df3ad8,eebae414ff03e98fc5c4ecc1b449d6fb,delivered,2017-11-24 20:11:37,2017-11-28 02:52:34,2017-12-01 22:22:20,2017-12-06 19:48:45,2017-12-14,1,1f50f920176fa81dab994f9023523100,49.0,13.44,2017-12-04 02:52:34,SP,9185,SP,15025,7.090775462962963,4.893344907407408,-7.174479166666667,0,0,on_time,5.0,SP->SP
91c7c6fab7c4a2d5f68547dfda573166,9ca34f9d35777f9b0202e7128f694c95,delivered,2017-06-14 16:01:14,2017-06-17 03:42:56,2017-06-19 13:44:33,2017-06-30 16:07:52,2017-07-11,1,78c99c6dff4eeae5be99bf635ed21e3f,35.9,16.11,2017-06-22 03:34:09,MS,79380,SP,17510,4.905081018518518,11.099525462962964,-10.32787037037037,0,0,on_time,5.0,SP->MS
c97448e24a8f892f02dcf3089103346f,6fd2c51b3eaa23c3ced2674b452e228c,delivered,2018-01-03 14:43:21,2018-01-03 14:52:23,2018-01-03 21:15:01,2018-01-08 21:42:33,2018-01-30,1,9f505651f4a6abe901a56cdc21508025,29.0,15.1,2018-01-09 14:52:23,MS,79813,SP,4102,0.2719907407407407,5.01912037037037,-21.09545138888889,0,0,on_time,1.0,SP->MS
6efe4ff2544602e95707b5e756e74712,2c9bda7cfb72f6946d6ba588a60c4039,delivered,2018-04-16 20:40:44,2018-04-18 02:11:20,2018-04-18 22:28:35,2018-04-24 22:12:36,2018-05-09,1,17a053fcb14bd219540cbde0df490be0,179.9,34.12,2018-04-24 02:11:20,SP,16360,SP,13843,2.074895833333333,5.988900462962963,-14.074583333333331,0,0,on_time,5.0,SP->SP
29455cc4cdaac794ccacd95639a157d8,7b54af8469cc5523cff664b14aad6a8d,delivered,2018-08-21 11:42:18,2018-08-21 11:55:17,2018-08-22 14:28:00,2018-08-27 21:07:46,2018-09-06,1,54a1852d1b8f10312c55e906355666ee,84.99,16.79,2018-08-23 11:55:17,DF,70687,SP,13456,1.1150694444444444,5.277615740740741,-9.11960648148148,0,0,on_time,5.0,SP->DF
7d7df8855c592bc0b098e2579a45b651,705919214a7406359e3d3641c1c5c2f6,delivered,2018-03-25 15:40:15,2018-03-25 15:50:33,2018-03-26 21:12:42,2018-03-28 00:05:46,2018-04-06,1,8648b1e89e9b349e32d3741b30ec737e,32.5,7.87,2018-03-29 15:50:33,SP,4311,SP,12308,1.2308680555555556,1.1201851851851852,-8.99599537037037,0,0,on_time,5.0,SP->SP
7c08dc7de9f9ef0a8dee5ab4a414f840,f193948dfb090a947f61af8fd1686cca,delivered,2018-04-08 23:46:57,2018-04-08 23:55:17,2018-04-10 00:05:32,2018-04-11 17:52:45,2018-04-19,1,9b013e03b2ab786505a1d3b5c0756754,20.0,7.87,2018-04-12 23:55:17,SP,13256,SP,11450,1.0129050925925926,1.741122685185185,-7.255034722222222,0,0,on_time,3.0,SP->SP
45904bc2f27b4b3d71f27fc638080399,029be5fce165c111d15eb737d28d44b8,delivered,2018-07-18 14:46:26,2018-07-18 15:45:22,2018-07-24 14:14:00,2018-07-25 11:47:26,2018-07-30,1,c70c1b0d8ca86052f45a432a38b73958,110.32,8.03,2018-07-24 15:45:22,SP,3360,SP,13186,5.977476851851852,0.8982175925925926,-4.508726851851852,0,0,on_time,5.0,SP->SP
04464191f1b76f60684eac5609f3bdda,20e464a07327b8acb79e2603ba845569,delivered,2018-07-30 15:03:10,2018-07-30 18:31:10,2018-07-31 15:54:00,2018-08-02 22:42:49,2018-08-07,1,966cb4760537b1404caedd472cc610a5,478.0,12.1,2018-08-06 15:15:21,SP,4548,SP,9920,1.0353009259259258,2.283900462962963,-4.053599537037037,0,0,on_time,4.0,SP->SP
448632769b45cb2d1dfce6b88fb4bf88,611bb3d5428937dcb7a0a7ad5cf13056,delivered,2017-11-09 16:52:49,2017-11-10 03:07:00,2017-11-10 21:32:08,2017-11-22 22:44:06,2017-12-11,1,1987cd4be10fe09ee50454f9c354d1c6,148.0,17.48,2017-11-21 03:07:00,BA,48110,MG,37570,1.1939699074074075,12.049976851851852,-18.05270833333333,0,0,on_time,5.0,MG->BA
906be41c08c186ca1b3152e6e9a04ed4,20d4c91630e708521b70462bfe7a8418,delivered,2018-04-19 16:11:05,2018-04-19 16:58:07,2018-04-25 14:24:00,2018-04-27 18:54:56,2018-05-08,1,6973a06f484aacf400ece213dbf3d946,169.78,15.88,2018-04-26 16:31:50,SP,6453,SP,12230,5.925636574074074,2.188148148148148,-10.211851851851852,0,0,on_time,4.0,SP->SP
c4292eea4a836266d4a601e1de343eec,6808749cd32ad725864be65a76dbaa32,delivered,2018-08-22 10:25:48,2018-08-22 10:50:10,2018-08-23 07:16:00,2018-08-27 19:56:46,2018-09-10,1,955fee9216a65b617aa5c0531780ce60,64.0,32.82,2018-08-24 10:50:10,DF,70772,SP,4782,0.8681944444444445,4.528310185185185,-13.168912037037035,0,0,on_time,4.0,SP->DF
89d881134bb068f04011771181b2cb86,b5c4e636b21367a011c2af4f758c8096,delivered,2017-11-21 15:40:39,2017-11-21 15:52:31,2017-11-22 21:42:32,2017-11-30 22:58:28,2017-12-08,1,da8622b14eb17ae2831f4ac5b9dab84a,339.9,28.7,2017-11-27 15:52:31,RJ,22775,SP,13405,1.2513078703703704,8.052731481481482,-7.042731481481481,0,0,on_time,4.0,SP->RJ
76d6e480de6fc499067e6dedba5492fc,ee3ec8c107ee2e1e91a1375d5c5f4e0f,delivered,2017-11-28 13:52:03,2017-11-28 14:19:49,2017-11-29 17:04:51,2017-12-05 18:55:44,2017-12-26,1,850f4f8af5ea87287ac68de36e29107f,69.99,12.83,2017-12-11 14:19:49,SP,17011,SP,4367,1.133888888888889,6.077002314814815,-20.211296296296297,0,0,on_time,5.0,SP->SP
27f01bec8fbffea109aa86d4d3364a15,7c0605df06c3a1e1127436b4508559f3,delivered,2018-08-04 18:15:30,2018-08-04 18:25:14,2018-08-07 07:38:00,2018-08-13 17:32:19,2018-08-20,1,a8739afb32aaa45e01815ca76f76f54b,36.64,36.46,2018-08-08 18:25:14,MG,37582,SP,9850,2.5572916666666665,6.412719907407407,-6.269224537037037,0,0,on_time,1.0,SP->MG
f18f5a3bad7d9b08a5339c46ce64fdf7,991fd5f3b0cf6ed94c38f9f3c28b1a80,delivered,2017-08-10 15:30:50,2017-08-11 04:25:00,2017-08-11 14:36:49,2017-08-31 23:03:58,2017-09-05,1,e26901d5ab434ce92fd9b5c256820a4e,79.9,14.31,2017-08-17 04:25:00,RS,91410,SP,9350,0.962488425925926,20.3521875,-4.038912037037037,0,0,on_time,4.0,SP->RS
dff73ddac06e1d85d286c22617ee50db,9649301a6e7a51d13c4f0b9d7605c56d,delivered,2017-06-03 23:11:49,2017-06-03 23:25:12,2017-06-05 11:12:35,2017-06-14 14:52:20,2017-07-10,1,46dc3b2cc0980fb8ec44634e21d2718e,349.99,37.77,2017-06-07 23:25:12,RO,76954,RJ,22240,1.5005324074074071,9.152604166666666,-25.380324074074075,0,0,on_time,5.0,RJ->RO
0e43d3e03f2ae293fc9e34a0ef9a24eb,960602e1849da56262bfe48c2c8bba5c,delivered,2018-01-21 18:53:21,2018-01-22 13:57:12,2018-01-27 00:13:52,2018-02-02 01:09:15,2018-02-19,1,bd23da7354813347129d751591d1a6e2,99.9,17.95,2018-01-26 13:57:12,MG,36555,SP,3971,5.222581018518518,6.038460648148148,-16.951909722222222,0,1,on_time,5.0,SP->MG
ff977ea68e67d2606fdb5981ae3d9cc5,a9d5a9dcee2320062aec0152bebfd659,delivered,2018-05-18 20:10:59,2018-05-18 20:34:30,2018-05-21 15:19:00,2018-05-23 22:38:19,2018-06-04,1,c013e57c075a06e5b5c48ee03c525719,42.99,13.71,2018-05-22 20:31:42,SP,13210,SP,13568,2.7972337962962963,2.3050810185185187,-11.056724537037036,0,0,on_time,4.0,SP->SP
96a35cb03c27e713024403b81eface30,d9835e397f7812d5257f6033b9ceba0e,delivered,2018-05-02 16:48:28,2018-05-02 17:38:08,2018-05-03 11:49:00,2018-05-07 21:07:34,2018-05-17,1,117cfc326c6d50da67ca858ff5c0c852,94.9,18.24,2018-05-08 17:31:50,SP,3738,RJ,25530,0.792037037037037,4.387893518518519,-9.11974537037037,0,0,on_time,5.0,RJ->SP
a3c0d5a734ba53e42a0ec23ff32b2e99,0c65e9ad8407c5104f5a8b48dd3d737a,delivered,2018-04-09 15:36:43,2018-04-09 15:51:15,2018-04-10 22:11:43,2018-05-12 00:28:43,2018-05-07,1,4a3ca9315b744ce9f8e9374361493884,159.9,19.0,2018-04-13 15:51:15,ES,29129,SP,14940,1.2743055555555556,31.09513888888889,5.01994212962963,1,0,carrier,5.0,SP->ES
d65585ccd99c854db1f1ff1618ddaed1,65e49627d7bba63bb61dd3d9beabe1e5,delivered,2017-05-16 11:44:40,2017-05-18 02:30:21,2017-05-18 13:32:51,2017-05-22 18:32:40,2017-05-29,1,febab0275244b9a49a623f0bd613ca2f,49.0,11.73,2017-05-24 02:30:21,SP,9260,SP,13920,2.075127314814815,4.208206018518519,-6.227314814814815,0,0,on_time,4.0,SP->SP
f3955393cd2c16c9fb4d96a3013d4adb,21520252cd5f078e780fa9d19b5742ab,delivered,2017-11-11 12:32:39,2017-11-11 12:50:26,2017-11-14 16:08:35,2017-11-21 17:53:08,2017-12-01,1,218d46b86c1881d022bce9c68a7d4b15,107.0,17.46,2017-11-17 12:50:26,SP,1221,SP,14070,3.149953703703704,7.072604166666666,-9.25476851851852,0,0,on_time,5.0,SP->SP
e0d4f16621f76377959e79ecd61f69cb,d8a527d4870db60ec4cb46a8dd8f1c69,delivered,2018-06-26 19:49:48,2018-06-26 20:07:42,2018-06-27 15:40:00,2018-06-28 19:12:01,2018-07-11,1,6560211a19b47992c3666cc44a7e94c0,163.0,22.92,2018-06-28 20:07:42,SP,2119,SP,5849,0.8265277777777778,1.1472337962962964,-12.199988425925929,0,0,on_time,5.0,SP->SP
bdb86a981cb75aa7ea9ca816e2485904,d4aadc1451a181aa980044087d8a3206,delivered,2018-05-29 13:25:55,2018-05-29 13:57:58,2018-05-30 14:35:00,2018-06-08 04:56:48,2018-07-20,1,66dc1b1632bd6a3e508510c5b3492107,79.0,18.43,2018-06-06 13:57:58,RJ,20780,SP,17210,1.047974537037037,8.598472222222222,-41.79388888888889,0,0,on_time,5.0,SP->RJ
13c9b5d9c2ccb662b1d4e636b424de20,492275f120fd0402e55df89dafa24276,delivered,2017-11-24 08:49:04,2017-11-24 09:14:37,2017-11-27 20:36:53,2017-11-29 20:55:10,2017-12-08,1,7d76b645482be4a332374e8223836592,19.99,7.78,2017-11-30 09:14:37,SP,13253,SP,1511,3.491539351851852,2.012696759259259,-8.12835648148148,0,0,on_time,4.0,SP->SP
1f4d31c92c16cb108f6eec093728b629,d041ca80dd74bda96747b454bffe15f2,delivered,2017-06-28 13:03:15,2017-06-28 13:10:19,2017-06-29 17:56:43,2017-07-04 12:27:54,2017-07-11,1,813348c996469b40f2e028d5429d3495,59.9,14.13,2017-07-04 13:10:19,SP,4860,SP,13206,1.2037962962962965,4.771655092592592,-6.480625,0,0,on_time,4.0,SP->SP
bcb9cb204fb7137dcb5dc3fdb94f11e5,75ecb22a47dc997aad56a99f05c74c49,delivered,2017-07-17 19:27:39,2017-07-17 19:43:01,2017-07-18 19:15:49,2017-07-19 19:57:30,2017-07-31,1,d12c926d74ceff0a90a21184466ce161,21.5,7.78,2017-07-24 19:43:01,SP,6216,SP,2634,0.9917824074074074,1.0289467592592592,-11.16840277777778,0,0,on_time,4.0,SP->SP
335f7b1126543ca03f8bd08b7f78c5e5,2223ffe5b1560249d128c769de3e6db6,delivered,2017-05-29 13:32:24,2017-05-30 05:02:31,2017-05-31 13:14:51,2017-06-07 04:04:51,2017-07-03,1,aba1721a889e04decc910aa13b768ef4,185.0,22.09,2017-06-05 05:02:31,AM,69005,SP,5729,1.9878125,6.618055555555555,-25.829965277777777,0,0,on_time,5.0,SP->AM
3e6cebc1c7e80e0a04824f7bf40eb239,afc7e7baf3a9a8ca3e8bc623ceb4c7bb,delivered,2017-04-30 21:06:42,2017-05-03 14:25:47,2017-05-04 12:29:58,2017-05-10 09:13:56,2017-06-07,1,fc906263ca5083d09dce42fe02247800,39.9,17.35,2017-05-09 14:25:47,BA,40020,MG,31030,3.641157407407408,5.86386574074074,-27.615324074074078,0,0,on_time,4.0,MG->BA
298b4b88615e99709a35cfaba9ede56f,df5c089484b560d3fc9111f1f43c45c6,delivered,2017-12-14 20:25:42,2017-12-14 20:32:23,2017-12-18 19:35:11,2018-01-10 20:27:23,2018-01-15,1,0509040ea3fe50071181bbc359eb7738,23.8,16.79,2017-12-20 20:32:23,GO,76110,MG,31710,3.964918981481482,23.03625,-4.147650462962963,0,0,on_time,5.0,MG->GO
46a354ecffd29742e985db9b49cae302,f1f2220be2d7765501bfd00eb025fa3e,delivered,2018-02-05 12:43:16,2018-02-05 12:55:42,2018-02-09 01:18:24,2018-02-20 15:38:55,2018-03-05,1,cc3d14116804f7209f3884f6367f1152,59.8,28.2,2018-02-09 12:55:42,SP,13070,PR,82940,3.524398148148148,11.597581018518518,-12.347974537037038,0,0,on_time,5.0,PR->SP
c17d8e9298a127be6a6c0fe4b693275c,b089b3bbec07357f04693426004319cc,delivered,2018-06-01 15:28:28,2018-06-01 15:35:26,2018-06-05 13:30:00,2018-06-14 18:18:24,2018-06-28,1,e882b2a25a10b9c057cc49695f222c19,72.09,9.44,2018-06-11 15:35:26,RJ,26011,RJ,25963,3.9177314814814816,9.200277777777778,-13.237222222222222,0,0,on_time,5.0,RJ->RJ
0c5f42741cb893d18fdbdce191decef5,a1c1928fbe0263c93dd26d1c061b586e,delivered,2018-06-30 18:00:34,2018-06-30 19:10:17,2018-07-02 14:01:00,2018-07-06 17:47:54,2018-07-26,1,51e4e89242cbb846c2deff3dc015650e,119.0,20.02,2018-07-05 19:10:17,PR,84200,RS,96203,1.8336342592592592,4.157569444444444,-19.25840277777778,0,0,on_time,5.0,RS->PR
67009d1f213f762960c97b4f8629159c,d3e3cb2b2922f53b23b090d9668a1b13,delivered,2018-01-20 11:38:30,2018-01-20 11:57:49,2018-01-22 16:38:04,2018-02-01 21:18:30,2018-02-23,1,6560211a19b47992c3666cc44a7e94c0,199.0,17.83,2018-01-25 11:57:49,MT,78640,SP,5849,2.208032407407408,10.19474537037037,-21.112152777777776,0,0,on_time,4.0,SP->MT
b71ae2d7677a2cb21e4d19ac1141e7b3,f8973afdc844e2b56c90aa9a714d6956,delivered,2018-04-02 16:09:38,2018-04-02 16:31:01,2018-04-04 14:12:18,2018-04-17 23:08:45,2018-04-23,1,6b3bd31ad8fcda4b2635ec9f3ff2ecdf,69.9,19.46,2018-04-06 16:31:01,ES,29943,RJ,22775,1.9185185185185183,13.372534722222222,-5.035590277777778,0,0,on_time,5.0,RJ->ES
65509bf904f3e4f8179f6abdf50fc37e,b5a4ed1c5f618f5676f65b765e7e7c37,delivered,2017-05-31 07:36:23,2017-05-31 07:50:10,2017-06-07 06:18:56,2017-06-19 14:57:43,2017-06-26,1,dc4a0fc896dc34b0d5bfec8438291c80,199.9,27.72,2017-06-07 07:50:10,MG,35300,SP,14940,6.946215277777778,12.360266203703704,-6.376585648148148,0,0,on_time,4.0,SP->MG
bab4c3b7d9e904b2e991490cd65ccae7,32352977d8f006ca69685799ba6d9275,delivered,2018-02-08 21:57:26,2018-02-08 22:08:55,2018-02-09 22:09:00,2018-02-20 13:43:15,2018-03-12,1,1c68394e931a64f90ea236c5ea590300,70.9,15.25,2018-02-20 21:08:55,SC,89287,PR,87114,1.0080324074074074,10.648784722222222,-19.42829861111111,0,0,on_time,4.0,PR->SC
1475f5ec3a992c94a397148561439873,f39d2cea42fe92f3fccca88ec1bf7d8e,delivered,2018-06-30 21:00:26,2018-06-30 21:15:10,2018-07-03 13:56:00,2018-07-13 22:56:47,2018-07-30,1,1900267e848ceeba8fa32d80c1a5f5a8,39.99,23.43,2018-07-02 21:15:10,BA,44850,SP,14940,2.70525462962963,10.37554398148148,-16.043900462962963,0,1,on_time,4.0,SP->BA
ab260012c90cd3ee59bb8d18b97b851a,566782b45e70b898cfccd745e3fa1223,delivered,2017-12-02 17:41:47,2017-12-02 17:50:39,2017-12-05 20:22:13,2017-12-08 00:14:30,2017-12-20,1,9674754b5a0cb32b638cec001178f799,89.59,9.44,2017-12-07 17:50:39,SP,3357,SP,4438,3.111412037037037,2.1613078703703703,-11.989930555555556,0,0,on_time,5.0,SP->SP
9803d53681d599da06e759c5935f89e6,d43e2e7c5f8e31be75ee558015546c93,delivered,2017-08-14 09:28:45,2017-08-14 09:45:07,2017-08-16 15:50:08,2017-08-25 15:54:12,2017-09-06,1,2199e7fe213c16213bf5d6a7eadc9a5d,312.6,43.16,2017-08-21 09:45:07,RJ,21540,SP,11900,2.264849537037037,9.002824074074073,-11.337361111111113,0,0,on_time,3.0,SP->RJ
86b92e30ce5d2f2db1a0c9821ac483bc,d64bb31d55a652ecb27a58846124dcfe,delivered,2018-08-07 21:31:29,2018-08-07 21:45:14,2018-08-08 14:36:00,2018-08-13 18:12:03,2018-08-17,1,05ff92fedb5be47920fea08e501238b9,478.04,26.15,2018-08-09 21:45:14,SP,13560,RS,98803,0.7114699074074075,5.150034722222222,-3.2416319444444444,0,0,on_time,4.0,RS->SP
0c2be278c997477b9910904d12e520a2,76d15afa8f4f626324f6f05257f1a089,delivered,2018-06-16 17:16:44,2018-06-16 17:38:48,2018-06-18 13:33:00,2018-06-19 17:41:24,2018-07-23,1,8b9d6eec4a7eb7d0f9d579ce0b38324d,68.0,17.11,2018-06-21 17:31:34,RJ,21020,RJ,26562,1.8446296296296296,1.1725,-33.26291666666667,0,0,on_time,5.0,RJ->RJ
c4769f2899b00a90de4e1650e17174a5,9678552c6248a9fc2cbd38237a805243,delivered,2018-04-17 17:36:50,2018-04-18 02:11:26,2018-04-19 20:04:51,2018-04-23 19:03:56,2018-05-08,1,ff1fb4c404b2efe68b03350a8dc24122,45.0,14.44,2018-04-24 02:11:26,SP,17047,SP,8710,2.102789351851852,3.9576967592592593,-14.205601851851853,0,0,on_time,5.0,SP->SP
32df72b9f8dee31b9b3b8b8e31f2ba1d,c179c8690c67b29779474eaaed4e1b0a,delivered,2018-05-07 20:45:59,2018-05-07 21:13:59,2018-05-09 10:04:00,2018-05-31 16:40:52,2018-05-21,1,8a432f4e5b471f8da497d7dc517666e2,89.0,13.98,2018-05-09 21:13:59,SP,8122,SP,19042,1.5541782407407407,22.275601851851853,10.695046296296296,1,0,carrier,1.0,SP->SP
350600c11f111d462b138f8e6d1a36e7,0fb5021bb0f0d46a5a11c1a668931be1,delivered,2017-09-10 16:39:48,2017-09-12 04:15:37,2017-09-15 19:03:41,2017-09-30 12:47:14,2017-09-27,1,8f2ce03f928b567e3d56181ae20ae952,99.9,16.33,2017-09-18 04:15:37,SP,13871,SP,5141,5.099918981481482,14.73857638888889,3.532800925925926,1,0,carrier,4.0,SP->SP
45ec898b8788003690b15eb232f9de53,d6aa925e45cc75abfa568f3eb35962f9,delivered,2018-03-14 14:19:09,2018-03-15 03:31:35,2018-03-16 20:38:32,2018-03-19 18:18:21,2018-03-26,1,16090f2ca825584b5a147ab24aa30c86,27.9,7.87,2018-03-21 03:31:35,SP,13084,SP,12940,2.2634606481481483,2.902650462962963,-6.237256944444445,0,0,on_time,4.0,SP->SP
55241c40e4d2ee72be056dc4d17acc5b,033c981e2b34fee357d40d07c83a1cec,delivered,2018-07-25 21:39:51,2018-07-25 22:15:17,2018-07-27 14:32:00,2018-08-02 18:42:45,2018-08-10,1,fc908879b9ca1bd65419e54e50432d38,30.4,13.79,2018-07-31 22:15:17,SP,13564,SP,4558,1.7028819444444443,6.1741319444444445,-7.2203125,0,0,on_time,5.0,SP->SP
e59e9afe2a1001d3d088289b474366e7,cac263b2a577e832774e02b3071322df,delivered,2018-05-07 21:48:47,2018-05-08 04:31:54,2018-05-09 14:43:00,2018-06-02 11:32:21,2018-05-30,1,7142540dd4c91e2237acb7e911c4eba2,59.9,27.15,2018-05-14 04:31:50,BA,44075,SP,16301,1.7043171296296296,23.867604166666663,3.480798611111111,1,0,carrier,4.0,SP->BA
b712b4e550ff93a128404e9362d7958b,cb8c8c74f46c1f16b9422cc76efe9534,delivered,2018-07-21 00:39:47,2018-07-21 00:50:11,2018-07-23 06:43:00,2018-07-26 20:15:38,2018-08-02,1,3c03b12bab54d8b37d79d914bfdb1aa0,18.45,11.39,2018-07-24 00:50:11,RJ,26187,RJ,25561,2.2522337962962964,3.564328703703704,-6.155810185185185,0,0,on_time,5.0,RJ->RJ
b5fba0269666bbf33bc320fb533d32bb,adc76ad3f586da3b26af977cc461ffa2,delivered,2018-07-26 10:31:39,2018-07-26 10:45:11,2018-07-27 14:50:00,2018-07-30 13:09:08,2018-08-09,1,289cdb325fb7e7f891c38608bf9e0962,109.9,15.87,2018-07-30 10:45:11,SP,2460,SP,31570,1.1794097222222222,2.929953703703704,-9.45199074074074,0,0,on_time,4.0,SP->SP
cf6ed66599cd48144b174a41097963eb,782f2405f1685183416ae504fabdc09b,delivered,2017-02-15 09:55:56,2017-02-17 02:05:22,2017-02-24 06:34:07,2017-03-01 15:29:01,2017-03-16,1,6c1b6d0c604b776f844125f911eb7377,147.37,9.4,2017-02-21 08:55:56,SP,4734,SP,5051,8.859849537037038,5.371458333333333,-14.354849537037037,0,1,on_time,4.0,SP->SP
e56f72c9203fe285a42e1c21888e44d1,216360d7df0e08d493f369b39a5fb69a,delivered,2018-06-20 20:51:47,2018-06-21 15:59:52,2018-06-22 12:32:00,2018-07-10 17:48:19,2018-07-18,1,7299e27ed73d2ad986de7f7c77d919fa,109.99,44.63,2018-06-25 15:59:52,BA,44573,MG,38440,1.6529282407407409,18.21966435185185,-7.258113425925926,0,0,on_time,4.0,MG->BA
6b2b0edb95053b55efeb09177b6510c3,1cd1bf3921c35dd04851354a26e28a5b,delivered,2017-06-24 19:17:09,2017-06-25 06:42:37,2017-06-26 10:22:53,2017-07-22 11:36:47,2017-07-20,1,ccb83a794700270fde70898fe9ff368b,899.0,147.56,2017-06-29 06:42:37,RJ,23093,SC,88960,1.6289814814814816,26.051319444444445,2.4838773148148148,1,0,carrier,5.0,SC->RJ
10074a98ead181e64616038989bf97f1,f5c69b009b68c89c1ea19a9311907436,delivered,2018-05-13 17:41:38,2018-05-14 17:35:29,2018-05-16 14:49:00,2018-05-22 13:38:36,2018-06-04,1,7040e82f899a04d1b434b795a43b4617,169.9,18.77,2018-05-18 17:35:29,GO,74367,SP,1026,2.8801157407407407,5.951111111111112,-12.431527777777776,0,0,on_time,4.0,SP->GO
de02851d6bdb931fe9bc90c4f92648b9,4cb7804e8b8f5b45c45e454bc16ad5a6,delivered,2017-10-25 21:59:09,2017-10-25 22:14:16,2017-10-26 18:03:32,2017-10-30 15:51:48,2017-11-13,1,3d871de0142ce09b7081e2b9d1733cb1,99.0,27.24,2017-10-31 22:14:16,SP,6766,SP,13232,0.8363773148148148,3.908518518518519,-13.339027777777778,0,0,on_time,5.0,SP->SP
278eb11fd9e41e960e36e311d4249665,cf521179de3b4adb73fbcbf7fcb5128c,delivered,2018-08-11 19:12:19,2018-08-11 19:25:10,2018-08-13 21:31:00,2018-08-16 11:46:42,2018-08-21,1,cc5a78bbad32776dc4e3af205218368c,78.71,22.3,2018-08-14 19:25:10,MG,34800,MG,35501,2.0963078703703704,2.594236111111111,-4.509236111111111,0,0,on_time,5.0,MG->MG
97c6f98cd025659444b815df5050d8d7,db5374a5a0de70b9b226cc07f00c7de3,delivered,2017-09-12 17:49:55,2017-09-13 17:55:29,2017-09-14 21:36:00,2017-09-18 21:44:59,2017-09-28,1,b05b432bf68945d4d9783f9e3ca29ee8,149.9,14.07,2017-09-19 17:55:29,SP,7051,SP,16200,2.157002314814815,4.006238425925926,-9.093761574074074,0,0,on_time,4.0,SP->SP
fee19a0dc7358b6962a611cecf6a37b4,59277a388c4e90924e806641a2579c2c,delivered,2017-08-29 21:51:54,2017-08-29 22:06:31,2017-08-31 14:34:27,2017-09-12 23:03:00,2017-09-13,1,37be5a7c751166fbc5f8ccba4119e043,195.0,0.0,2017-09-07 22:06:31,SP,8223,SP,4248,1.6962152777777777,12.35315972222222,-0.0395833333333333,0,0,on_time,5.0,SP->SP
17c70949f9ee364f767f1f54395597c9,1711a649a717aa2a1de1664bb40cc2ba,delivered,2017-07-17 14:27:24,2017-07-18 06:05:47,2017-07-18 19:44:52,2017-07-26 16:59:54,2017-08-14,1,f8db351d8c4c4c22c6835c19a46f01b0,36.9,16.11,2017-07-24 06:05:47,GO,75600,SP,13324,1.2204629629629629,7.885439814814815,-18.29173611111111,0,0,on_time,4.0,SP->GO
40703c6f5fddd57d70b483c063a53c24,0689717ef06f65d8a5c53038dfdef222,delivered,2017-05-06 18:20:55,2017-05-06 18:35:16,2017-05-08 11:44:41,2017-05-22 14:33:57,2017-06-13,1,218d46b86c1881d022bce9c68a7d4b15,113.0,29.19,2017-05-12 18:31:01,CE,60821,SP,14070,1.7248379629629629,14.117546296296297,-21.393090277777777,0,0,on_time,5.0,SP->CE
fc0da037889e24475a640dc6ef3c32d0,bc1da7d14aaf6f4d7f7f8ab57c507814,delivered,2018-04-27 21:52:33,2018-04-27 22:10:51,2018-05-02 12:26:00,2018-05-11 20:11:52,2018-05-23,1,4869f7a5dfa277a7dca6462dcf3b52b2,116.9,13.26,2018-05-03 22:10:51,SP,7997,SP,14840,4.6065625,9.32351851851852,-11.158425925925926,0,0,on_time,4.0,SP->SP
d61e965b73507ff3aae57337ec2f20ca,420487362832ffe2ae7a8d7757fc104d,delivered,2018-03-05 20:21:02,2018-03-05 20:30:47,2018-03-07 19:18:51,2018-03-28 21:32:56,2018-03-26,1,955fee9216a65b617aa5c0531780ce60,69.9,21.57,2018-03-12 20:30:47,SC,88034,SP,4782,1.9568171296296295,21.093113425925925,2.8978703703703705,1,0,carrier,4.0,SP->SC
af9c840cca8fc0cb05a2f9e9ec923fa6,ede0af891a1bd75e55b44eaf6f6a458e,delivered,2017-02-23 15:07:15,2017-02-23 15:15:18,2017-02-24 08:15:59,2017-03-02 10:05:17,2017-03-20,1,a1043bafd471dff536d0c462352beb48,159.99,33.4,2017-02-27 15:07:15,RJ,22231,MG,37175,0.7143981481481482,6.075902777777777,-17.579664351851854,0,0,on_time,5.0,MG->RJ
c5f4d1c5cbf9d72770da8631e122d7a4,71b23f1e1dc7d82ee535b44411eb4482,delivered,2017-12-20 13:03:33,2017-12-20 13:16:31,2017-12-21 20:32:55,2018-01-08 16:48:54,2018-01-18,1,b33e7c55446eabf8fe1a42d037ac7d6d,190.83,16.09,2017-12-27 13:16:31,RJ,22750,SP,14850,1.3120601851851852,17.84443287037037,-9.299375,0,0,on_time,4.0,SP->RJ
05cece27facc8007b2952d0b5bbfe9d6,8eb45c23e35fbd73046416ab84202f3c,delivered,2018-01-26 14:09:20,2018-01-26 14:22:18,2018-01-30 14:25:04,2018-02-08 16:12:43,2018-02-22,1,8b321bb669392f5163d04c59e235e066,11.55,15.1,2018-02-01 14:22:18,SC,89803,SP,1212,4.010925925925926,9.074756944444443,-13.324502314814817,0,0,on_time,5.0,SP->SC
bf4e354422376ccee274a76ef5f26817,ffb0327dd973137e6795f0a714f4aa0e,delivered,2017-10-22 10:16:10,2017-10-24 03:35:15,2017-10-25 17:43:06,2017-11-07 20:07:00,2017-11-17,1,3078096983cf766a32a06257648502d1,15.99,16.11,2017-10-30 03:35:15,PR,86020,SP,13720,3.31037037037037,13.099930555555556,-9.161805555555556,0,0,on_time,4.0,SP->PR
ec0a4a160c4311f1a8c9d4d79872de75,4b1827ec0c64d72de57b69f7213aa307,delivered,2017-07-29 02:26:54,2017-07-29 02:44:14,2017-07-31 21:51:53,2017-08-11 16:56:08,2017-08-24,1,59fb871bf6f4522a87ba567b42dafecf,189.99,16.08,2017-08-03 02:44:14,MS,79301,SP,3655,2.809016203703704,10.794618055555556,-12.294351851851852,0,0,on_time,4.0,SP->MS
22fee62c2b437df078309d53efb2ec30,e8eaf1cd83fb76f65bdf87f4ab372d59,delivered,2018-06-26 22:07:14,2018-06-27 08:53:25,2018-06-27 10:20:00,2018-07-03 03:11:13,2018-07-30,1,05ff92fedb5be47920fea08e501238b9,102.0,19.9,2018-07-03 03:32:00,SP,13451,RS,98803,0.5088657407407408,5.702233796296296,-26.86721064814815,0,0,on_time,5.0,RS->SP
f0da5a090ddf3d220d76c0cd17fb2775,3e447059f00665f172056b3a9a6c1836,delivered,2017-09-05 16:07:07,2017-09-05 16:15:16,2017-09-06 18:06:13,2017-09-18 18:06:57,2017-10-02,1,3d871de0142ce09b7081e2b9d1733cb1,54.9,16.14,2017-09-12 16:15:16,SC,89620,SP,13232,1.0827083333333334,12.00050925925926,-13.245173611111111,0,0,on_time,3.0,SP->SC
94112abf17930ce3b21294d61f34cde5,79dec4448255819a3747c702c4769218,delivered,2018-01-20 19:59:42,2018-01-23 03:52:39,2018-01-24 16:58:51,2018-01-30 21:11:39,2018-02-14,1,efcd8d2104f1a05d028af7bad20d974b,30.0,11.85,2018-01-29 03:52:39,SP,5624,SP,16012,3.874409722222222,6.175555555555556,-14.116909722222225,0,0,on_time,3.0,SP->SP
f161d2927f0847f8fd74ebeb8a7b3a80,00a49178247b91322bdca02625e81f7a,delivered,2017-07-02 09:51:03,2017-07-04 04:10:17,2017-07-05 15:12:45,2017-07-19 16:45:52,2017-08-02,1,cd68562d3f44870c08922d380acae552,65.0,35.77,2017-07-10 04:10:17,SE,49530,SP,14050,3.223402777777778,14.064664351851851,-13.30148148148148,0,0,on_time,5.0,SP->SE
c2d3c6d37255eee5a79820fdd4e00910,2ff052b75d6434d18dc0b0bcc257f2e5,delivered,2017-11-09 15:02:02,2017-11-09 15:11:04,2017-11-10 22:05:48,2017-11-16 17:27:40,2017-11-23,1,855668e0971d4dfd7bef1b6a4133b41b,52.99,8.72,2017-11-16 15:10:34,SP,3389,SP,13257,1.2942824074074073,5.806851851851852,-6.272453703703704,0,0,on_time,4.0,SP->SP
0724f5287d69b7a3fbcf9ab02054ca4a,49af8d1256e91058af5b255f4fbc0e6d,delivered,2017-12-02 13:51:42,2017-12-02 13:59:26,2017-12-06 21:41:52,2018-01-05 23:42:32,2018-01-22,1,66922902710d126a0e7d26b0e3805106,45.0,27.2,2017-12-07 13:59:26,AM,69049,MG,31842,4.326504629629629,30.083796296296292,-16.01212962962963,0,0,on_time,5.0,MG->AM
2eb25d32344f7fc22c7d52e33110bd51,72d6ea9753dc6ff3c78520f034de713f,delivered,2017-12-19 11:42:02,2017-12-19 11:54:51,2017-12-21 20:48:36,2017-12-26 20:35:40,2018-01-08,1,6edacfd9f9074789dad6d62ba7950b9c,113.9,12.0,2017-12-26 11:54:51,SP,4109,SP,7135,2.379560185185185,4.991018518518518,-12.141898148148147,0,0,on_time,3.0,SP->SP
c714dc1b4064a670401d208c1f67e7e1,8938c1147d18fad6c301a529e5b4e605,delivered,2017-07-17 15:12:58,2017-07-17 15:25:17,2017-07-24 18:13:43,2017-07-31 20:29:53,2017-08-10,1,85d9eb9ddc5d00ca9336a2219c97bb13,31.9,15.79,2017-07-21 15:25:17,GO,74115,MG,31255,7.125520833333334,7.094560185185185,-9.145914351851852,0,1,on_time,1.0,MG->GO
270e2c93dda2be7908cdf2a877171b8d,a55000f612a137c7cd5026bbc796e260,delivered,2018-02-24 22:12:32,2018-02-24 22:30:31,2018-02-28 23:54:03,2018-03-08 21:27:26,2018-03-12,1,ea8482cd71df3c1969d7b9473ff13abc,39.9,7.78,2018-02-28 22:30:31,SP,5870,SP,4160,4.0704976851851855,7.898182870370371,-3.1059490740740743,0,1,on_time,5.0,SP->SP
8c3b7297f4d519ec5e4dc1f72b6165b1,e45233d12353c37d9a47b0e9d1416ab1,delivered,2017-11-25 16:14:20,2017-11-25 16:31:20,2017-11-27 20:24:28,2017-11-28 17:13:28,2017-12-11,1,ea8482cd71df3c1969d7b9473ff13abc,27.99,7.78,2017-11-30 16:31:20,SP,3270,SP,4160,2.173703703703704,0.8673611111111111,-12.282314814814814,0,0,on_time,4.0,SP->SP
54b1718c17cfa59d1f51cba8c755ed98,1b8fed4c8a4c8f879319e5ce374ecdeb,delivered,2017-12-27 11:51:18,2017-12-27 12:08:50,2017-12-28 18:28:47,2018-01-05 14:15:52,2018-01-23,1,ea8482cd71df3c1969d7b9473ff13abc,24.99,15.1,2018-01-03 12:08:50,MG,36087,SP,4160,1.2760300925925927,7.824363425925926,-17.40564814814815,0,0,on_time,2.0,SP->MG
f6f0b2497c5a4ca89670186757ab2684,a0a77214faef45bda6ff573f33f39f2c,delivered,2017-06-26 12:23:32,2017-07-05 17:09:11,2017-06-27 17:03:09,2017-07-03 17:53:29,2017-07-18,1,77530e9772f57a62c906e1c21538ab82,65.0,14.2,2017-06-30 13:32:11,SP,4270,PR,80310,1.1941782407407406,6.034953703703704,-14.254525462962963,0,0,on_time,5.0,PR->SP
45da19cff07c4148ba32b1a6bb8d87c1,db704f7d5f899dac38fc1465f266694e,delivered,2018-05-03 21:20:51,2018-05-05 02:15:22,2018-05-09 12:03:00,2018-05-17 18:38:42,2018-06-06,1,8f2ce03f928b567e3d56181ae20ae952,99.9,26.78,2018-05-10 02:15:22,RS,97700,SP,5141,5.612604166666666,8.274791666666667,-19.223125,0,0,on_time,5.0,SP->RS
f12ef7eed107de3791b1db5b8cd4852b,a95a0af104d58114e3d3e9c52427ca7e,delivered,2017-09-26 21:12:04,2017-09-26 21:28:20,2017-09-30 15:15:56,2017-10-03 19:22:17,2017-10-13,1,dd7ddc04e1b6c2c614352b383efe2d36,29.9,11.73,2017-10-02 21:28:20,SP,12245,SP,3471,3.752685185185185,3.171076388888889,-9.192858796296296,0,0,on_time,4.0,SP->SP
13d5066bb747cafa23f1bb6d1838eee4,22bc7b908ab206d76f37baa85e168553,delivered,2018-03-15 10:44:26,2018-03-15 10:55:39,2018-03-16 20:32:39,2018-04-02 13:11:49,2018-04-03,1,0be8ff43f22e456b4e0371b2245e4d01,79.9,13.0,2018-03-21 10:55:39,SP,14900,SP,4461,1.4084837962962964,16.69386574074074,-0.4501273148148148,0,0,on_time,5.0,SP->SP
501f63846d45f483acca1c6e89398610,751dcae0c6e44f078f2da01763c93834,delivered,2017-04-25 02:22:19,2017-04-25 02:30:08,2017-04-25 14:13:27,2017-05-04 17:17:43,2017-05-24,1,0c8380b62e38e8a1e6adbeba7eb9688c,44.5,22.28,2017-05-02 02:30:08,RS,90250,MG,37410,0.4938425925925926,9.127962962962965,-19.27936342592593,0,0,on_time,1.0,MG->RS
47d198410caadbd9a77e92bf622ee749,38cccad8b19d3acaaaf39873188aa8a9,delivered,2018-08-03 12:18:48,2018-08-03 12:30:10,2018-08-03 14:23:00,2018-08-08 19:32:47,2018-08-16,1,fd386aa7bed2af3c7035c65506c9b4a3,15.55,15.23,2018-08-07 12:30:10,DF,71699,SP,4208,0.08625,5.215127314814815,-7.1855671296296295,0,0,on_time,5.0,SP->DF
d25cff887d30200ad3668bc69804a495,1152728585ef8877654d15c623b7e817,delivered,2017-07-09 18:47:35,2017-07-10 06:41:57,2017-07-10 17:56:07,2017-07-19 18:57:21,2017-08-16,1,44073f8b7e41514de3b7815dd0237f4f,206.96,27.99,2017-07-25 06:41:57,BA,45600,DF,71070,0.9642592592592591,9.042523148148147,-27.21017361111111,0,0,on_time,4.0,DF->BA
64a49ec4515de1ebb60ba7e7b26a3893,1b737e43244d83cf4389263c34c333ba,delivered,2017-10-16 19:53:16,2017-10-16 20:14:39,2017-10-20 15:51:52,2017-10-23 21:25:16,2017-10-26,1,b2ba3715d723d245138f291a6fe42594,129.9,9.1,2017-10-20 20:14:39,SP,5665,SP,3470,3.832361111111111,3.231527777777778,-2.107453703703704,0,0,on_time,5.0,SP->SP
bba25df31ab586c63517d9d4c8cd1773,727f9524abf7f4f06689821203926d36,delivered,2018-05-07 17:20:46,2018-05-07 18:10:17,2018-05-08 12:31:00,2018-05-11 17:38:40,2018-06-01,1,3078096983cf766a32a06257648502d1,229.69,24.19,2018-05-11 18:10:17,RJ,24220,SP,13720,0.7987731481481481,3.213657407407408,-20.264814814814816,0,0,on_time,4.0,SP->RJ
7e575745a57b4d91a79d35729375319e,49193addee8cc5e2e743618ff4064101,delivered,2018-05-15 16:37:01,2018-05-15 17:37:37,2018-05-17 14:58:00,2018-06-04 21:32:43,2018-06-04,1,1025f0e2d44d7041d6cf58b6550e0bfa,150.0,17.09,2018-05-18 17:31:36,PR,87050,SP,3204,1.9312384259259257,18.274108796296296,0.8977199074074074,1,0,carrier,5.0,SP->PR
376b1ea6b9a96720773402f653a01f56,8a78af6df3093be3415deed378cf7c18,delivered,2018-01-22 10:17:05,2018-01-24 02:36:35,2018-01-24 16:53:33,2018-01-29 22:34:05,2018-02-21,1,620c87c171fb2a6dd6e8bb4dec959fc6,49.9,15.1,2018-01-30 02:36:35,PR,85840,RJ,25645,2.275324074074074,5.236481481481482,-22.05966435185185,0,0,on_time,5.0,RJ->PR
2e25edce866b2fcb977f54d25a294b09,ff0bc5b8c87f66b090cee153945aa142,delivered,2018-06-25 19:20:41,2018-06-25 19:42:19,2018-06-27 10:23:00,2018-07-13 16:58:26,2018-07-19,1,1025f0e2d44d7041d6cf58b6550e0bfa,78.0,41.53,2018-06-29 19:42:19,RJ,27511,SP,3204,1.6266087962962965,16.27460648148148,-5.29275462962963,0,0,on_time,4.0,SP->RJ
c8c4cee82cc04a8966a13f97e9366b82,a19b79f26e1ff801d669b33c167dc427,delivered,2017-05-05 08:28:50,2017-05-05 08:35:21,2017-05-05 12:00:40,2017-05-18 08:24:36,2017-05-30,1,8581055ce74af1daba164fdbd55a40de,256.3,46.25,2017-05-11 08:35:21,RJ,28200,SP,7112,0.1471064814814814,12.849953703703704,-11.649583333333334,0,0,on_time,3.0,SP->RJ
857699cd8c2658e12a5870b9b54eadfb,574652f96ba898a0759784757c1907d5,delivered,2017-12-07 10:23:12,2017-12-07 10:34:25,2017-12-08 23:49:05,2018-01-15 13:05:45,2018-01-12,1,59fb871bf6f4522a87ba567b42dafecf,189.99,20.57,2017-12-13 10:34:25,BA,47940,SP,3655,1.5596412037037035,37.55324074074074,3.545659722222222,1,0,carrier,3.0,SP->BA
854188fefe5ebe57606ffc9cbd963d93,63f4197fc4ab9986a9d1a9af4f313974,delivered,2018-03-08 09:24:34,2018-03-09 02:35:24,2018-03-12 16:28:40,2018-03-20 19:32:48,2018-04-03,1,972d0f9cf61b499a4812cf0bfa3ad3c4,69.2,26.56,2018-03-15 02:35:24,SP,3221,SC,88359,4.294513888888889,8.12787037037037,-13.185555555555556,0,0,on_time,3.0,SC->SP
428379472fdd9b3d36d545677e852e77,f54ff0ff6dbdfcac2b593b3154f207f1,delivered,2018-04-04 17:30:42,2018-04-04 17:50:29,2018-04-24 22:47:42,2018-05-03 23:52:07,2018-05-11,1,d2374cbcbb3ca4ab1086534108cc3ab7,106.9,13.19,2018-04-24 17:50:29,SP,18620,SP,14940,20.22013888888889,9.044733796296295,-7.005474537037037,0,1,on_time,5.0,SP->SP
4a7ba6325c33a13c0b278d17d8852b60,97695065d34f80b2740f3b21f7b58493,delivered,2017-05-25 18:10:22,2017-05-25 18:22:46,2017-05-26 14:28:13,2017-05-30 11:21:39,2017-06-19,1,9bcdfa7b615b3abb9461d9e3ad9886ae,179.9,17.02,2017-05-31 18:22:46,SP,9280,SC,89053,0.8457291666666666,3.870439814814815,-19.526631944444443,0,0,on_time,5.0,SC->SP
37e90cb2d9e287bd9333dfc45fbe4d2a,9e96cc167f107914dff240045ec850c8,delivered,2018-06-02 11:14:30,2018-06-05 04:31:03,2018-06-08 14:03:00,2018-06-12 13:54:41,2018-07-05,1,1f9ab4708f3056ede07124aad39a2554,169.9,21.61,2018-06-13 04:30:25,SP,13950,SP,17602,6.117013888888889,3.994224537037037,-22.42035879629629,0,0,on_time,4.0,SP->SP
61966b6a3c4c582bbc36995227175fc6,a9a9a5f7935431f8f3a80e31bf910a0f,delivered,2017-05-13 15:06:20,2017-05-16 03:22:43,2017-05-16 15:18:39,2017-05-31 15:45:00,2017-06-08,1,229c3efbfb0ea2058de4ccdfbc3d784a,89.0,16.06,2017-05-22 03:22:43,BA,41213,MG,30190,3.0085532407407407,15.018298611111112,-7.34375,0,0,on_time,2.0,MG->BA
266a198b3eba3404ac7d59f4f343b838,050e8225e588d2bbf4fa15f2f41a5c0d,delivered,2018-04-27 14:58:35,2018-04-27 15:10:11,2018-04-30 06:21:00,2018-05-04 20:48:33,2018-05-21,1,7d13fca15225358621be4086e1eb0964,99.9,0.0,2018-05-04 15:10:11,SP,9271,SP,14050,2.6405671296296296,4.602465277777778,-16.132951388888888,0,0,on_time,5.0,SP->SP
339cfa1a6bf1f4f0c50db99c5255b714,3c3e4944db82d06e6413f8111e7a7a5c,delivered,2017-02-02 21:40:21,2017-02-02 21:55:14,2017-02-03 18:47:30,2017-02-16 15:27:45,2017-03-02,1,ebef8d8c92b4fd3226e5d407bbff21ac,159.9,19.4,2017-02-06 21:40:21,RJ,27525,SP,14020,0.8799652777777778,12.861284722222225,-13.355729166666666,0,0,on_time,3.0,SP->RJ
31942ba78d7901dac911b431307cdba6,a756b65b73075e9d789ee5fc07ef0955,delivered,2017-12-09 14:40:14,2017-12-09 14:50:55,2017-12-11 15:33:29,2018-01-02 21:52:06,2018-01-16,1,725c32fa80c2faacc4fc88450d27314e,64.99,16.21,2017-12-14 14:50:55,RS,95860,SP,3320,2.036979166666667,22.26292824074074,-13.088819444444445,0,0,on_time,5.0,SP->RS
45d401cfadade31e1b461e030548b712,e60cefbe177a009f39b4b4000cb0313a,delivered,2018-02-21 11:04:44,2018-02-21 12:05:30,2018-02-23 00:19:07,2018-03-02 17:17:36,2018-03-19,1,adbc26658d6c7b4b6219f9d934598091,130.0,20.15,2018-02-27 11:32:07,MG,37505,PR,81770,1.5516550925925925,7.707280092592592,-16.279444444444444,0,0,on_time,5.0,PR->MG
1c3f752b9a4d09bf1e016439a427d5f8,7fe022a904d647429c6e08a8f34c9b22,delivered,2018-08-17 23:21:15,2018-08-17 23:35:14,2018-08-20 13:59:00,2018-08-21 19:36:43,2018-08-23,1,55f7a3319d80f7fdf078b8f03e6725fe,16.49,7.39,2018-08-20 23:35:14,SP,12243,SP,6056,2.6095486111111112,1.234525462962963,-1.182835648148148,0,0,on_time,5.0,SP->SP
e847ea44928b27b43984d79532b7ae20,66cdaaa835a514eaafde24585709de8b,delivered,2017-09-20 18:00:58,2017-09-20 18:10:21,2017-09-21 16:42:20,2017-09-25 13:30:03,2017-10-11,1,48162d548f5b1b11b9d29d1e01f75a61,592.8,50.86,2017-09-26 18:10:21,SP,4261,SP,13403,0.9453935185185184,3.866469907407408,-15.437465277777775,0,0,on_time,5.0,SP->SP
872850580977b19cbd396531f4a6d0d7,c6e3812cc706e3b2217791471ca5f1c2,delivered,2017-10-24 11:23:41,2017-10-24 11:35:32,2017-10-24 19:32:49,2017-10-30 20:47:42,2017-12-04,1,710e3548e02bc1d2831dfc4f1b5b14d4,59.98,40.52,2017-10-30 11:35:32,SP,13330,PR,86600,0.3396759259259259,6.052002314814815,-34.133541666666666,0,0,on_time,1.0,PR->SP
b9c11245a66f64671df1adef32f114b0,24eeabb11772934e9b2dfc2c511fa34b,delivered,2018-05-15 11:58:40,2018-05-16 03:15:25,2018-05-16 14:20:00,2018-06-06 23:06:31,2018-06-11,1,dbdd0ec73a4817971d962698f2fea022,399.0,92.84,2018-05-22 03:15:25,MA,65076,CE,60710,1.098148148148148,21.365636574074077,-4.037141203703704,0,0,on_time,5.0,CE->MA
02f2c7fceceffdefd9a7e96abe08d93f,3a93b7b28f2d50b25c5bbb089d9b1f3b,delivered,2017-06-18 20:06:06,2017-06-18 20:15:21,2017-06-23 11:22:16,2017-07-04 14:17:47,2017-07-25,1,7c67e1448b00f6e969d365cea6b010ab,179.99,40.19,2017-06-30 20:15:21,GO,74840,SP,8577,4.636226851851852,11.121886574074074,-20.40431712962963,0,0,on_time,5.0,SP->GO
6fbee8112bd7aa6e40520d182952bee3,b77d8b017bee4578bb65581f09c6167c,delivered,2017-11-11 23:20:35,2017-11-11 23:30:38,2017-11-17 20:12:45,2017-12-07 14:33:02,2017-12-13,1,e48cc16ab70bfa09e1401740dce0b3d7,49.99,26.89,2017-11-16 23:30:34,CE,63260,SP,16022,5.869560185185185,19.764085648148143,-5.393726851851852,0,1,on_time,4.0,SP->CE
ad19ba88530f3b247cf8c1bacc479741,05bb610f8efc9a227c9c88ca5bdac554,delivered,2018-03-22 08:08:32,2018-03-22 08:15:36,2018-03-29 23:42:59,2018-04-12 21:06:39,2018-04-11,1,a416b6a846a11724393025641d4edd5e,91.99,16.61,2018-03-28 08:15:36,MG,33600,SP,3702,7.648923611111111,13.891435185185186,1.8796180555555555,1,1,seller,3.0,SP->MG
4d04e8e9cb2a2dacee258022e86cc1ec,17f213c0ec73d313a15ffd954cab9a5c,delivered,2018-01-16 14:17:15,2018-01-18 02:12:50,2018-01-18 18:02:37,2018-01-30 18:57:01,2018-02-07,1,d1c281d3ae149232351cd8c8cc885f0d,98.99,21.18,2018-01-24 02:12:50,RJ,22621,SP,14940,2.1565046296296297,12.037777777777778,-7.210405092592593,0,0,on_time,4.0,SP->RJ
87a8ef7006e5aa4b8ebddae4f7b8a54e,7106ec9a475922e353e618396d53cf4e,delivered,2017-08-16 20:22:57,2017-08-16 21:45:37,2017-08-17 17:10:31,2017-09-01 02:40:05,2017-09-18,1,6560211a19b47992c3666cc44a7e94c0,149.0,17.48,2017-08-22 21:45:37,BA,48680,SP,5849,0.8663657407407407,14.395532407407408,-16.88883101851852,0,0,on_time,3.0,SP->BA
9802f29cdc084663b66ba9bd453b6eb7,35a1fa4715a6340f6df32dcff582f826,delivered,2017-06-25 21:33:03,2017-06-25 21:45:19,2017-06-27 17:48:49,2017-07-18 16:07:51,2017-08-07,1,0d85bbda9889ce1f7e63778d24f346eb,59.8,35.84,2017-07-06 21:45:19,SC,88056,MG,38414,1.8442824074074076,20.92988425925926,-19.32788194444445,0,0,on_time,4.0,MG->SC
fac209312c95149afe74f4cbcdd87c85,5daa5c0e7db8286fc9a67ef146ad1b96,delivered,2017-09-27 18:30:00,2017-09-27 18:49:25,2017-09-28 14:52:20,2017-10-04 18:58:40,2017-10-24,1,850f4f8af5ea87287ac68de36e29107f,49.0,15.1,2017-10-03 18:49:25,MG,35180,SP,4367,0.8488425925925925,6.171064814814815,-19.20925925925926,0,0,on_time,3.0,SP->MG
a548bc6afbda383e174fdcfb79a92581,ef60712cc7d090f88ca4c0adef53e4d0,delivered,2018-07-12 00:46:31,2018-07-12 00:55:26,2018-07-12 11:31:00,2018-07-23 16:18:47,2018-08-06,1,6560211a19b47992c3666cc44a7e94c0,49.0,15.44,2018-07-16 00:55:26,RS,94495,SP,5849,0.4475578703703703,11.199849537037036,-13.320289351851851,0,0,on_time,3.0,SP->RS
aa8434554633cbb808bb70f4f2d6bbcf,6ace8efa987c742a36dc0cbb83cf85e8,delivered,2018-03-20 20:26:50,2018-03-22 02:55:41,2018-03-26 15:28:30,2018-04-10 22:51:29,2018-04-11,1,76d5af76d0271110f9af36c92573f765,29.9,22.93,2018-03-28 02:55:41,MG,35610,SP,3194,5.792824074074074,15.307627314814814,-0.0475810185185185,0,0,on_time,3.0,SP->MG
0489b618a9367918b686f03f0cdeec60,f7b083bc0eefdf761a28318a9052cf4a,delivered,2018-03-15 20:00:33,2018-03-17 02:55:36,2018-03-21 01:50:46,2018-03-26 15:14:43,2018-04-03,1,02dcd3e8e25bee036e32512bcf175493,99.0,15.54,2018-03-22 02:55:36,MG,38950,MG,32310,5.243206018518518,5.558298611111111,-7.364780092592593,0,0,on_time,5.0,MG->MG
512f4f80b07d98a492f7e38f1736e1c0,350010e736cdc59d9b04c4835b38ee79,delivered,2017-05-25 21:48:06,2017-05-25 22:02:40,2017-05-26 11:57:38,2017-05-29 07:53:59,2017-06-07,1,6560211a19b47992c3666cc44a7e94c0,35.0,7.78,2017-05-31 22:02:40,SP,3961,SP,5849,0.5899537037037037,2.830798611111111,-8.670844907407407,0,0,on_time,4.0,SP->SP
9dcac4ea4003e5185ee8b597ee1f8854,8cf82313e7b03288264521546f4f1368,delivered,2018-02-25 20:49:20,2018-02-25 21:08:02,2018-02-27 16:44:14,2018-03-16 01:13:28,2018-03-22,1,c840d3fdbba0790404fdae73d253b253,136.3,25.4,2018-03-01 21:08:02,ES,29177,PR,81530,1.8297916666666667,16.35363425925926,-5.948981481481481,0,0,on_time,3.0,PR->ES
71ba7b3f5aca19e723b21de8b67fc3a3,58d9fce5ebd487e6742960be2147af5b,delivered,2018-01-31 22:52:16,2018-01-31 23:10:04,2018-02-01 19:34:34,2018-02-05 20:41:30,2018-02-16,1,8bd0f31cf0a614c658f6763bd02dea69,199.99,37.49,2018-02-06 23:10:04,SP,4646,SP,1222,0.8627083333333333,4.046481481481481,-10.137847222222222,0,0,on_time,5.0,SP->SP
8c2919b1ba90a4a9c174a97fd0cb09aa,b9df829bc3cc02538e613e6ec4c4cb90,delivered,2017-11-14 22:07:22,2017-11-17 03:35:27,2017-11-17 18:18:47,2017-11-28 05:52:11,2017-12-14,1,ac3508719a1d8f5b7614b798f70af136,159.9,20.36,2017-11-23 03:35:27,MG,36420,RS,92030,2.841261574074074,10.481527777777778,-15.75542824074074,0,0,on_time,5.0,RS->MG
bca0fe55e764250fffae4ba96e671a1e,033854c6af774f85df06de2c9399589d,delivered,2018-06-11 17:19:41,2018-06-12 04:57:50,2018-06-14 13:06:00,2018-06-20 14:21:21,2018-07-13,1,41da412d33e8da4f22baf55cb1bde82c,28.8,18.3,2018-06-18 04:57:50,MG,32450,ES,29260,2.8238310185185185,6.052326388888889,-22.40184027777778,0,0,on_time,5.0,ES->MG
b6ee1c3dc0d943c0e1e18a4fb936a693,107c1643b1a92f4749b18a5583ec924f,delivered,2017-11-25 16:29:47,2017-11-25 16:51:41,2017-11-27 21:52:19,2017-12-05 00:58:59,2017-12-18,1,76d64c4aca3a7baf218bf93ef7fa768d,140.0,20.47,2017-11-30 16:51:41,SP,8081,PR,80215,2.2239814814814816,7.12962962962963,-12.959039351851851,0,0,on_time,3.0,PR->SP
7063524166dbe4d1f15029bafcd95070,9fc14ee468e1e679d5a5057fa4224511,delivered,2018-06-28 19:28:52,2018-06-29 02:53:28,2018-06-29 10:22:00,2018-07-04 18:48:49,2018-07-23,1,6560211a19b47992c3666cc44a7e94c0,49.0,18.44,2018-07-03 02:53:28,MG,39205,SP,5849,0.6202314814814814,5.351956018518519,-18.21609953703704,0,0,on_time,4.0,SP->MG
3dd3d454c46d40fc27a3101c19477734,63911312cff4a0c076069e8b097c8d65,delivered,2018-07-14 13:29:51,2018-07-14 13:44:00,2018-07-17 08:52:00,2018-07-23 22:38:39,2018-08-01,1,ceaec5548eefc6e23e6607c5435102e7,209.99,24.23,2018-07-18 13:44:00,PR,82980,SP,3821,2.807048611111111,6.5740625,-8.056493055555556,0,0,on_time,4.0,SP->PR
ab8a866574f73cbe65bb30367254c358,e87a4f15b2f6cabfa81b5567a661429b,delivered,2018-04-22 20:27:03,2018-04-24 18:48:20,2018-04-25 14:27:00,2018-05-02 20:12:01,2018-05-17,1,620c87c171fb2a6dd6e8bb4dec959fc6,279.9,19.84,2018-04-26 21:31:02,SP,6322,RJ,25645,2.7499652777777777,7.239594907407407,-14.15832175925926,0,0,on_time,5.0,RJ->SP
60fc3da2ac0596b07fc0bf1d4e9b005e,2586ee19ba02a26fa0a5b76feb616699,delivered,2017-06-16 22:04:44,2017-06-16 22:15:24,2017-06-20 08:39:45,2017-06-27 16:32:03,2017-07-10,1,cab85505710c7cb9b720bceb52b01cee,69.9,15.24,2017-06-21 22:15:24,MG,36500,SP,2252,3.440983796296296,7.327986111111111,-12.311076388888887,0,0,on_time,5.0,SP->MG
8facae71080d66f3601522b0f6e143bb,ffe642291d0c94528389d64c07ec8341,delivered,2017-07-02 11:53:10,2017-07-02 12:05:41,2017-07-04 12:29:44,2017-07-25 00:26:37,2017-08-02,1,198c7ea11960a9844b544d9bcdca860c,16.99,34.15,2017-07-06 12:05:41,PE,54510,MG,37590,2.0253935185185186,20.497835648148147,-7.981516203703704,0,0,on_time,2.0,MG->PE
4a24776627df4bc781c16431b844580b,a2d6e6b9e568d043e74f9f63655869c0,delivered,2017-12-18 19:58:34,2017-12-18 20:58:28,2017-12-20 00:48:24,2017-12-20 22:24:28,2018-01-09,1,3c4e0452bff7a2a788179488d3d77032,99.9,9.91,2017-12-27 20:58:28,PR,80630,PR,83408,1.2012731481481482,0.9000462962962963,-19.066342592592594,0,0,on_time,4.0,PR->PR
2ae1a1178ebaf2ed27989112cf9f4a2d,503cd4e9dd9a0aad568b6f3af8e32948,delivered,2018-01-01 14:37:33,2018-01-01 14:47:22,2018-01-10 17:48:34,2018-01-18 20:29:58,2018-02-08,1,4d6d651bd7684af3fffabd5f08d12e5a,249.9,16.5,2018-01-12 14:47:22,RJ,22221,SP,17209,9.132650462962962,8.112083333333333,-20.14585648148148,0,0,on_time,5.0,SP->RJ
f4eadb63785a85c5624767458b5f5cc6,7ff490f567ddaf9cec90714d3d40ade5,delivered,2018-03-18 09:31:32,2018-03-18 09:47:59,2018-03-21 18:56:27,2018-04-26 22:43:49,2018-04-16,1,7d13fca15225358621be4086e1eb0964,115.0,18.69,2018-03-22 09:47:59,RJ,28380,SP,14050,3.3923032407407407,36.15789351851852,10.947094907407408,1,0,carrier,1.0,SP->RJ
33caef2ad890ad9d024fb272d1b14bc5,970c6b00ac5ff5a99bf267a6ff1b80bb,delivered,2018-03-11 14:55:16,2018-03-11 15:08:06,2018-03-15 15:51:15,2018-03-19 14:57:37,2018-03-28,1,1f50f920176fa81dab994f9023523100,161.7,43.41,2018-03-15 15:08:06,SP,4612,SP,15025,4.038877314814815,3.9627546296296297,-8.376655092592593,0,1,on_time,5.0,SP->SP
f736182b7b61b8d44835437f36f5a8c6,eb086a02fc7d3288a0b34e3510edae63,delivered,2017-12-06 19:27:04,2017-12-06 19:39:41,2017-12-07 17:14:46,2017-12-08 22:22:19,2017-12-22,1,2b03ac196f5ed62ac483960fe0fa3b65,130.0,9.72,2017-12-12 19:39:41,SP,4001,SP,2510,0.908125,1.2135763888888889,-13.067835648148147,0,0,on_time,5.0,SP->SP
a6e72869e355a73024a941ae6ec91919,4f27319811022a7f174a931388c5eb04,delivered,2017-08-12 23:10:09,2017-08-12 23:25:46,2017-08-16 19:05:26,2017-08-21 16:28:37,2017-08-28,1,2b3e4a2a3ea8e01938cabda2a3e5cc79,265.99,9.12,2017-08-17 23:25:46,SP,3929,SP,4733,3.8300578703703705,4.891099537037037,-6.313460648148149,0,0,on_time,5.0,SP->SP
b0583ba2feafe957830cec120a4dbfd4,082ad395df0ed72a64f71b70fffafd5b,delivered,2018-06-15 13:45:49,2018-06-15 14:04:40,2018-06-15 15:03:00,2018-06-26 01:18:25,2018-07-16,1,f46490624488d3ff7ce78613913a7711,34.9,19.43,2018-06-21 14:04:40,PR,84500,SP,7194,0.053599537037037,10.427372685185183,-19.94554398148148,0,0,on_time,5.0,SP->PR
1e7e7546d7c254379fcbf4d36cc18589,fdce09ef013f366f4ada7c2e5d22df6e,delivered,2018-07-18 15:44:32,2018-07-18 15:55:14,2018-07-19 14:15:00,2018-07-25 17:19:35,2018-08-08,1,99a54764c341d5dc80b4a8fac4eba3fb,158.0,66.32,2018-07-23 15:55:14,BA,45658,SP,3273,0.937824074074074,6.12818287037037,-13.27806712962963,0,0,on_time,3.0,SP->BA
ac179dbb60a22d59a51a123174c4a837,0c4e94327d4955e913fd4fe94f0217ae,delivered,2018-08-13 11:33:51,2018-08-13 11:45:09,2018-08-14 15:34:00,2018-08-27 18:17:41,2018-08-29,1,6879c4d287a8dd06b11f54ea8f78e4da,58.9,18.21,2018-08-16 11:45:09,ES,29106,SP,6186,1.166770833333333,13.113668981481482,-1.2377199074074074,0,0,on_time,5.0,SP->ES
9d90f18cbc370ff8636d7b5db6ae36a1,8f2ce98b00c29447f29b7b384c7a9640,delivered,2017-08-15 10:06:25,2017-08-16 03:26:12,2017-08-16 19:54:37,2017-08-28 21:54:32,2017-09-15,1,ff063b022a9a0aab91bad2c9088760b7,79.5,23.43,2017-08-22 03:26:12,MT,78600,SP,9171,1.408472222222222,12.083275462962964,-17.08712962962963,0,0,on_time,5.0,SP->MT
408bba49e507e2efa9fbb77966ca4697,7ec34e03cfead59804e2ae99d09014a6,delivered,2017-09-29 20:34:06,2017-09-29 20:49:25,2017-10-04 11:07:14,2017-10-10 22:33:42,2017-10-31,1,edd066cd02126d7800f9b66e980e9931,147.0,31.78,2017-10-05 20:49:25,MG,39280,DF,70070,4.6063425925925925,6.476712962962963,-20.05993055555556,0,0,on_time,5.0,DF->MG
b5fa2ba0f79e3ed1060c40becf0952a4,5236cb56c9f9a4970c03e1d199f0bb51,delivered,2017-11-28 11:25:56,2017-11-29 02:18:24,2017-12-02 01:14:50,2017-12-12 23:38:52,2017-12-19,1,44073f8b7e41514de3b7815dd0237f4f,55.0,15.83,2017-12-05 02:18:24,SP,7175,DF,71070,3.575625,10.933356481481482,-6.014675925925926,0,0,on_time,1.0,DF->SP
51ad0046ea33a9c6f8835234fc73b8c3,dac9b9aa3863b89ec71d38061e4f4957,delivered,2017-07-10 20:19:26,2017-07-10 20:30:17,2017-07-11 17:28:59,2017-07-21 18:17:31,2017-08-03,1,4e922959ae960d389249c378d1c939f5,99.0,16.45,2017-07-14 20:30:17,MG,30285,SP,12327,0.8816319444444445,10.033703703703704,-12.237835648148147,0,0,on_time,5.0,SP->MG
cb459c6af32347f6dd511553117bd080,7b0b3ff8c45390829d0e80dcc2a0079b,delivered,2017-03-01 09:56:20,2017-03-01 10:05:20,2017-03-01 10:17:03,2017-03-08 14:54:01,2017-03-24,1,25e6ffe976bd75618accfe16cefcbd0d,78.75,17.39,2017-03-07 10:05:20,ES,29104,SP,5503,0.014386574074074,7.192337962962963,-15.379155092592592,0,0,on_time,5.0,SP->ES
93d46ea758b312e44cd1611c3ac69f72,5d5321e98535682e43d2752b3f038f25,delivered,2017-03-20 13:14:24,2017-03-20 13:14:24,2017-03-21 13:38:01,2017-03-23 14:59:54,2017-04-19,1,ec4608a1f76453166bb312b2968aeaf4,34.99,36.75,2017-03-28 13:14:24,RJ,22743,SP,13660,1.016400462962963,2.056863425925926,-26.37506944444445,0,0,on_time,1.0,SP->RJ
14056d7cad6fbef25503befcd851fc72,b75bc7bae07714f99400b0556dd05ff4,delivered,2017-05-06 15:13:22,2017-05-06 15:25:10,2017-05-09 15:23:44,2017-05-15 09:00:01,2017-06-02,1,e5a38146df062edaf55c38afa99e42dc,89.18,17.87,2017-05-11 15:25:10,ES,29192,SP,1233,3.007199074074074,5.733530092592592,-17.624988425925928,0,0,on_time,5.0,SP->ES
e6cc57f923c4dab2222b8c9aa8742eea,2f4a42f9bb4b9a8cd402fa549df5c7fd,delivered,2018-02-07 12:09:45,2018-02-07 12:31:13,2018-02-21 23:38:05,2018-03-05 18:56:39,2018-05-11,1,4d6d651bd7684af3fffabd5f08d12e5a,113.0,15.54,2018-04-17 11:31:13,DF,70648,SP,17209,14.47800925925926,11.804560185185183,-66.21065972222222,0,0,on_time,5.0,SP->DF
d3605b7117930d845a75af0d32c3bc7e,ea7c78d210a9cd6b447a80b3508edc0c,delivered,2017-11-17 19:59:06,2017-11-21 04:06:22,2017-11-23 02:21:01,2017-12-01 20:36:46,2017-12-11,1,7ddcbb64b5bc1ef36ca8c151f6ec77df,194.99,26.4,2017-11-27 04:06:22,BA,41341,SP,4403,5.265219907407407,8.7609375,-9.14113425925926,0,0,on_time,1.0,SP->BA
0bb34cb6a7308c8a0be897369360bcd6,dfd31f8e07d6a7078ae3c8119cef1c2e,delivered,2018-04-04 13:47:32,2018-04-05 13:48:42,2018-04-05 23:55:18,2018-04-09 22:32:13,2018-04-27,1,59b22a78efb79a4797979612b885db36,99.0,44.27,2018-04-11 13:48:42,SP,9784,MG,38414,1.4220601851851853,3.942303240740741,-17.060960648148146,0,0,on_time,5.0,MG->SP
2552e1d6ef4a4a91c1bcc69dbdf4d952,2f72926e540d5cb67d8b1aadd273b445,delivered,2017-06-07 21:10:13,2017-06-07 21:22:32,2017-06-14 16:26:53,2017-06-21 16:52:52,2017-06-28,1,128639473a139ac0f3e5f5ade55873a5,14.9,12.48,2017-06-13 21:22:32,PR,81650,PR,87050,6.8032407407407405,7.0180439814814815,-6.296620370370371,0,1,on_time,5.0,PR->PR
875457c60d42163f5d8bc4b4e94b2412,cc0c38361d064bff576ef1fc19336cb8,delivered,2018-05-21 15:15:27,2018-05-21 16:36:05,2018-05-24 08:41:00,2018-06-07 15:21:15,2018-06-08,1,1025f0e2d44d7041d6cf58b6550e0bfa,140.0,74.97999999999999,2018-05-24 16:31:31,MS,79046,SP,3204,2.726076388888889,14.277951388888887,-0.3602430555555556,0,0,on_time,5.0,SP->MS
58b198357d2b68044f885a370a585ff3,8d7cf6fc4668c48859673a8e0fc8fa6a,delivered,2017-04-15 22:00:21,2017-04-15 22:15:10,2017-04-18 14:51:36,2017-05-10 12:48:08,2017-05-08,1,7a67c85e85bb2ce8582c35f2203ad736,99.99,12.09,2017-04-19 22:15:10,SP,7084,SP,3426,2.7022569444444446,21.91425925925926,2.533425925925926,1,0,carrier,1.0,SP->SP
9f372562f0d05458a142227656ddfc85,2b3692f768a14674dce6f6db8153ce80,delivered,2017-05-05 12:54:05,2017-05-05 13:10:25,2017-05-11 14:29:02,2017-05-29 15:59:44,2017-06-05,1,dc4a0fc896dc34b0d5bfec8438291c80,26.9,16.05,2017-05-15 13:10:25,ES,29129,SP,14940,6.0659375,18.062986111111112,-6.333518518518519,0,0,on_time,5.0,SP->ES
e8977f709bbb0367f51b589e6325f991,b7f69471fed8a036911323fca290a2c2,delivered,2017-11-13 21:37:15,2017-11-13 21:50:33,2017-11-14 22:38:39,2017-11-16 19:25:51,2017-11-27,1,3be634553519fb6536a03e1358e9fdc7,95.74,36.77,2017-11-20 21:50:33,SP,8771,SP,8275,1.042638888888889,1.866111111111111,-10.190381944444445,0,0,on_time,5.0,SP->SP
a2c43042a0f72bd5959e4360b16b6730,752597d371963a01b4f6999eab0aba7e,delivered,2017-09-29 15:42:54,2017-09-29 15:56:22,2017-10-02 16:35:15,2017-10-16 13:44:38,2017-10-18,1,729f06993dac8e860d4f02d7088ca48a,359.9,62.26,2017-10-06 15:56:22,SP,5345,SP,13481,3.0363541666666665,13.881516203703704,-1.427337962962963,0,0,on_time,3.0,SP->SP
be48bdef069ed1eb0d320bfe65d26351,608d232311554f84a24cbe6ccc3dbab8,delivered,2017-12-02 19:41:11,2017-12-02 19:53:44,2017-12-05 14:59:29,2017-12-10 12:19:04,2017-12-27,1,08d2d642cf72b622b14dde1d2f5eb2f5,15.0,25.38,2017-12-07 19:53:44,SP,4563,SP,17512,2.804375,4.888599537037037,-16.48675925925926,0,0,on_time,5.0,SP->SP
f6ac44bbece0129b596dfc21aede3c20,c7616d00b4400791c265c3b952dee75e,delivered,2018-08-07 14:07:40,2018-08-07 14:15:21,2018-08-20 12:25:00,2018-08-21 18:07:43,2018-08-14,1,f0b47fbbc6dee9aafe415a6e33051b3f,49.49,8.51,2018-08-13 14:15:21,SP,8780,SP,9360,12.928703703703704,1.2379976851851853,7.755358796296297,1,1,seller,1.0,SP->SP
3ee995f2432d1efdb2369e87acc095d2,6f3f242302ca86d90343db8a3b68e259,delivered,2017-05-19 15:03:20,2017-05-19 15:10:21,2017-05-22 07:22:01,2017-05-31 11:25:42,2017-06-12,1,aafe36600ce604f205b86b5084d3d767,59.9,15.18,2017-05-25 15:10:21,RS,91450,SC,88115,2.679641203703704,9.169224537037037,-11.523819444444444,0,0,on_time,5.0,SC->RS
e4df16cb9093d2bcb0f6d3df3b49507e,9d458da74858da5267ed59b42738c8b9,delivered,2017-12-03 14:07:35,2017-12-03 14:21:30,2017-12-04 20:28:24,2017-12-09 18:09:29,2017-12-20,1,6560211a19b47992c3666cc44a7e94c0,49.0,7.78,2017-12-07 14:21:30,SP,5763,SP,5849,1.2644560185185183,4.903530092592592,-10.243414351851852,0,0,on_time,4.0,SP->SP
9c0a26a4017f99d2c64f214fc104cc8b,4141d54aab56c4412b12a716b7cecb01,delivered,2018-02-02 13:42:23,2018-02-03 02:53:43,2018-02-07 20:18:57,2018-02-16 23:07:52,2018-03-08,1,0b90b6df587eb83608a64ea8b390cf07,89.3,12.76,2018-02-14 02:53:43,SP,5763,PR,87025,5.275393518518518,9.11730324074074,-19.036203703703706,0,0,on_time,5.0,PR->SP
9221e4a9fb1a45521d3cce76aa1258c9,bd84544636b9d552c30fcb64159f316a,delivered,2017-12-07 17:26:54,2017-12-07 18:31:34,2017-12-08 23:41:27,2017-12-11 16:46:53,2017-12-26,1,9f505651f4a6abe901a56cdc21508025,21.99,7.78,2017-12-13 18:31:34,SP,4372,SP,4102,1.2601041666666666,2.7121064814814817,-14.300775462962964,0,0,on_time,3.0,SP->SP
8aa3866b203e8d7afaf21d53331f716c,840bb79be81df04d60152060690d28ba,delivered,2018-07-14 12:27:30,2018-07-14 12:35:24,2018-07-17 07:02:00,2018-07-23 22:41:37,2018-08-14,1,1835b56ce799e6a4dc4eddc053f04066,56.99,19.59,2018-07-17 12:35:24,RJ,21941,SP,14940,2.7739583333333333,6.652511574074074,-21.05443287037037,0,0,on_time,5.0,SP->RJ
090cb921c3319702919eabe80bc9f5ff,2947b1f5493e916b287414dc93e1e6b0,delivered,2017-04-19 12:38:31,2017-04-20 02:45:35,2017-05-04 14:22:15,2017-05-23 14:26:32,2017-05-12,1,6ee85be3693ed79a8e80718743d80655,29.5,8.72,2017-05-03 02:45:35,SP,2757,SP,3937,15.072037037037036,19.00297453703704,11.60175925925926,1,1,seller,1.0,SP->SP
e2e7ed46703108a39d779daeeb8e4f23,713e1c9b84d40f0ec86e5f04fe959edb,delivered,2018-07-14 12:01:24,2018-07-14 12:15:12,2018-07-17 08:54:00,2018-07-24 21:24:35,2018-08-20,1,ceaec5548eefc6e23e6607c5435102e7,259.99,50.19,2018-07-24 12:15:12,RJ,23035,SP,3821,2.869861111111111,7.521238425925926,-26.10792824074074,0,0,on_time,5.0,SP->RJ
93b68446f352031c3899ff57f76f0a68,e29679a0f9c46f3c88b77731fb9af798,delivered,2018-02-15 16:15:14,2018-02-15 16:26:48,2018-02-17 18:19:05,2018-03-02 19:53:13,2018-03-15,1,2a84855fd20af891be03bc5924d2b453,110.0,25.22,2018-02-21 15:26:48,RS,94930,MG,30111,2.086006944444444,13.06537037037037,-12.171377314814816,0,0,on_time,1.0,MG->RS
ca64fa08707e6364a46a92d4092695ba,37c3241a1f076ae4d97f0b6c303384b3,delivered,2017-07-13 18:53:00,2017-07-14 02:30:14,2017-07-14 16:49:30,2017-07-26 17:56:39,2017-08-16,1,3d871de0142ce09b7081e2b9d1733cb1,54.9,35.7,2017-07-20 02:30:14,RN,59173,SP,13232,0.9142361111111112,12.046631944444444,-20.25232638888889,0,0,on_time,4.0,SP->RN
31a8766241a787028fc15329259dd644,38feb76a2d5be48d28f3cb600f7ae220,delivered,2018-02-01 10:08:33,2018-02-01 10:15:32,2018-02-05 19:24:30,2018-02-14 18:29:04,2018-02-26,1,fa1c13f2614d7b5c4749cbc52fecda94,348.8,16.19,2018-02-07 10:15:32,MG,31640,SP,13170,4.386076388888889,8.96150462962963,-11.229814814814814,0,0,on_time,5.0,SP->MG
c7e60efb6feb0df33ec3cd61043dd39f,1252407040f15cc03032ada7119ac124,delivered,2018-06-04 20:59:05,2018-06-04 21:12:49,2018-06-05 12:10:00,2018-06-12 17:27:39,2018-07-11,1,634964b17796e64304cadf1ad3050fb7,130.0,23.41,2018-06-12 21:12:49,PE,52130,RJ,21840,0.6325810185185186,7.220590277777778,-28.272465277777776,0,0,on_time,5.0,RJ->PE
d27c9535dfd56cfe107bc9eac1ac3e31,66e7c2bd54aca2f9dfed7187ef360506,delivered,2017-09-17 18:47:24,2017-09-17 19:03:27,2017-09-18 18:22:29,2017-09-25 18:04:13,2017-10-04,1,4869f7a5dfa277a7dca6462dcf3b52b2,138.0,12.47,2017-09-21 19:03:27,SP,3805,SP,14840,0.9826967592592591,6.987314814814815,-8.24707175925926,0,0,on_time,4.0,SP->SP
09d557bf440b6c3b40cacfbb24fd5e28,c95fd5ec9cb15e99cbd4b8a9ff814ff6,delivered,2017-01-11 20:12:38,2017-01-11 20:25:06,2017-01-12 10:07:12,2017-01-19 16:32:01,2017-02-27,1,a3a38f4affed601eb87a97788c949667,129.99,29.19,2017-01-15 20:12:38,MG,34535,SC,89204,0.5795601851851852,7.267233796296296,-38.31109953703704,0,0,on_time,5.0,SC->MG
f7f3fabc083edcb99e4be7381a60e660,301ef7ee93ed74b67c6d1741652b8615,delivered,2017-08-16 08:54:46,2017-08-16 09:25:15,2017-08-29 20:56:32,2017-09-08 22:52:54,2017-09-05,1,3db66a856d18a9cba7c9241fc5221c50,29.9,13.37,2017-08-22 09:25:15,MG,35680,MG,35430,13.501226851851852,10.080810185185186,3.953402777777778,1,1,seller,1.0,MG->MG
955edcef18570af09e702de925422860,9c7d82f5c79d496c6427f47690852dee,delivered,2017-05-28 17:17:23,2017-05-28 17:30:19,2017-05-31 09:38:56,2017-06-01 13:17:31,2017-06-09,1,b2ba3715d723d245138f291a6fe42594,179.9,8.51,2017-06-01 17:30:19,SP,3127,SP,3470,2.6816319444444443,1.1517939814814817,-7.446168981481481,0,0,on_time,5.0,SP->SP
44001fa5bde42ef2bb752eab4c9dde60,e7465fc1fa500a0b3aaddf34f956ea5e,delivered,2017-08-11 00:21:50,2017-08-11 00:35:20,2017-08-11 19:11:17,2017-08-16 18:12:43,2017-08-31,1,dbc22125167c298ef99da25668e1011f,55.9,13.41,2017-08-17 00:35:20,MG,37460,MG,37564,0.7843402777777778,4.959328703703704,-14.24116898148148,0,0,on_time,4.0,MG->MG
1401bae5fe4bb9d7467a1b39ad94403a,c2825827a23f94a211cca297bc04dd1c,delivered,2018-01-12 20:23:42,2018-01-12 20:31:26,2018-01-17 15:23:34,2018-01-22 21:27:01,2018-02-15,1,2089a6d640999f9b9141ac719b2af596,112.0,12.28,2018-01-24 20:31:17,SP,3162,SP,13566,4.791574074074074,5.252395833333333,-23.106238425925927,0,0,on_time,5.0,SP->SP
b42f5cf7cbdab3df43164a7809d69ced,4ae477e15a54cbcecd6f66edafef1cd4,delivered,2018-06-06 15:17:39,2018-06-06 15:34:23,2018-06-07 13:54:00,2018-06-16 14:44:41,2018-07-12,1,1900267e848ceeba8fa32d80c1a5f5a8,155.96,54.84,2018-06-14 15:30:54,SP,11075,SP,14940,0.9419097222222222,9.03519675925926,-25.385636574074077,0,0,on_time,1.0,SP->SP
a223cabf8961911bec789b0f31c66592,520821da53c746a4d05a5fbca575eb1a,delivered,2018-02-02 22:46:57,2018-02-02 23:10:43,2018-02-06 22:09:17,2018-02-07 20:52:52,2018-02-20,1,f7ba60f8c3f99e7ee4042fdef03b70c4,325.0,10.47,2018-02-07 23:10:43,SP,7023,SP,9628,3.9738425925925926,0.9469328703703704,-12.129953703703704,0,0,on_time,5.0,SP->SP
57f49d7a95cd831411b2ccf01fb36b67,778b5eadaf22818aeab5750e40f2f1df,delivered,2018-04-22 19:32:20,2018-04-24 18:49:44,2018-04-24 22:56:35,2018-05-02 22:54:47,2018-06-07,1,7d13fca15225358621be4086e1eb0964,240.0,19.56,2018-04-26 21:31:13,RJ,20050,SP,14050,2.141840277777778,7.99875,-35.04528935185185,0,0,on_time,1.0,SP->RJ
9216a44f5b8ded17361603142a907289,8192999f1c06e98c177d5cdaf31d7412,delivered,2017-08-02 10:21:05,2017-08-02 10:30:25,2017-08-02 19:03:52,2017-08-09 17:46:17,2017-08-30,1,6edacfd9f9074789dad6d62ba7950b9c,27.9,14.1,2017-08-08 10:30:25,GO,74150,SP,7135,0.3630439814814815,6.946122685185185,-20.25952546296296,0,0,on_time,3.0,SP->GO
41d5636cfaa3b8436beab84388cf73d0,e3ca9adedf7464a8e2c2802ed1fe3757,delivered,2017-07-16 15:21:38,2017-07-16 15:30:08,2017-07-20 20:11:44,2017-07-22 15:04:08,2017-07-28,1,7dc8c42cc750eeafea6c85712ffee9bf,149.99,21.7,2017-07-20 15:30:08,SP,11441,SP,5424,4.201458333333333,1.7863888888888888,-5.3721296296296295,0,1,on_time,4.0,SP->SP
758df1b187e095f760b20b118b9173a6,51c6634a751f310a82dd49551c475c82,delivered,2017-04-20 08:30:40,2017-04-25 08:23:32,2017-04-25 13:23:27,2017-05-10 03:07:47,2017-05-18,1,48162d548f5b1b11b9d29d1e01f75a61,620.1,24.97,2017-05-02 08:23:32,GO,73850,SP,13403,5.203321759259259,14.572453703703705,-7.869594907407407,0,0,on_time,5.0,SP->GO
aa8a0a13a82200ca731915b262113b2e,999ea745e15b6f7bcb451e51d1b9d64e,delivered,2017-11-27 14:59:57,2017-11-27 15:18:28,2017-11-29 00:31:49,2017-11-29 14:12:38,2017-12-12,1,ff063b022a9a0aab91bad2c9088760b7,74.0,13.08,2017-12-04 15:18:28,SP,1021,SP,9171,1.3971296296296296,0.5700115740740741,-12.407893518518518,0,0,on_time,5.0,SP->SP
269fb3a37e10ad284ed9ca4a34c32d09,4dc2037d51777db6a431a91905bcd7be,delivered,2017-09-25 22:51:01,2017-09-26 22:56:15,2017-09-27 16:19:41,2017-10-09 17:26:06,2017-10-24,1,582d4f8675b945722eda7c0cb61ba4c7,5.99,16.11,2017-10-02 22:56:15,RJ,28460,SP,11250,1.7282407407407407,12.046122685185184,-14.273541666666668,0,0,on_time,4.0,SP->RJ
9315b252c65baa9c508538ade0964778,551f48e94f1229ae6aa375480f198394,delivered,2017-11-26 21:48:17,2017-11-26 21:54:29,2017-11-28 15:12:55,2017-12-01 20:49:45,2017-12-11,1,259f7b5e6e482c230e5bfaa670b6bb8f,74.9,25.04,2017-11-30 21:54:29,SP,4904,SP,8550,1.725439814814815,3.233912037037037,-9.132118055555557,0,0,on_time,5.0,SP->SP
cdbf4152d2857c30e94f8e15e0dc9914,b07ff4137e54a8bf9b962ce385a93355,delivered,2018-08-05 18:45:25,2018-08-05 19:04:17,2018-08-08 14:11:00,2018-08-15 12:32:49,2018-08-20,1,2e7ea2aafec5835e781b21d6d1faf1f1,65.0,18.56,2018-08-08 19:04:17,PR,85814,SP,2820,2.80943287037037,6.931817129629629,-4.477210648148148,0,0,on_time,4.0,SP->PR
1e30314e6dd7717655ff9f2f186df393,501e72b0ab6bb25a06e35822a912a065,delivered,2017-04-22 10:30:14,2017-04-25 08:25:46,2017-05-02 13:17:03,2017-05-08 10:07:49,2017-05-22,1,17f51e7198701186712e53a39c564617,990.0,67.29,2017-05-11 08:25:46,SP,14415,SP,3908,10.115844907407409,5.868587962962963,-13.577905092592593,0,0,on_time,5.0,SP->SP
b58c077505462b29bcf153fd9dcdc9d8,f885e93f1b6dc0b69e8b2a2eed52485b,delivered,2017-11-20 16:07:50,2017-11-20 16:26:46,2017-11-23 16:38:54,2017-11-28 16:51:44,2017-12-12,1,05d2173d43ea568aa0540eba70d2ca76,145.0,15.76,2017-11-29 16:26:46,SP,3008,MG,37135,3.021574074074074,5.008912037037037,-13.297407407407407,0,0,on_time,5.0,MG->SP
e9b4ff9ff0820c3866430daf263c4097,b98d7e02571e731227808ba5ce9a0adb,delivered,2018-05-05 21:30:00,2018-05-05 21:50:40,2018-05-07 14:23:00,2018-05-14 18:19:36,2018-06-01,1,4a3ca9315b744ce9f8e9374361493884,88.0,10.3,2018-05-10 21:50:40,SP,15600,SP,14940,1.7034722222222225,7.164305555555556,-17.23638888888889,0,0,on_time,4.0,SP->SP
eef98923f3fe58345e2aa0ff71f97bd7,2f3f1e169a5eca20dac6c858857b99b4,delivered,2018-06-02 14:24:17,2018-06-05 04:31:00,2018-06-08 14:29:00,2018-06-19 12:32:48,2018-07-12,1,1025f0e2d44d7041d6cf58b6550e0bfa,70.0,32.64,2018-06-13 04:30:27,PR,83605,SP,3204,6.0032754629629625,10.919305555555557,-22.477222222222224,0,0,on_time,5.0,SP->PR
45881bf836d74c8e321eb6467c8eef47,da88831d5e0390c2791ab38acd5ca5e7,delivered,2018-02-10 09:41:24,2018-02-10 09:55:29,2018-02-19 09:35:06,2018-02-28 21:34:09,2018-03-14,1,d94a40fd42351c259927028d163af842,129.0,23.77,2018-02-15 09:55:29,ES,29303,MG,37443,8.995625,9.499340277777778,-13.101284722222225,0,1,on_time,5.0,MG->ES
5b44c6f9e0661260464c004450816622,e4da40842c77acf1d600712d8ddff94e,delivered,2017-09-20 09:41:55,2017-09-22 04:10:52,2017-09-22 15:32:53,2017-10-02 20:33:11,2017-10-26,1,1ce3ae5a399804d1a87e706f8a813c3e,139.8,18.0,2017-09-28 04:10:52,RJ,20520,SC,88715,2.243726851851852,10.208541666666669,-23.143622685185186,0,0,on_time,5.0,SC->RJ
aa390c2a8b1889cbd84765ef2268fbcc,77ebc669c95a4faf1c6b941b1e46e475,delivered,2018-07-19 22:40:35,2018-07-19 22:50:12,2018-07-20 14:04:00,2018-07-31 18:56:34,2018-08-17,1,1f50f920176fa81dab994f9023523100,49.9,41.33,2018-07-23 22:50:12,RJ,22740,SP,15025,0.641261574074074,11.203171296296295,-16.21071759259259,0,0,on_time,3.0,SP->RJ
ed9a73914b6e0fca8d1b8939f2c41879,1f19186e80a1db14a79e2acf2f21fab2,delivered,2017-03-24 09:20:29,2017-03-24 09:30:20,2017-03-24 11:58:54,2017-06-02 16:43:53,2017-04-19,1,1b4c3a6f53068f0b6944d2d005c9fc89,169.9,25.01,2017-03-30 09:30:20,RJ,22621,SC,88730,0.110011574074074,70.19790509259259,44.6971412037037,1,0,carrier,1.0,SC->RJ
dec0f6569996808803b3a8130c35a997,ca63450c1abcdd0a6124ce2dd7b64d2a,delivered,2018-01-24 22:03:25,2018-01-27 02:50:32,2018-01-29 19:42:56,2018-02-09 18:13:06,2018-02-19,1,cc419e0650a3c5ba77189a1882b7556a,53.99,11.88,2018-02-02 02:50:32,SP,13940,SP,9015,4.902442129629629,10.93761574074074,-9.240902777777778,0,0,on_time,5.0,SP->SP
20a6605d8265ca357d15eaf4f6710f63,f3b9b8b6d11fc7c446254660648ca292,delivered,2017-05-14 14:56:41,2017-05-14 15:10:13,2017-05-17 09:23:09,2017-05-23 13:19:32,2017-06-06,1,b2ba3715d723d245138f291a6fe42594,89.9,15.38,2017-05-18 15:10:13,RS,95690,SP,3470,2.7683796296296297,6.164155092592592,-13.44476851851852,0,0,on_time,4.0,SP->RS
fa4dc5d499f35cf8ea22c543c6a36c10,9e371ab50c3942d37f30e64722e149b2,delivered,2018-06-21 21:04:53,2018-06-23 01:15:45,2018-06-28 14:59:00,2018-07-04 20:02:17,2018-07-31,1,dc4a0fc896dc34b0d5bfec8438291c80,129.9,27.21,2018-07-05 01:15:45,SC,88535,SP,14940,6.745914351851852,6.210613425925926,-26.16508101851852,0,0,on_time,4.0,SP->SC
94f7b6b57da8c315ba34ed75eb75a16b,381fcc93de567ff58debbc20540bc668,delivered,2018-05-19 16:08:40,2018-05-19 16:32:22,2018-05-22 12:25:00,2018-06-02 13:28:45,2018-06-06,1,16090f2ca825584b5a147ab24aa30c86,27.9,9.08,2018-05-22 16:31:14,SP,19010,SP,12940,2.8446759259259258,11.044270833333334,-3.438368055555556,0,0,on_time,5.0,SP->SP
f32506d911d029d9aa31e074798f2c2f,cd0f4edcbda5a1922810b83e7233b33d,delivered,2017-10-28 19:51:27,2017-10-28 20:05:48,2017-10-31 16:17:04,2017-11-06 18:26:42,2017-11-17,1,4a3ca9315b744ce9f8e9374361493884,55.6,12.73,2017-11-03 20:05:48,SP,4187,SP,14940,2.851122685185185,6.090023148148148,-10.231458333333334,0,0,on_time,4.5,SP->SP
b033496f0a8ef446d5a1e2fa5038be7c,4b8c45f8b7d4885fdd94fb1f6e2336ba,delivered,2017-09-26 12:35:33,2017-09-26 12:49:38,2017-09-29 14:22:17,2017-10-06 20:09:14,2017-10-20,1,7299e27ed73d2ad986de7f7c77d919fa,160.0,16.88,2017-10-02 12:49:38,RJ,26282,MG,38440,3.0741203703703706,7.2409375,-13.16025462962963,0,0,on_time,5.0,MG->RJ
8bb2eba1812af22e6933f1b246741cfb,cd19b945e52697d44bd054b692badfde,delivered,2017-06-08 16:43:27,2017-06-08 17:40:20,2017-06-09 09:47:19,2017-06-23 13:22:40,2017-07-03,1,f45122a9ab94eb4f3f8953578bc0c560,59.7,17.67,2017-06-14 17:40:20,PR,82015,SP,13419,0.7110185185185185,14.149548611111111,-9.442592592592591,0,0,on_time,4.0,SP->PR
6004599e0ca050d5d2e6b6cc27616061,34c14391e34ba77edd322046b9a1eee5,delivered,2018-06-04 15:54:29,2018-06-06 03:11:18,2018-06-06 12:21:00,2018-06-21 17:54:26,2018-07-13,1,f125f3a310c2e5f822d116147de1e474,95.2,18.6,2018-06-14 03:11:18,BA,41720,SP,3068,1.8517476851851853,15.231550925925928,-21.25386574074074,0,0,on_time,5.0,SP->BA
c308c2ae15a981044aa6d93a3c6bcf1a,88489527cc5297af6ef25ae19ed5506b,delivered,2018-05-25 16:06:15,2018-05-29 03:55:04,2018-05-29 12:39:00,2018-06-05 14:45:09,2018-06-21,1,66922902710d126a0e7d26b0e3805106,96.0,23.25,2018-06-01 03:55:04,SP,13405,MG,31842,3.856076388888889,7.087604166666667,-15.3853125,0,0,on_time,5.0,MG->SP
6caff58e656c5b6c5769918fd09707c2,f463d27a26d6aa1d7f438df524c501dd,delivered,2017-06-15 17:52:57,2017-06-15 18:05:19,2017-06-16 11:07:04,2017-06-19 13:54:02,2017-07-06,1,db4350fd57ae30082dec7acbaacc17f9,15.99,7.78,2017-06-21 18:05:19,SP,3819,SP,3126,0.718136574074074,3.115949074074074,-16.420810185185186,0,0,on_time,5.0,SP->SP
ed7200b041e08a9814ac30587b7e62bd,932f6944e8d50003e3bebd6030cd1c60,delivered,2017-12-08 20:01:45,2017-12-08 20:12:24,2017-12-12 22:35:33,2017-12-15 18:17:05,2017-12-27,1,ea8482cd71df3c1969d7b9473ff13abc,27.99,7.78,2017-12-14 20:12:24,SP,6765,SP,4160,4.106805555555556,2.8205092592592598,-11.238136574074074,0,0,on_time,5.0,SP->SP
b0cc2434ee3727e682222a0f745a5948,1a00c0fbcc12796d898b5b4a368ea94a,delivered,2017-03-21 11:30:09,2017-03-21 11:30:09,2017-03-29 09:19:27,2017-04-03 14:05:33,2017-04-20,1,da8622b14eb17ae2831f4ac5b9dab84a,129.0,16.01,2017-04-06 11:30:09,SP,5653,SP,13405,7.909236111111111,5.198680555555556,-16.4128125,0,0,on_time,5.0,SP->SP
ad0094254eb3881ba1fc670676ea7c06,f52b4e8cb4e838d66ba5606db014aea1,delivered,2018-06-03 20:05:51,2018-06-03 20:31:21,2018-06-04 14:00:00,2018-06-27 18:14:33,2018-07-13,1,516e7738bd8f735ac19a010ee5450d8d,84.9,24.72,2018-06-07 20:30:52,AL,57080,RJ,22230,0.7459375,23.17677083333333,-15.239895833333334,0,0,on_time,4.0,RJ->AL
4af33d0a8ce1bbababe13c9480c10ea5,40e7f3dd68599eba447d4f95e9cedd1f,delivered,2017-03-09 16:30:19,2017-03-09 16:30:19,2017-03-10 09:15:01,2017-03-14 11:22:06,2017-03-30,1,25e6ffe976bd75618accfe16cefcbd0d,96.0,15.43,2017-03-15 16:30:19,MG,30170,SP,5503,0.6977083333333334,4.088252314814815,-15.526319444444445,0,0,on_time,5.0,SP->MG
8c4d95230ea6b65fa945b79cf07ac312,c5af28f87656d1def1d64fe1095af38b,delivered,2018-03-31 10:43:46,2018-03-31 10:55:21,2018-04-04 01:52:39,2018-04-06 18:52:28,2018-04-18,1,f457c46070d02cadd8a68551231220dd,72.0,13.62,2018-04-05 10:55:21,PR,81670,PR,87047,3.6311689814814816,2.7082060185185184,-11.213564814814816,0,0,on_time,5.0,PR->PR
6ac9e7249ef5df977218e8251e151355,030be3271231e6f5df0157331c60f0e9,delivered,2017-10-16 13:01:48,2017-10-16 13:14:45,2017-10-17 14:24:01,2017-10-19 20:21:36,2017-10-27,1,cc419e0650a3c5ba77189a1882b7556a,56.99,8.72,2017-10-23 13:14:45,SP,6050,SP,9015,1.0570949074074074,2.2483217592592597,-7.151666666666666,0,0,on_time,5.0,SP->SP
7403ac23ba120fd8567475b2f38bedcc,516a37d1245dd9d6c5bad03d4138dac8,delivered,2018-03-22 16:09:54,2018-03-24 02:10:56,2018-03-26 23:14:43,2018-03-28 01:29:00,2018-04-04,1,f262cbc1c910c83959f849465454ddd3,25.98,14.78,2018-03-29 02:10:56,SP,11060,SP,3564,4.295011574074074,1.0932523148148148,-6.938194444444444,0,0,on_time,5.0,SP->SP
1e3445e33595212e158a97614da809ae,69af979c9ab523d12442dae4b6a18ec9,delivered,2018-02-13 19:14:16,2018-02-13 19:27:19,2018-02-19 23:23:07,2018-02-27 01:28:56,2018-03-13,1,160e4f13fd3a64b1b86807be88b5ffb0,179.0,17.5,2018-02-20 18:27:19,SP,4689,PR,83409,6.1728125,7.087372685185185,-13.93824074074074,0,0,on_time,5.0,PR->SP
87c1c6290f9a38a66bae906e0d230d3d,2277d479ba033b5878e10616e0cda399,delivered,2018-06-26 07:21:27,2018-06-26 07:38:03,2018-06-26 14:43:00,2018-06-28 17:28:52,2018-07-19,1,966cb4760537b1404caedd472cc610a5,730.0,20.21,2018-06-29 07:38:03,RJ,26290,SP,9920,0.3066319444444444,2.1151851851851853,-20.27162037037037,0,0,on_time,3.0,SP->RJ
04453a84ff0126fdc05079cf18a34890,ecfa3f58947d84b3346a3634b233a259,delivered,2018-07-11 14:07:30,2018-07-12 03:35:14,2018-07-13 14:03:00,2018-07-26 22:18:31,2018-07-31,1,4b9750c8ad28220fe6702d4ecb7c898f,94.95,19.86,2018-07-16 03:35:14,GO,73850,SP,13484,1.996875,13.344108796296297,-4.070474537037037,0,0,on_time,4.0,SP->GO
0c734449f0a8246894a537f0d4355dc8,6e36e65ac8a2d6648fe31c13aa4e7b42,delivered,2018-06-14 02:20:11,2018-06-14 02:57:34,2018-06-15 16:38:00,2018-06-29 15:18:49,2018-07-27,1,dfc475d54e1b6dbeeb7d7d9bdaa63827,125.0,26.39,2018-06-20 02:57:34,RJ,22260,PR,81460,1.5957060185185186,13.945011574074076,-27.36193287037037,0,0,on_time,5.0,PR->RJ
fb557db0014de7f9f688c2fc73b5d80f,5fcb697f25738603217969e82ae5db49,delivered,2018-01-19 12:28:33,2018-01-19 12:36:28,2018-01-22 21:21:49,2018-01-25 00:05:08,2018-02-05,1,fa40cc5b934574b62717c68f3d678b6d,34.9,7.78,2018-01-25 12:36:28,SP,18077,SP,2310,3.370324074074074,2.113414351851852,-10.996435185185184,0,0,on_time,5.0,SP->SP
9feac9aefe68aad21858f5edd41855bd,1e895c76e8cd693bb39fa6731f209448,delivered,2017-10-16 18:01:46,2017-10-16 18:24:06,2017-10-17 16:37:50,2017-11-01 19:03:03,2017-11-13,1,ebd2d60905fb58271facef5596b620d3,42.9,42.76,2017-10-20 18:24:06,RN,59078,SP,18683,0.9417129629629628,15.100844907407408,-11.206215277777778,0,0,on_time,5.0,SP->RN
954aa85181d13fc9199de72bf883168c,123b19b05143cdc8bed675b0470a76e5,delivered,2018-04-30 02:45:05,2018-04-30 03:09:42,2018-05-02 10:45:00,2018-05-04 01:14:27,2018-05-14,1,ea8482cd71df3c1969d7b9473ff13abc,24.99,7.39,2018-05-07 03:09:42,SP,5756,SP,4160,2.333275462962963,1.603784722222222,-9.948298611111111,0,0,on_time,5.0,SP->SP
bdd02ebba4a073b670384d9ddb2a8b50,10fb4580eb08d23fa9180989f24f751d,delivered,2017-03-21 22:58:46,2017-03-21 22:58:46,2017-03-23 08:42:41,2017-04-06 13:04:07,2017-04-13,1,cc419e0650a3c5ba77189a1882b7556a,34.99,14.52,2017-03-29 22:58:46,MG,30190,SP,9015,1.4054976851851853,14.181550925925926,-6.455474537037037,0,0,on_time,5.0,SP->MG
0bd15125e46474dc9318288ae0ea528e,98d0e7b8cee070b62b91321aeded0f89,delivered,2018-01-30 18:06:42,2018-01-30 18:41:02,2018-02-03 15:03:15,2018-03-01 22:07:42,2018-02-26,1,1f50f920176fa81dab994f9023523100,49.9,17.6,2018-02-05 18:31:26,SC,88062,SP,15025,3.872604166666666,26.294756944444444,3.922013888888889,1,0,carrier,1.0,SP->SC
d2cb9a0941fffbf27dbeb82cb90bb0c2,a2471a2448788a74d02c97d1fcadf311,delivered,2018-04-19 16:04:10,2018-04-19 16:28:57,2018-04-20 18:07:45,2018-04-23 23:05:46,2018-05-08,1,2c9e548be18521d1c43cde1c582c6de8,69.8,17.76,2018-04-25 16:28:57,SP,5010,SP,8752,1.0858217592592592,3.206956018518518,-14.037662037037038,0,0,on_time,5.0,SP->SP
da03317cf4ac20f61db6a8c363cd4ea7,b85146a2e8b192329a2091efda55d171,delivered,2017-08-19 14:10:54,2017-08-20 07:04:49,2017-08-21 21:17:23,2017-08-25 13:52:43,2017-09-01,1,7a67c85e85bb2ce8582c35f2203ad736,109.99,11.97,2017-08-24 07:04:49,SP,2855,SP,3426,2.2961689814814816,3.691203703703704,-6.421724537037037,0,0,on_time,5.0,SP->SP
ea9070e0203001391550a543c3c33d3b,9c39df44c586da760fc328d8cf2f2555,delivered,2018-01-17 16:24:47,2018-01-17 16:35:21,2018-01-18 22:32:42,2018-01-22 23:28:26,2018-02-01,1,955fee9216a65b617aa5c0531780ce60,45.0,9.34,2018-01-23 16:35:21,SP,2189,SP,4782,1.2554976851851851,4.038703703703704,-9.021921296296297,0,0,on_time,5.0,SP->SP
b573a7a3724543c6604ac157a2194699,b4e82458897304b3a13fa1fdf022477e,delivered,2018-06-27 09:01:34,2018-06-28 02:15:45,2018-06-28 13:36:00,2018-06-29 17:18:53,2018-07-16,1,07bf9669d84d1f11be443a9dd938f698,108.0,34.82,2018-07-04 02:15:45,SP,12311,SP,4761,1.1905787037037037,1.1547800925925926,-16.27855324074074,0,0,on_time,5.0,SP->SP
a5fbd128ce1d7a0a314bb56704e0b4cf,8de51b724d34d1286822bf919129a639,delivered,2018-03-31 08:45:27,2018-04-01 08:46:52,2018-04-03 12:57:22,2018-04-05 00:32:53,2018-04-23,1,0dd184061fb0eaa7ca37932c68ab91c5,120.0,26.13,2018-04-05 08:46:52,BA,40155,SP,7031,3.17494212962963,1.4829976851851852,-17.97716435185185,0,0,on_time,5.0,SP->BA
0166ae6ff6d450bbac3eb4ed2885c0f8,a3347136bb1bbf91baf78c0972e1f3ea,delivered,2018-06-21 13:30:54,2018-06-21 14:00:04,2018-06-22 11:34:00,2018-06-23 13:46:34,2018-07-11,1,b499c00f28f4b7069ff6550af8c1348a,79.99,9.76,2018-06-27 14:00:04,SP,2112,SP,13481,0.9188194444444444,1.0920601851851852,-17.42599537037037,0,0,on_time,5.0,SP->SP
c8426a2c3cc5c11e8aa0789c3238d4d9,6b05139c22666edaab8363c643187ed1,delivered,2017-10-16 23:26:54,2017-10-16 23:49:08,2017-10-17 22:35:05,2017-10-24 17:33:30,2017-11-01,1,70a12e78e608ac31179aea7f8422044b,39.0,11.85,2017-10-22 23:49:08,SP,4960,SP,12327,0.9640162037037036,6.79056712962963,-7.268402777777778,0,0,on_time,5.0,SP->SP
67b1dc65d26c33458a65a0dc85c2d682,30e74714b11f5396bc7c316578129f4f,delivered,2017-05-02 01:58:38,2017-05-02 02:05:12,2017-05-02 14:18:24,2017-05-18 11:00:11,2017-05-23,1,48162d548f5b1b11b9d29d1e01f75a61,620.1,16.92,2017-05-08 02:05:12,SP,13024,SP,13403,0.5137268518518519,15.862349537037035,-4.541539351851852,0,0,on_time,2.0,SP->SP
5045f8988a109fd596bf3b238219b0de,23694a0b935bf1c804cb78c9bb7018cf,delivered,2017-12-15 18:06:32,2017-12-15 18:17:19,2017-12-19 00:24:53,2017-12-27 20:13:29,2018-01-23,1,0ea22c1cfbdc755f86b9b54b39c16043,19.9,15.1,2017-12-21 18:17:19,SP,14811,MG,35700,3.262743055555556,8.825416666666667,-26.15730324074074,0,0,on_time,5.0,MG->SP
93e54e64ecc1adc1d0ac9775dcb64ecc,0b1fc574ab47a7abfdeb3a4109301b03,delivered,2017-09-21 14:22:40,2017-09-21 14:35:27,2017-09-22 18:22:25,2017-09-23 12:58:11,2017-10-06,1,6560211a19b47992c3666cc44a7e94c0,68.0,15.56,2017-09-27 14:35:27,SP,4144,SP,5849,1.1664930555555555,0.7748379629629629,-12.459594907407409,0,0,on_time,5.0,SP->SP
85a00341850d3ac099340d190e2ec046,35ff5c9e1014c64117a3b3f4a92fbbb6,delivered,2018-03-14 22:00:19,2018-03-14 22:10:52,2018-03-15 17:36:32,2018-04-18 16:52:32,2018-04-17,1,1835b56ce799e6a4dc4eddc053f04066,167.9,23.76,2018-03-20 22:10:52,RJ,20540,SP,14940,0.8168171296296296,33.96944444444444,1.703148148148148,1,0,carrier,1.0,SP->RJ
1ce94e846b53c3ed9a075323a8dbe580,4061f8d0fc60b4961515e1ac8897ca1c,delivered,2018-04-14 13:41:38,2018-04-14 13:55:11,2018-04-19 14:51:53,2018-04-28 15:41:54,2018-04-26,1,53e4c6e0f4312d4d2107a8c9cddf45cd,48.0,16.58,2018-04-19 13:55:11,SP,8275,SP,13920,5.048784722222222,9.034733796296296,2.654097222222222,1,1,seller,4.0,SP->SP
ea2b2e907341618980eb6f87436f1c4a,daf3eaa2eddf5bdf79f12d1702343fc5,delivered,2018-03-27 20:37:35,2018-03-27 20:47:14,2018-03-28 21:51:39,2018-03-29 22:46:50,2018-04-09,1,e9779976487b77c6d4ac45f75ec7afe9,49.49,7.87,2018-04-02 20:47:14,SP,3881,SP,11701,1.051435185185185,1.0383217592592593,-10.050810185185185,0,0,on_time,5.0,SP->SP
d382b95db47e1184844771720a5f947a,6cb06ad3fbccf074466f347ff0bf125d,delivered,2017-11-24 08:32:20,2017-11-28 03:40:09,2017-11-29 16:59:10,2017-12-13 16:05:16,2017-12-18,1,391fc6631aebcf3004804e51b40bcf1e,49.7,17.6,2017-12-04 03:34:13,MG,36400,SP,14940,5.351967592592593,13.962569444444444,-4.329675925925926,0,0,on_time,5.0,SP->MG
0084209c576daad6ff4534902fcb4892,7bfe2d37d3643c4bd9fe6fd5c4228d0e,delivered,2017-07-05 13:14:26,2017-07-05 17:41:17,2017-07-06 15:29:25,2017-07-18 12:34:02,2017-07-27,1,4a3ca9315b744ce9f8e9374361493884,69.9,15.24,2017-07-11 17:38:02,RJ,23035,SP,14940,1.093738425925926,11.87820601851852,-8.476365740740741,0,0,on_time,3.0,SP->RJ
752855fec9c8baf507e885780d74c273,df1fcc8ddc1c7237f4b54b44d21ffa6a,delivered,2017-06-25 12:07:00,2017-06-25 12:23:41,2017-06-26 12:02:58,2017-07-03 18:02:43,2017-07-18,1,a3a38f4affed601eb87a97788c949667,64.9,17.7,2017-06-29 12:23:41,SP,13181,SC,89204,0.997199074074074,7.249826388888889,-14.248113425925926,0,0,on_time,5.0,SC->SP
9c1a5eb0f1bff32a9846477115335d36,263ea25eaa79f6e11608a9e7d210bd67,delivered,2018-05-07 11:05:20,2018-05-07 17:29:50,2018-05-09 15:48:00,2018-05-21 17:07:01,2018-06-06,1,7d13fca15225358621be4086e1eb0964,99.9,0.0,2018-05-11 17:29:50,RN,59022,SP,14050,2.196296296296296,12.054872685185185,-15.286793981481482,0,0,on_time,4.0,SP->RN
fa4ee681ec32520f00735c89736b5d41,0c0876b2cca2dd85f4f6401182ab7691,delivered,2018-06-24 10:28:15,2018-06-24 11:18:20,2018-06-28 06:03:00,2018-08-01 15:39:02,2018-07-19,1,3d3ccf2b2f8134b10dce9dd446f0e075,93.5,57.42,2018-06-28 11:18:20,MA,65075,SP,14940,3.815798611111111,34.40002314814815,13.652106481481482,1,0,carrier,1.0,SP->MA
0664199560952a51d76e1ccdadbd2cb7,1e248ce64cdbfc9d30332ff380eef1ab,delivered,2017-03-20 17:52:09,2017-03-20 17:52:09,2017-03-23 15:59:55,2017-03-28 11:43:22,2017-04-07,1,4a3ca9315b744ce9f8e9374361493884,89.9,11.24,2017-03-27 17:52:09,SP,5756,SP,14940,2.922060185185185,4.821840277777778,-9.511550925925926,0,0,on_time,2.0,SP->SP
57d0f29d2d770802ab8e393778fc9052,9eacb91940312f2ff79fef11b622694b,delivered,2018-07-16 15:30:37,2018-07-16 15:50:21,2018-07-18 15:41:00,2018-07-27 12:44:37,2018-08-15,1,1f50f920176fa81dab994f9023523100,49.9,64.8,2018-07-18 15:50:21,PA,68440,SP,15025,2.007210648148148,8.877511574074074,-18.469016203703703,0,0,on_time,5.0,SP->PA
c933809ecd707fa9bee6a810c2999471,9b5934f5392dd4c1ea12c79782b962c3,delivered,2017-02-07 19:52:19,2017-02-07 20:10:12,2017-02-08 14:02:56,2017-02-13 07:53:38,2017-03-08,1,80e6699fe29150b372a0c8a1ebf7dcc8,102.5,76.51,2017-02-11 19:52:19,SP,5061,PR,83323,0.7573726851851852,4.743541666666666,-22.671087962962964,0,0,on_time,4.0,PR->SP
fa25c1041e1b896695240436adc0271e,b9dd7a8c7c61781ec848fafdcf7e3412,delivered,2018-03-30 19:27:37,2018-03-30 20:10:13,2018-04-03 14:48:39,2018-04-10 15:58:55,2018-04-26,1,972d0f9cf61b499a4812cf0bfa3ad3c4,72.75,31.16,2018-04-05 20:10:13,MG,36900,SC,88359,3.806273148148148,7.048796296296296,-15.334085648148148,0,0,on_time,1.0,SC->MG
b91aa06d6789368cd6ca8bdc293269db,5ffc4063da23635267f98ec4c2d6a9a6,delivered,2018-02-25 11:47:47,2018-02-27 04:30:58,2018-02-27 19:36:00,2018-03-13 16:12:39,2018-03-26,1,2528513dd95219a6013d4d05176e391a,59.0,17.66,2018-03-05 03:32:38,RS,99025,SP,6060,2.325150462962963,13.858784722222222,-12.324548611111112,0,0,on_time,5.0,SP->RS
bffbaadd10618f8f654b42bf0a7dd15f,dbf8d753cd1444423d78566e4148b363,delivered,2017-11-29 22:25:31,2017-12-01 22:18:27,2017-12-05 17:33:58,2017-12-13 22:07:37,2017-12-26,1,e96498ed8daaa3e9c23f7a62da76591c,169.99,15.95,2017-12-06 22:18:27,MG,33113,SP,5373,5.797534722222222,8.190034722222222,-12.078043981481482,0,0,on_time,5.0,SP->MG
6d7bfd3551f91299c7e4b7f0922e9e75,cf82926706d6fb674a9ec6b60677b2f6,delivered,2017-09-02 11:02:38,2017-09-04 12:24:03,2017-09-04 20:37:59,2017-09-08 15:36:41,2017-09-21,1,834f3294fba9f932f56edc879193f925,610.0,37.54,2017-09-11 12:24:03,SP,9321,SP,14808,2.3995486111111117,3.790763888888889,-12.349525462962964,0,0,on_time,5.0,SP->SP
5f7e868dd546fc8e9e0bd8515efababc,7d9ae6a70b73e87d1be939278b1fa0e1,delivered,2017-05-28 15:57:14,2017-05-28 16:05:09,2017-05-30 09:44:07,2017-06-06 13:35:41,2017-06-21,1,4d6d651bd7684af3fffabd5f08d12e5a,69.9,15.24,2017-06-01 16:05:09,RJ,23545,SP,17209,1.7408912037037036,7.160810185185185,-14.43355324074074,0,0,on_time,5.0,SP->RJ
85e019a2383461c352ffffefc7ba4829,1eee145a6e298c2b4b0529960fa86368,delivered,2017-12-02 16:29:45,2017-12-02 16:58:57,2017-12-06 00:59:14,2017-12-07 14:22:00,2017-12-20,1,ea8482cd71df3c1969d7b9473ff13abc,24.99,7.78,2017-12-07 16:58:57,SP,6814,SP,4160,3.35380787037037,1.5574768518518518,-12.401388888888889,0,0,on_time,4.0,SP->SP
8f5817567870050244ea3c3365cb3e4b,acac9d60332d1faf167269f17506722c,delivered,2018-03-11 18:34:23,2018-03-11 18:50:29,2018-03-12 19:21:54,2018-03-22 14:18:35,2018-03-28,1,4a3ca9315b744ce9f8e9374361493884,173.8,32.21,2018-03-15 18:50:29,SP,2722,SP,14940,1.0329976851851852,9.789363425925924,-5.403761574074074,0,0,on_time,5.0,SP->SP
927a7c08b956e780d1a418ec9b5b1551,c3adf50520dd57bd31716b9334328671,delivered,2018-08-05 22:50:05,2018-08-06 08:50:56,2018-08-09 13:58:00,2018-08-17 19:32:25,2018-08-30,1,04308b1ee57b6625f47df1d56f00eedf,527.9,21.8,2018-08-20 08:50:26,SP,6816,SC,88215,3.630497685185185,8.232233796296295,-12.18582175925926,0,0,on_time,5.0,SC->SP
dd25b9c9ad6b58c1431edea24eeca196,3b6ad7611d288f2e059ebe868d7a5948,delivered,2018-06-23 10:31:16,2018-06-26 04:59:00,2018-06-26 15:50:00,2018-06-29 16:44:57,2018-07-23,1,8a2d12a90e92f012ce5226fc6592b653,59.9,23.22,2018-06-28 04:59:00,SP,14020,PR,81210,3.2213425925925927,3.0381597222222223,-23.30211805555556,0,0,on_time,4.0,PR->SP
da74eb479a8368d212376158daf9416b,4bd00237c4d53b54a2f6b67b74499cdd,delivered,2018-06-13 10:01:18,2018-06-13 10:32:44,2018-06-14 14:48:00,2018-06-15 12:58:26,2018-06-28,1,d91fb3b7d041e83b64a00a3edfb37e4f,175.0,8.97,2018-06-19 10:20:27,SP,4066,SP,11704,1.1990972222222225,0.9239120370370372,-12.459421296296297,0,0,on_time,5.0,SP->SP
b939c777ffdf0dba4013db55bc148457,a7bca92dd19ae1068ad6d0bd6fa44b8c,delivered,2018-03-10 20:36:59,2018-03-10 20:47:39,2018-03-19 18:41:18,2018-04-15 15:08:37,2018-04-27,1,7c67e1448b00f6e969d365cea6b010ab,116.99,15.7,2018-03-23 20:47:39,RJ,22040,SP,8577,8.919664351851852,26.852303240740746,-11.369016203703705,0,0,on_time,5.0,SP->RJ
42fa07019d8252444a920c348dc8b011,2939a5df4e8439863d6ef160fdd53295,delivered,2017-07-17 14:27:43,2017-07-18 07:10:11,2017-07-20 12:46:37,2017-07-21 18:21:26,2017-07-28,1,e5a38146df062edaf55c38afa99e42dc,88.99,9.44,2017-07-24 07:10:11,SP,8530,SP,1233,2.9297916666666666,1.232511574074074,-6.235115740740741,0,0,on_time,5.0,SP->SP
05a8c94a9361d5496501f6577cf82841,c62d3321fbc841fce665169b9f3218a7,delivered,2018-03-17 19:39:17,2018-03-17 19:50:31,2018-03-22 18:46:42,2018-05-04 22:12:27,2018-04-20,1,70a12e78e608ac31179aea7f8422044b,149.0,17.59,2018-03-23 19:50:31,RJ,22793,SP,12327,4.9634837962962965,43.14288194444445,14.9253125,1,0,carrier,2.0,SP->RJ
5db7d9a0fc370ee9ccbf9dfb04eb2f66,670e85cec98e061725d4480f94fe9271,delivered,2018-06-08 10:01:30,2018-06-08 19:31:06,2018-06-11 15:57:00,2018-06-18 14:53:34,2018-07-13,1,562fc2f2c2863ab7e79a9e4388a58a14,29.99,15.23,2018-06-18 17:01:35,GO,75392,SP,13070,3.246875,6.955949074074074,-24.379467592592597,0,0,on_time,5.0,SP->GO
dc5288fd98f63b9a6162fecb9e96937d,61cfea5e527a1303643af2ee780731a8,delivered,2017-10-29 13:36:09,2017-10-29 14:05:58,2017-10-31 18:25:48,2017-11-06 16:36:32,2017-11-29,1,cc419e0650a3c5ba77189a1882b7556a,95.96,60.4,2017-11-08 14:05:58,MS,79140,SP,9015,2.2011458333333334,5.92412037037037,-22.307962962962964,0,0,on_time,5.0,SP->MS
944f138622bd3f426cb3c1588035ce87,c925aa23b9b1aefbe9df7f7deaae7715,delivered,2018-05-24 19:50:48,2018-05-24 20:14:54,2018-05-25 14:00:00,2018-06-02 15:12:41,2018-06-18,1,0241d4d5d36f10f80c644447315af0bd,99.9,11.38,2018-05-28 20:14:54,PR,85869,PR,80330,0.7563888888888889,8.050474537037037,-15.36619212962963,0,0,on_time,5.0,PR->PR
ffc49b9c9d666410e9ecdb0a3efadb9c,e175dcb4b025365a33467693abf7b4ca,delivered,2018-05-28 19:29:49,2018-05-28 19:56:23,2018-05-29 14:04:00,2018-06-12 18:57:37,2018-07-11,1,2a5b78b41cd05baeac8df54c6606b92c,765.0,27.06,2018-06-05 19:56:23,PR,80240,MG,35570,0.7737384259259259,14.203900462962965,-28.209988425925925,0,0,on_time,5.0,MG->PR
cc55f78088e0f0e7247ff0337a9a2ae4,47386b5cb29e8271feec92541c623e1b,delivered,2018-05-15 12:17:05,2018-05-16 03:35:20,2018-06-01 14:03:00,2018-06-12 12:28:37,2018-06-13,1,7c67e1448b00f6e969d365cea6b010ab,169.99,17.67,2018-06-01 03:35:20,SP,11680,SP,8577,17.07355324074074,10.93445601851852,-0.4801273148148148,0,1,on_time,5.0,SP->SP
8df1ba8711787d5cfe3b90f535d04dc4,547a0b4f2de7e4276e3cf1c92f15dcd6,delivered,2017-10-30 21:18:49,2017-10-31 16:55:43,2017-11-03 20:07:33,2017-11-13 20:18:58,2017-11-24,1,53243585a1d6dc2643021fd1853d8905,1437.0,42.51,2017-11-07 16:55:43,MA,65700,BA,42738,3.950509259259259,10.00792824074074,-10.15349537037037,0,0,on_time,5.0,BA->MA
1722fe3b31052dd87d3639c52ba346d0,e1b929521a26db66887f7ec60e7ba2ab,delivered,2018-02-20 17:17:39,2018-02-22 02:10:42,2018-02-24 13:23:57,2018-03-13 16:43:29,2018-03-16,1,da8622b14eb17ae2831f4ac5b9dab84a,99.9,17.95,2018-02-28 02:10:42,SC,89802,SP,13405,3.8377083333333335,17.138564814814814,-2.303136574074074,0,0,on_time,5.0,SP->SC
69cb53f8c670d38d607fe3083b4fbbcd,eb3fca4e06e504332655bbfc8b689609,delivered,2018-08-10 19:49:38,2018-08-11 02:35:49,2018-08-20 13:31:00,2018-08-21 18:41:50,2018-08-24,1,612170e34b97004b3ba37eae81836b4c,170.0,10.32,2018-08-21 02:35:20,RS,92500,RS,93542,9.737060185185186,1.2158564814814814,-2.220949074074074,0,0,on_time,5.0,RS->RS
214e7b7443be4c9b396b5e12d6d9d416,42e0649143d64f64e6d2ce5ce06e8aca,delivered,2017-08-01 09:23:05,2017-08-02 02:50:31,2017-08-02 15:54:49,2017-08-15 19:43:51,2017-08-23,1,5dceca129747e92ff8ef7a997dc4f8ca,109.9,59.32,2017-08-08 02:50:31,RJ,23065,SP,13450,1.272037037037037,13.159050925925929,-7.177881944444445,0,0,on_time,5.0,SP->RJ
634da260923e5e4f5fa538c657e77b6e,555a95c85c9d26f277b82d07879cc620,delivered,2017-12-30 14:11:03,2018-01-03 04:29:43,2018-01-04 19:53:30,2018-01-11 18:11:37,2018-01-24,1,37515688008a7a40ac93e3b2e4ab203f,24.5,11.85,2018-01-09 04:29:43,SP,7794,SP,17900,5.2378125,6.929247685185185,-12.24193287037037,0,0,on_time,3.0,SP->SP
e7541673fccb361d1221c62bb45ad1cb,8ec6a6d3c942b63b8922870ec474e0e7,delivered,2017-09-13 19:54:34,2017-09-13 20:10:21,2017-09-14 15:40:01,2017-10-09 20:43:10,2017-10-09,1,6560211a19b47992c3666cc44a7e94c0,59.0,16.85,2017-09-19 20:10:21,BA,48925,SP,5849,0.8232291666666667,25.210520833333334,0.8633101851851852,1,0,carrier,5.0,SP->BA
e1abbcb492d0aaa646e6019be0c1934e,5b0002be89ca4f534337a7e7a876138c,delivered,2018-02-04 14:53:52,2018-02-06 04:32:10,2018-02-08 21:36:01,2018-02-14 19:42:07,2018-02-21,1,8f2ce03f928b567e3d56181ae20ae952,99.9,13.25,2018-02-12 03:55:20,SP,6816,SP,5141,4.279270833333333,5.920902777777778,-6.179085648148148,0,0,on_time,5.0,SP->SP
df667ba05e6ea21155bd2b24ea3a9da9,8ca10fbdcebc21d0dc222f737f7feb18,delivered,2017-06-05 21:27:01,2017-06-05 21:35:21,2017-06-12 14:19:42,2017-06-13 18:08:00,2017-06-26,1,53e4c6e0f4312d4d2107a8c9cddf45cd,35.99,9.34,2017-06-11 21:35:21,SP,13044,SP,13920,6.703252314814815,1.1585416666666666,-12.244444444444444,0,1,on_time,4.0,SP->SP
9b7e94b15ccd427e75e425bd24133b2b,411e19e06beaa243091cb4ffda774bb4,delivered,2018-08-09 17:53:19,2018-08-09 18:05:19,2018-08-10 12:40:00,2018-08-16 20:04:40,2018-08-16,1,87142160b41353c4e5fca2360caf6f92,135.0,16.05,2018-08-13 18:05:19,SP,4302,RS,90230,0.7824189814814815,6.308796296296296,0.836574074074074,1,0,carrier,1.0,RS->SP
4df87ac1ab76b77699ad16fc5635dbeb,e4ec9be4be7f266c3faf392040727a9b,delivered,2017-05-08 10:39:19,2017-05-08 10:55:13,2017-05-08 15:28:18,2017-05-18 12:24:36,2017-06-02,1,e48b04bf1aa1ef711caebeb7aede6180,127.9,25.94,2017-05-12 10:55:13,RJ,24320,PR,80240,0.2006828703703703,9.872430555555557,-14.482916666666666,0,0,on_time,5.0,PR->RJ
3bd276decc90bce797094f7b6524e462,5d6358a6b644be8db26189ce2c3f2031,delivered,2017-11-20 11:45:12,2017-11-20 12:07:39,2017-11-21 18:48:41,2017-11-23 18:28:51,2017-12-08,1,6edacfd9f9074789dad6d62ba7950b9c,40.9,14.1,2017-11-24 12:07:39,PR,81070,SP,7135,1.2940856481481482,1.986226851851852,-14.229965277777778,0,0,on_time,5.0,SP->PR
b66cbfeca2b3978020caceb7a64093c0,58ad68479691db6a7a4cdb3c83184080,delivered,2018-01-20 09:22:45,2018-01-23 03:39:28,2018-01-23 21:12:33,2018-02-06 14:23:22,2018-02-23,1,de722cd6dad950a92b7d4f82673f8833,149.9,27.59,2018-01-29 03:39:28,MG,36820,PE,51250,3.4929166666666664,13.715844907407408,-16.400439814814813,0,0,on_time,3.0,PE->MG
b7248875eca77a299fa182dc16258c77,c072a080a76a20bf2710e9e90e239149,delivered,2018-02-02 13:22:52,2018-02-02 14:33:31,2018-02-05 18:13:16,2018-02-09 18:39:01,2018-03-01,1,218d46b86c1881d022bce9c68a7d4b15,133.0,13.27,2018-02-09 14:31:29,SP,4542,SP,14070,3.2016666666666667,4.0178819444444445,-19.222905092592597,0,0,on_time,5.0,SP->SP
3841b9f0b88c1f4776e948e96261a099,7d27a8bce87ed5709757912115ec8afd,delivered,2017-08-08 20:23:52,2017-08-08 20:43:27,2017-08-09 19:51:21,2017-08-14 14:22:48,2017-08-29,1,bfd27a966d91cfaafdb25d076585f0da,289.0,18.73,2017-08-15 20:43:27,SP,4925,SP,13930,0.9774189814814814,4.771840277777778,-14.400833333333331,0,0,on_time,4.0,SP->SP
ad9416072d65f536085a082274c80156,29f36192ba88e82563010d150f11cd90,delivered,2018-04-12 21:41:24,2018-04-12 21:55:13,2018-04-13 21:47:28,2018-05-02 18:51:39,2018-05-14,1,34056b8b55c1775a22af2331670a799c,64.8,19.42,2018-04-18 21:55:13,RS,96040,SP,16304,1.004212962962963,18.87790509259259,-11.214131944444444,0,0,on_time,5.0,SP->RS
eeae538503aa251c060d45ea2ef3fefa,15f0adc33fb9e61d4ff29df6a0768870,delivered,2018-06-23 22:04:10,2018-06-23 22:18:46,2018-06-25 13:34:00,2018-06-29 14:22:00,2018-07-19,1,602044f2c16190c2c6e45eb35c2e21cb,53.0,19.56,2018-06-25 22:18:46,SC,88020,SP,14940,1.6457175925925926,4.033333333333333,-19.40138888888889,0,0,on_time,5.0,SP->SC
7596db1ba623b5cb1727772fc9bf8440,24b9b2ff23507a5805f354781ff2a847,delivered,2017-11-16 18:16:55,2017-11-16 18:35:39,2017-11-17 20:42:46,2017-11-22 14:36:25,2017-12-06,1,d5c530f4884a75ae0dba9c148718d278,22.0,17.6,2017-11-22 18:31:18,SP,6126,MG,35660,1.1012847222222222,4.745590277777778,-13.391377314814816,0,0,on_time,5.0,MG->SP
07ba523a0c48b0ae0920551684e13ab9,b9657b7cc5027452b17e328656a8d069,delivered,2017-08-08 20:29:44,2017-08-09 20:23:32,2017-08-10 20:17:56,2017-08-18 22:49:40,2017-09-05,1,3f995f07c49d0d55a99d5c54957f7d81,109.0,21.16,2017-08-15 20:23:32,TO,77015,SP,6853,1.991805555555556,8.10537037037037,-17.048842592592592,0,0,on_time,4.0,SP->TO
3018cabe571cb8d2600f671021243e3e,86b3146187671c293c9d02862a8adf2d,delivered,2018-06-19 20:16:26,2018-06-20 02:55:23,2018-06-20 13:43:00,2018-06-23 19:16:34,2018-07-16,1,640e21a7d01df7614a3b4923e990d40c,56.1,13.97,2018-06-26 02:55:23,SP,9811,SP,14940,0.7267824074074074,3.2316435185185184,-22.196828703703705,0,0,on_time,5.0,SP->SP
205d5db88d0a8b3736d1afa2f6a329c5,397cee5da1a7fdfbbf0c6164d591246c,delivered,2017-05-29 13:57:10,2017-05-30 05:05:12,2017-05-31 13:41:57,2017-06-07 14:15:08,2017-06-21,1,e5a3438891c0bfdb9394643f95273d8e,73.9,15.27,2017-06-05 05:05:12,PR,83490,SP,13483,1.9894328703703703,7.023043981481481,-13.406157407407408,0,0,on_time,5.0,SP->PR
afff419a18c7e010d1e4fd0df0c45940,945913f3d6636b336fae3e340957799f,delivered,2018-06-17 20:24:10,2018-06-17 20:35:14,2018-06-18 06:52:00,2018-06-22 21:08:39,2018-07-19,1,b1a81260566c1bac3114a6d124413f27,129.9,20.1,2018-06-19 20:35:14,SP,15130,RS,99500,0.4359953703703704,4.594895833333333,-26.11899305555556,0,0,on_time,4.0,RS->SP
5a40a4c413dcda147caa00259a1732de,8ee43091a5bd2d84955d674d52db3187,delivered,2018-04-01 15:07:00,2018-04-01 15:27:39,2018-04-02 23:27:35,2018-04-04 19:12:44,2018-04-12,1,3c7c4a49ec3c6550809089c6a2ca9370,13.99,7.39,2018-04-05 15:27:39,SP,4842,SP,3804,1.3476273148148148,1.823020833333333,-7.199490740740741,0,0,on_time,5.0,SP->SP
f3c3a2ca4f66b5a0c400b09a1e795d57,9f2890f4503f464eded4a6886d54bd0e,delivered,2017-11-28 17:23:47,2017-11-28 17:36:38,2017-11-29 17:04:52,2017-12-02 01:48:32,2017-12-12,1,850f4f8af5ea87287ac68de36e29107f,69.99,9.34,2017-12-04 17:36:38,SP,4636,SP,4367,0.986863425925926,2.3636574074074077,-9.92462962962963,0,0,on_time,4.0,SP->SP
da44f554b7c4550b0d3cd650f132d1e1,05bd9751942c8aa2386dfb7459379105,delivered,2017-08-31 13:06:43,2017-08-31 13:24:13,2017-09-01 20:05:28,2017-09-15 19:17:25,2017-11-23,1,b92e3c8f9738272ff7c59e111e108d7c,179.9,59.7,2017-09-22 13:24:13,AL,57025,MG,36502,1.2907986111111112,13.966631944444444,-68.19623842592593,0,0,on_time,5.0,MG->AL
369cb139024a5e7dcc497edd71a6f244,25d92c6c06f5fbdfc66aa5d91a5b17a4,delivered,2017-12-27 09:47:05,2017-12-27 09:57:25,2017-12-27 21:14:15,2018-01-09 18:03:47,2018-01-24,1,6560211a19b47992c3666cc44a7e94c0,49.0,14.1,2018-01-03 09:57:25,SC,88025,SP,5849,0.4771990740740741,12.86773148148148,-14.247372685185184,0,0,on_time,5.0,SP->SC
af79884abd4a25e4ed96f94bc7db48b3,b24c41e081cb6023a4248685dde92ed0,delivered,2017-03-04 18:13:30,2017-03-04 18:23:57,2017-03-06 08:59:16,2017-03-14 10:17:39,2017-04-12,1,eeb6de78f79159600292e314a77cbd18,119.0,23.12,2017-03-23 18:23:57,RJ,20560,SC,88501,1.6151157407407408,8.05443287037037,-28.57107638888889,0,0,on_time,3.0,SC->RJ
69aeb590d8f4455ab0bb6b95154c2742,d11cf65608cde4907102879070a75f70,delivered,2017-08-29 23:15:51,2017-08-29 23:25:33,2017-08-31 17:23:08,2017-09-04 18:28:09,2017-09-15,1,729f06993dac8e860d4f02d7088ca48a,69.8,26.74,2017-09-04 23:25:33,SP,5834,SP,13481,1.7550578703703703,4.045150462962963,-10.23045138888889,0,0,on_time,5.0,SP->SP
cb8bb113b2281d7f3ff7faace4549b97,9fedf885f07927ce1b8f72e8dc8d53b9,delivered,2017-07-04 19:05:07,2017-07-05 17:41:44,2017-07-07 15:37:39,2017-07-13 18:36:50,2017-07-26,1,2138ccb85b11a4ec1e37afbd1c8eda1f,18.9,15.1,2017-07-11 17:14:20,RJ,26460,SP,8250,2.8559259259259258,6.12443287037037,-12.224421296296295,0,0,on_time,5.0,SP->RJ
7117ea59ab9bdbf381b1a880eb25b07c,9026aa2a4b854ef18f281eee09434801,delivered,2018-03-14 10:15:23,2018-03-15 03:30:33,2018-03-16 17:51:17,2018-03-20 00:06:33,2018-03-26,1,ea566164622c6b439516ab18062c42cd,370.0,16.32,2018-03-21 03:30:33,SP,11390,SP,5303,2.316597222222222,3.260601851851852,-5.995451388888889,0,0,on_time,5.0,SP->SP
eede469df41846bdb04500adce0d8120,f37333ebf81ab0b826f17eacd92f6c3b,delivered,2018-03-09 00:27:13,2018-03-10 03:55:35,2018-03-26 17:56:16,2018-04-12 19:03:15,2018-04-13,1,85d9eb9ddc5d00ca9336a2219c97bb13,27.9,37.04,2018-03-23 03:55:35,RS,95032,MG,31255,17.728506944444444,17.046516203703703,-0.2060763888888888,0,1,on_time,5.0,MG->RS
b20f7bd5866f03037cbf0e8dceb92f8f,047a3fba37e3a757da4c9e67f0d110d3,delivered,2017-02-16 14:13:43,2017-02-16 14:25:09,2017-02-20 18:27:47,2017-02-24 11:33:30,2017-03-15,1,89bc797e2e29667aa035d4368f9b7f92,39.9,10.96,2017-02-20 13:13:43,SP,13806,SP,2969,4.176435185185185,3.7123032407407406,-18.518402777777776,0,1,on_time,5.0,SP->SP
a5db4dda9494589c58100f1e13ce8097,eff952e59e0d43559768661a9c4b210a,delivered,2018-05-08 17:05:33,2018-05-09 03:33:44,2018-05-10 14:28:00,2018-05-11 23:00:01,2018-05-16,1,c70c1b0d8ca86052f45a432a38b73958,110.0,8.53,2018-05-11 03:31:44,SP,13175,SP,13186,1.8905902777777777,1.3555671296296297,-4.041655092592593,0,0,on_time,5.0,SP->SP
f4ce5abb3bd4aac9e9c5f5685604cbcb,ddd8286004af97e1509997c76d83e106,delivered,2018-06-30 15:10:49,2018-06-30 15:30:12,2018-07-03 09:26:00,2018-07-10 15:44:53,2018-07-25,1,d6b1ce66b035a475f00c017792ff9769,113.3,23.59,2018-07-04 15:30:12,ES,29903,SP,13327,2.7605439814814816,7.263113425925926,-14.343831018518518,0,0,on_time,4.0,SP->ES
3157a4052d9fe8c58017857eac745f0b,3ca65f7aebcfa85e573e21b27457270b,delivered,2017-11-25 21:08:11,2017-11-25 21:56:34,2017-12-01 21:07:19,2017-12-27 16:36:50,2017-12-22,1,da8622b14eb17ae2831f4ac5b9dab84a,99.9,16.46,2017-11-30 21:56:34,SC,89930,SP,13405,5.999398148148148,25.81216435185185,5.692245370370371,1,1,seller,1.0,SP->SC
4d2e19ae56a1a07f7e506913229d76fa,368cde2b50c8d9b3f6eb285f544de77c,delivered,2018-02-12 21:18:43,2018-02-12 21:30:30,2018-02-16 02:47:25,2018-02-26 22:48:45,2018-03-12,1,2addf05f476d0637864454e93ba673d5,955.0,23.97,2018-02-16 21:30:30,BA,42738,DF,70856,3.228263888888889,10.83425925925926,-13.049479166666666,0,0,on_time,5.0,DF->BA
db2f0b731c53190c15527344d01f22f8,5e5f7e688924a066a166c00d05f12ce6,delivered,2018-02-18 16:28:43,2018-02-18 17:35:29,2018-02-20 15:47:26,2018-03-16 19:58:59,2018-03-15,1,f262cbc1c910c83959f849465454ddd3,22.99,15.79,2018-02-22 17:31:16,BA,41610,SP,3564,1.9713310185185184,24.1746875,1.832627314814815,1,0,carrier,5.0,SP->BA
a9aaaf24646d60bb635aee235c06db11,845a16cb8ee112013cd21ff53c8cad34,delivered,2018-07-30 19:42:59,2018-07-30 20:20:19,2018-08-02 12:43:00,2018-08-10 16:41:47,2018-09-11,1,186cdd1b2df32caa72cfb410bba768d3,859.9,165.15,2018-08-24 20:20:19,GO,74223,SC,89295,2.7083449074074077,8.16582175925926,-31.30431712962963,0,0,on_time,5.0,SC->GO
01c391e962558d0793e8dd8f6bad0999,54f4686e731120a05f1b88deebcfd894,delivered,2018-02-26 11:19:59,2018-02-26 11:35:26,2018-02-27 23:23:54,2018-03-14 14:02:50,2018-03-20,1,d2374cbcbb3ca4ab1086534108cc3ab7,78.9,17.8,2018-03-02 11:31:11,PR,86081,SP,14940,1.5027199074074074,14.61037037037037,-5.414699074074074,0,0,on_time,5.0,SP->PR
90349f264a3d6a2525a34598d09dda6b,d19f254a07da73a055409256e9bfe40a,delivered,2018-05-11 16:35:19,2018-05-12 03:32:26,2018-05-14 15:16:00,2018-05-15 18:38:39,2018-05-21,1,955fee9216a65b617aa5c0531780ce60,270.0,44.34,2018-05-15 03:30:32,SP,13478,SP,4782,2.9449189814814813,1.1407291666666666,-5.223159722222222,0,0,on_time,5.0,SP->SP
f5d4aae78e79c2093f0dc0e73c34ab58,d12dde7252db0c34c17f55e2079f4101,delivered,2018-01-11 14:09:47,2018-01-11 14:27:25,2018-01-16 00:38:46,2018-01-17 16:29:21,2018-01-31,1,c826c40d7b19f62a09e2d7c5e7295ee2,219.77,8.79,2018-01-17 14:27:25,SP,4709,SP,7133,4.436793981481482,1.6601273148148148,-13.312951388888887,0,0,on_time,5.0,SP->SP
17c724b30cf8da2052338addfe28fefe,a92814cda208d3b99d729359a729f77d,delivered,2018-04-23 21:39:06,2018-04-24 18:33:58,2018-04-25 12:24:00,2018-04-30 14:28:45,2018-05-23,1,4869f7a5dfa277a7dca6462dcf3b52b2,177.0,19.12,2018-04-29 22:30:37,PR,83221,SP,14840,1.6145138888888888,5.086631944444444,-22.39670138888889,0,0,on_time,4.0,SP->PR
774c28738e389bcd9622059c5a6b173d,c90315fa2bf1e08a650b5dd68f744e39,delivered,2018-06-18 08:45:17,2018-06-19 04:16:41,2018-06-19 12:50:00,2018-06-27 07:31:13,2018-07-13,1,891071be6ba827b591264c90c2ae8a63,29.99,18.31,2018-06-21 04:16:41,RJ,28430,SP,3872,1.1699421296296295,7.778622685185185,-15.686655092592591,0,0,on_time,5.0,SP->RJ
4198c92e06d92792e49f119f659e723e,968229662999151cbdbaa3ee0460b448,delivered,2018-07-23 20:37:29,2018-07-24 10:31:30,2018-07-25 13:43:00,2018-07-30 17:15:30,2018-08-09,1,52f976b17ea7f2f087f56dcc419328f6,1190.0,104.26,2018-07-30 09:32:33,PR,83880,PR,86820,1.712164351851852,5.147569444444445,-9.280902777777778,0,0,on_time,5.0,PR->PR
21b6d1e7385572036e50357aacbddf0d,4b9e74c671c9e22420ad0508905c6c4d,delivered,2018-04-10 19:26:36,2018-04-10 19:49:51,2018-04-11 22:42:12,2018-04-12 23:41:46,2018-04-24,1,6a8a889bde935bafa76d7848782dfaf9,32.0,8.29,2018-04-16 19:49:51,SP,7150,SP,2839,1.1358333333333333,1.0413657407407408,-11.012662037037035,0,0,on_time,3.0,SP->SP
235d63795ce7643944b9b41203d37c30,24912b3f70d821646de5391c74cad1a7,delivered,2018-07-12 17:34:28,2018-07-12 17:45:19,2018-07-13 14:13:00,2018-07-20 16:03:37,2018-08-08,1,1336efc61c316ddf92c899eb817f7cae,220.0,24.34,2018-07-17 17:45:19,RS,95400,SP,19800,0.8600925925925926,7.07681712962963,-18.33082175925926,0,0,on_time,4.0,SP->RS
0544030711e50ec2cb6c15764d22891a,9eb585e566edc8b94a17ac5d6076d136,delivered,2018-04-12 17:36:07,2018-04-14 02:30:43,2018-04-17 00:16:46,2018-04-30 21:42:45,2018-05-02,1,d91fb3b7d041e83b64a00a3edfb37e4f,14.3,18.23,2018-04-19 02:30:43,RJ,24220,SP,11704,4.278229166666667,13.89304398148148,-1.0953125,0,0,on_time,2.5,SP->RJ
f7dcd88b218022d33734106bf56e3165,f15455349aef0d798e08de51e42959b6,delivered,2018-06-29 09:00:33,2018-06-30 08:55:20,2018-07-02 13:54:00,2018-07-07 08:52:46,2018-07-30,1,e1dc0754bada9ee4cfe9713f22f61292,80.0,24.91,2018-07-05 08:55:20,PE,54520,RJ,25035,3.203784722222222,4.790810185185185,-22.630023148148148,0,0,on_time,1.0,RJ->PE
e37797aedc7cd4ef82278fbc169eecaf,4c9c7c2b6de6ee2568681b5599bb7495,delivered,2018-05-08 22:12:34,2018-05-08 22:31:43,2018-05-10 13:35:00,2018-05-14 18:55:59,2018-05-23,1,640e21a7d01df7614a3b4923e990d40c,69.99,14.58,2018-05-13 22:30:39,SP,2055,SP,14940,1.6405787037037036,4.222905092592592,-8.211122685185185,0,0,on_time,5.0,SP->SP
d10a096222e79b442a554b53eab60f9f,f2bfe91c73291dd12b088dbbf7c4b1f7,delivered,2018-02-05 00:42:57,2018-02-05 00:56:08,2018-02-06 17:04:29,2018-02-14 19:52:57,2018-03-06,1,3d871de0142ce09b7081e2b9d1733cb1,89.0,13.64,2018-02-14 00:56:08,SP,2020,SP,13232,1.6816203703703705,8.116990740740741,-19.1715625,0,0,on_time,5.0,SP->SP
1d7ee49ee66da430b533a85af951430c,3d6a8c4a66a5bcea0c3c4e4fab313d4a,delivered,2017-06-01 10:06:12,2017-06-01 10:22:38,2017-06-06 16:52:33,2017-06-08 10:47:58,2017-06-14,1,9c0e69c7bf2619675bbadf47b43f655a,200.4,13.36,2017-06-07 10:22:38,SP,5741,SP,12230,5.2821875,1.7468171296296295,-5.550023148148148,0,0,on_time,5.0,SP->SP
4f348896f3a3026792f1e8794746263d,930b16e4f16b2e13a346bd2c232ef0c6,delivered,2017-11-24 13:16:06,2017-11-25 05:59:31,2017-11-27 19:59:52,2017-12-01 00:33:08,2017-12-08,1,6560211a19b47992c3666cc44a7e94c0,29.0,7.78,2017-11-30 05:59:31,SP,3175,SP,5849,3.2803935185185185,3.1897685185185187,-6.9769907407407405,0,0,on_time,4.0,SP->SP
3ad057222aa3896524e1f8676a6fed66,e5dc4f88a7ccf6b7d45b187c661a7343,delivered,2017-09-28 17:04:12,2017-09-28 17:25:04,2017-09-29 17:10:01,2017-10-17 19:52:31,2017-10-16,1,d1b65fc7debc3361ea86b5f14c68d2e2,109.9,8.35,2017-10-04 17:25:04,SP,4474,SP,13844,1.0040393518518518,18.11284722222222,1.828136574074074,1,0,carrier,4.0,SP->SP
e44da4ab86ca3c421c806a2014c07833,cdcbf23a666201575b27f7d2eeb38950,delivered,2018-01-30 10:22:45,2018-01-30 10:35:33,2018-02-01 21:46:08,2018-02-06 19:21:56,2018-03-05,1,ccc4bbb5f32a6ab2b7066a4130f114e3,349.9,19.7,2018-02-08 10:31:45,SP,14801,PR,80310,2.474571759259259,4.899861111111111,-26.193101851851853,0,0,on_time,5.0,PR->SP
b1b74907a120888550f895aca299e24b,faba85ebc5cfe2a7bb060d3287493701,delivered,2017-10-17 11:28:05,2017-10-17 12:07:04,2017-10-26 22:26:37,2017-11-01 18:00:00,2017-11-10,1,cce6ab8d1682639fe45ab70234f1665f,40.0,16.6,2017-10-27 12:07:04,RS,90010,SP,81020,9.457314814814817,5.814849537037037,-8.25,0,0,on_time,5.0,SP->RS
530d6b82444d29e791d959a7c3ce4559,f11542d6ec6877fdcb89dd32e17f71d9,delivered,2018-01-29 15:03:43,2018-01-29 15:18:48,2018-02-02 01:58:59,2018-02-15 17:54:09,2018-02-26,1,128639473a139ac0f3e5f5ade55873a5,19.9,12.48,2018-02-02 15:18:48,SP,14800,PR,87050,3.455046296296296,13.663310185185184,-10.2540625,0,0,on_time,1.0,PR->SP
04da4dc0ed95cc93f9f25375fa08ad47,e9fa18734cb99d218c0bee8e5b02ab5c,delivered,2018-08-23 14:13:46,2018-08-23 14:25:56,2018-08-24 12:26:00,2018-08-29 18:03:30,2018-09-05,1,4869f7a5dfa277a7dca6462dcf3b52b2,246.9,14.39,2018-08-28 14:25:56,SP,4459,SP,14840,0.925162037037037,5.234375,-6.247569444444444,0,0,on_time,5.0,SP->SP
57c77ac6b334c14aef111922d59f7177,05c204bec3c3b5819ddb8eb7441048a8,delivered,2017-03-25 10:17:37,2017-03-25 10:17:37,2017-03-28 14:43:43,2017-03-30 13:12:52,2017-04-13,1,96493fab2fbb13a14d0c0e8772eef5c3,589.0,13.11,2017-03-30 10:17:37,SP,1027,SP,5537,3.1847916666666665,1.9369097222222225,-13.449398148148148,0,0,on_time,5.0,SP->SP
ea694a00fc5ee055808a425d0b1b8699,d8e02d2a14c14ae4be20a05f2215ab34,delivered,2018-02-03 12:46:10,2018-02-03 13:11:51,2018-02-05 22:37:30,2018-02-22 18:49:56,2018-03-01,1,8b321bb669392f5163d04c59e235e066,13.65,11.85,2018-02-08 13:11:51,SP,14620,SP,1212,2.410648148148148,16.841967592592592,-6.215324074074074,0,0,on_time,4.0,SP->SP
fe49401155e0ef1f8ff4e1fa13ebb38b,06248334dd53daa8b7aed74c27c6186d,delivered,2018-05-14 15:38:31,2018-05-14 15:56:46,2018-05-15 14:24:00,2018-05-21 18:14:44,2018-06-07,1,8ed8ea9a57c862f2c18c2fe41f601d56,199.0,32.79,2018-05-16 15:56:46,RJ,26700,SC,89030,0.9482523148148148,6.160231481481482,-16.239768518518517,0,0,on_time,4.0,SC->RJ
2066d72ba98377b5d57dcb234c70c2a1,abd627a874f1563f677eca50b8644154,delivered,2017-10-22 14:11:40,2017-10-22 14:21:20,2017-10-25 19:52:55,2017-11-01 20:56:53,2017-11-13,1,b2ac621f0d0322434d04a12b078b9369,205.0,18.0,2017-10-26 14:21:20,RJ,21211,PR,80220,3.2369791666666665,7.044421296296297,-11.127164351851851,0,0,on_time,5.0,PR->RJ
35b0513eaf7a477cdb93469b7b4a3d6c,8392aac1ac8a8a59e95b757b50387c0b,delivered,2018-04-18 14:26:43,2018-04-19 07:09:18,2018-04-20 20:26:44,2018-04-30 17:29:41,2018-05-11,1,7040e82f899a04d1b434b795a43b4617,339.8,55.48,2018-04-25 07:09:18,PI,64056,SP,1026,2.2500115740740743,9.87704861111111,-10.27105324074074,0,0,on_time,1.0,SP->PI
3bcb751cca185b66b142f0c748f42049,0addff26cd8066265f7c1535411f2b57,delivered,2018-03-28 13:18:35,2018-03-28 13:30:25,2018-03-28 23:36:40,2018-04-09 17:32:35,2018-04-24,1,33a17d60c64393351ebf1ef860f4e0f2,129.97,38.75,2018-04-03 13:30:25,SP,17012,RS,91510,0.429224537037037,11.747164351851852,-14.269039351851852,0,0,on_time,3.0,RS->SP
ed9e33c926c94cc5cc50a68696119dea,a2d19f05cef411aa2938ca9d2a92d156,delivered,2018-01-10 11:32:09,2018-01-12 02:34:29,2018-01-15 17:13:00,2018-01-19 17:49:25,2018-02-02,1,ef990a83bbea832f36ebe81376335aa8,99.9,15.46,2018-01-18 02:34:29,PR,80060,SC,89214,5.236701388888889,4.025289351851852,-13.257349537037037,0,0,on_time,4.0,SC->PR
1373f8a3742861c26892cc2aab7c41e1,630b189fb0c73900cf3360c4a795680e,delivered,2018-05-23 14:33:25,2018-05-23 14:54:47,2018-05-24 12:15:00,2018-06-04 15:14:41,2018-06-19,1,f8db351d8c4c4c22c6835c19a46f01b0,49.9,15.36,2018-05-25 14:54:47,RJ,24360,SP,13324,0.9038773148148148,11.124780092592593,-14.36480324074074,0,0,on_time,5.0,SP->RJ
43070b94b6d741a764e8e1ba4a2ea91d,373facce3e17d33fec7df11c961c6ff1,delivered,2018-05-22 20:33:27,2018-05-22 20:56:49,2018-05-25 14:24:00,2018-06-04 20:52:31,2018-06-11,1,52ac6f920b7280e4c6d30dd94de6259b,1189.9,121.05,2018-05-28 20:56:49,SP,5353,PR,83321,2.7434375,10.26980324074074,-6.13019675925926,0,0,on_time,3.0,PR->SP
e6fdd5628869deef14230ee582a7a4c0,cc30c4d31f388b357fe459a4f8c58139,delivered,2017-04-16 13:51:42,2017-04-16 14:01:40,2017-04-17 15:44:01,2017-05-02 15:34:55,2017-05-22,1,fa1c13f2614d7b5c4749cbc52fecda94,279.9,26.45,2017-04-20 14:01:40,PI,64055,SP,13170,1.0779976851851851,14.993680555555557,-19.350752314814816,0,0,on_time,5.0,SP->PI
c64988ee72ec569d6465ac91526672a4,6dd7106231347cf1197b48cfac1db9a1,delivered,2017-10-22 13:59:06,2017-10-22 14:14:19,2017-10-23 20:29:51,2017-11-04 00:24:56,2017-11-17,1,dee656f0f566ed1aa85bd137c943f08f,59.9,15.17,2017-10-26 14:14:19,MG,37795,SP,12701,1.2713541666666666,11.163252314814814,-12.982685185185185,0,0,on_time,4.0,SP->MG
536ed688b4241b1de09816d56b845537,8055a4db7f713a58eae2b770874de26a,delivered,2017-11-25 16:40:25,2017-11-28 03:48:09,2017-12-01 18:31:58,2017-12-08 19:47:10,2017-12-15,1,4a3ca9315b744ce9f8e9374361493884,109.9,12.27,2017-12-04 03:48:09,SP,13490,SP,14940,6.077465277777778,7.052222222222222,-6.175578703703704,0,0,on_time,4.0,SP->SP
ec2849a3e5771d9f27e2158628b8fc62,ef4e1b85f2e0f761bffceb7b510b532b,delivered,2017-06-12 21:43:36,2017-06-12 21:55:23,2017-06-16 18:22:55,2017-06-23 13:02:48,2017-07-05,1,8a32e327fe2c1b3511609d81aaf9f042,29.99,15.1,2017-06-18 21:55:23,PR,87200,SP,2443,3.860636574074074,6.77769675925926,-11.456388888888888,0,0,on_time,1.0,SP->PR
e3b8f30edc738fdf0897de9bf8b49d56,05d60fc26b194e6dc23ea70547c7133e,delivered,2018-04-11 17:51:02,2018-04-12 08:32:19,2018-04-12 20:02:03,2018-04-16 17:38:44,2018-05-04,1,f262cbc1c910c83959f849465454ddd3,11.99,15.23,2018-04-18 08:30:57,MG,30380,SP,3564,1.0909837962962965,3.900474537037037,-17.26476851851852,0,0,on_time,1.0,SP->MG
ae0b67266fec287e49a6bfa534e52d8c,b8653dbffee7a7db60cba45398fd94ed,delivered,2018-06-14 15:31:33,2018-06-15 02:37:19,2018-06-15 12:24:00,2018-06-19 16:37:21,2018-07-05,1,4869f7a5dfa277a7dca6462dcf3b52b2,299.9,14.76,2018-06-20 02:31:08,SP,8270,SP,14840,0.8697569444444444,4.1759375,-15.307395833333333,0,0,on_time,5.0,SP->SP
618a183c0cfabdc0b2f2b4a5171cd605,171ee7bfa457d82a11c3e9a791f5c255,delivered,2018-03-13 13:31:24,2018-03-14 13:28:10,2018-03-15 15:10:46,2018-03-19 22:08:46,2018-03-28,1,e6a69c4a27dfdd98ffe5aa757ad744bc,6.04,8.88,2018-03-23 13:28:10,SP,5318,SP,4424,2.06900462962963,4.290277777777778,-8.07724537037037,0,0,on_time,4.0,SP->SP
a8f181d60a5b59513087247b0c3cb348,fc8c9486f62ba58809ef98a465da3307,delivered,2017-09-30 12:04:03,2017-09-30 12:14:21,2017-10-03 13:33:37,2017-11-03 17:51:42,2017-11-03,1,cca3071e3e9bb7d12640c9fbe2301306,52.64,16.81,2017-10-05 12:14:21,BA,46980,SP,14940,3.062199074074074,31.17922453703704,0.7442361111111111,1,0,carrier,4.0,SP->BA
60ae373ba04e16ccf9b64606d483d89e,c462a88b19b420fe7aaa41178a21fbc5,delivered,2018-03-11 18:18:53,2018-03-13 04:40:29,2018-03-13 19:37:37,2018-03-26 21:52:06,2018-04-03,1,709e16e2b25c7474d980076c6bfc4806,59.0,18.29,2018-03-19 04:31:09,MG,36020,SP,16200,2.0546759259259257,13.093391203703703,-7.088819444444445,0,0,on_time,5.0,SP->MG
5f3d74501be6759a29c874abc7442048,f34f65770fa4ed98ee4adfe53eead50a,delivered,2017-12-12 21:41:07,2017-12-12 21:53:30,2017-12-13 17:19:36,2017-12-14 23:48:46,2017-12-29,1,058fd0aa2bfdb2274e05e1ae971dabb6,118.0,9.02,2017-12-18 21:53:30,SP,1329,SP,9020,0.8183912037037037,1.2702546296296295,-14.007800925925926,0,0,on_time,5.0,SP->SP
fba4247532c63f175d51681367210ab6,afc2f2b93b17d59670427c1e92aa3162,delivered,2018-08-22 10:44:46,2018-08-22 12:35:20,2018-08-23 14:09:00,2018-08-25 17:07:46,2018-08-29,1,d5ba419e26d246a0719437cf37d9b46d,37.0,7.52,2018-08-27 12:35:20,SP,7260,SP,3437,1.1418287037037036,2.1241435185185185,-3.286273148148148,0,0,on_time,3.0,SP->SP
68d40cb0612e4d3be0f773cd162f8368,e5fd766629a5c46edd8a477e2cccf648,delivered,2018-04-07 11:29:56,2018-04-07 11:48:39,2018-04-10 16:21:54,2018-04-19 00:08:30,2018-05-02,1,955fee9216a65b617aa5c0531780ce60,69.9,16.18,2018-04-12 11:48:39,SP,11920,SP,4782,3.202754629629629,8.324027777777777,-12.994097222222225,0,0,on_time,5.0,SP->SP
2ffb45ec99d3fc4942ee973e41e630a9,1823c939c22df5a827fa4afea7175e1a,delivered,2018-04-23 16:47:45,2018-04-24 19:02:21,2018-04-26 13:45:00,2018-05-07 23:18:36,2018-05-22,1,06a2c3af7b3aee5d69171b0e14f0ee87,64.99,22.95,2018-04-30 17:32:18,MG,30130,MA,65072,2.8730902777777776,11.398333333333332,-14.02875,0,0,on_time,5.0,MA->MG
8b01dbab48de4c2a6edcca84a1798df0,06c4359f159d982902fe93e79c1323df,delivered,2018-08-02 12:05:19,2018-08-02 12:44:42,2018-08-03 15:06:00,2018-08-08 14:52:53,2018-08-07,1,116ccb1a1604bc88e4d234a8c23f33de,14.0,8.29,2018-08-06 12:31:09,SP,4022,SP,9850,1.125474537037037,4.990891203703704,1.6200578703703703,1,0,carrier,5.0,SP->SP
55d18e6e778d8bbc28aff36ab14104ba,31886e19444f65c975a4ca04f999d12c,delivered,2017-11-28 21:58:05,2017-11-28 22:31:34,2017-12-01 19:32:55,2017-12-04 18:48:49,2017-12-13,1,cc419e0650a3c5ba77189a1882b7556a,53.99,7.78,2017-12-05 22:31:34,SP,13466,SP,9015,2.899189814814815,2.969375,-8.216099537037037,0,0,on_time,5.0,SP->SP
3ef0650c27761bae1896146d8c4fcb82,6a14af2b3f7f1c51d9e69d5a5171898c,delivered,2017-05-19 18:24:16,2017-05-19 18:45:28,2017-05-22 18:54:56,2017-05-25 14:07:47,2017-06-08,1,6df688df543f90e9b38f4319e75a9d88,116.4,25.08,2017-05-25 18:45:28,MG,38748,MG,31230,3.0212962962962964,2.800590277777778,-13.411261574074071,0,0,on_time,3.0,MG->MG
f299e3cfbddf9de401e1f1adf33cd788,487ed3b1b98379e4aa9ce58cf75c51be,delivered,2018-02-22 09:03:57,2018-02-23 02:10:42,2018-02-27 05:06:58,2018-03-05 16:25:12,2018-03-22,1,00fc707aaaad2d31347cf883cd2dfe10,472.0,62.32,2018-03-07 02:10:42,RS,94930,PR,87025,4.8354282407407405,6.47099537037037,-16.315833333333334,0,0,on_time,1.5,PR->RS
a512634a0377a863c1f77f2ad31506e0,1394555afd47c35cbefca738972e3d6e,delivered,2018-06-06 10:57:24,2018-06-06 11:13:54,2018-06-06 11:25:00,2018-06-19 18:03:19,2018-07-16,1,06a2c3af7b3aee5d69171b0e14f0ee87,66.99,22.97,2018-06-14 11:13:54,DF,71705,MA,65072,0.0191666666666666,13.276608796296296,-26.24769675925926,0,0,on_time,5.0,MA->DF
4f798d08a26169482935550e67126382,eec6ac37b5e2ee144615361f466cb0cf,delivered,2017-05-09 21:15:21,2017-05-09 21:25:26,2017-05-10 11:29:46,2017-05-15 15:48:03,2017-05-25,1,0432ead42b6c8a0bdf68154add917fdf,94.9,12.16,2017-05-15 21:25:26,SP,13902,SP,9320,0.5933449074074074,5.179363425925926,-9.341631944444444,0,0,on_time,5.0,SP->SP
fecd2391540ed4dd35db71f1af87f03e,e5a33466701cd4bfbdfc0f03e4cbdb83,delivered,2017-05-15 20:09:05,2017-05-15 20:15:17,2017-05-16 21:25:45,2017-05-19 10:27:43,2017-05-26,1,7722b1df1b0e383e000397b2c11e3e19,89.9,8.82,2017-05-19 20:15:17,SP,1231,SP,9715,1.0532407407407407,2.5430324074074075,-6.564085648148148,0,0,on_time,5.0,SP->SP
a124f3c8e5213835b392c8a30125a521,ba23a00c1935d41d7da609e49cda2f49,delivered,2018-02-09 10:38:33,2018-02-10 02:49:24,2018-02-16 20:56:46,2018-02-24 12:36:42,2018-03-06,1,49067458c68f7701fd334ce326accbe0,29.45,12.48,2018-02-15 02:49:24,MG,39205,MG,36050,7.42931712962963,7.6527314814814815,-9.47451388888889,0,1,on_time,5.0,MG->MG
9d39599dfc361c9c47a4b03d29938289,f39e1f8c72771843ae949827cf3d122c,delivered,2017-09-22 22:12:04,2017-09-22 22:24:22,2017-09-26 20:28:09,2017-09-28 19:52:43,2017-10-16,1,dbc22125167c298ef99da25668e1011f,35.9,13.37,2017-09-27 22:24:22,MG,37552,MG,37564,3.927835648148148,1.9753935185185183,-17.171724537037036,0,0,on_time,5.0,MG->MG
7388656671c6e0b572d76b7c12fbad52,66049df7b834608e4ae15027f7fe18df,delivered,2018-03-16 16:44:16,2018-03-16 16:55:54,2018-03-22 20:33:01,2018-03-27 01:11:21,2018-04-23,1,3d871de0142ce09b7081e2b9d1733cb1,59.0,22.99,2018-03-22 16:55:54,RJ,23078,SP,13232,6.158854166666667,4.193287037037037,-26.95045138888889,0,1,on_time,5.0,SP->RJ
ea461a2421a4be04b0d69e11e12788ca,4d4235152fdfccd1aeab816d867a9447,delivered,2017-11-13 21:19:37,2017-11-13 21:31:09,2017-11-14 22:02:41,2017-11-22 13:33:44,2017-12-07,1,8bb48dc19fccaa8613b6229bf7f452a2,39.6,17.6,2017-11-20 21:30:26,MG,36204,SP,19803,1.0299074074074075,7.6465625,-14.434907407407408,0,0,on_time,5.0,SP->MG
f0dbbeed3a0b658b884893bcdde5e4d4,f184af34654e6c42b67146220328aafe,delivered,2017-12-02 19:11:14,2017-12-02 19:36:24,2017-12-05 21:49:00,2017-12-21 21:48:58,2017-12-28,1,77530e9772f57a62c906e1c21538ab82,148.0,18.29,2017-12-07 19:31:07,SP,11045,PR,80310,3.109560185185185,15.999976851851851,-6.09099537037037,0,0,on_time,5.0,PR->SP
92580e7039e427da2884d35809a95996,883bce2f3694717d0403432a07768b05,delivered,2017-01-13 23:24:59,2017-01-13 23:35:14,2017-01-17 15:10:17,2017-01-24 18:28:34,2017-02-23,1,4a3ca9315b744ce9f8e9374361493884,89.9,15.84,2017-01-17 23:24:59,MG,36900,SP,14940,3.656458333333333,7.137696759259259,-29.23016203703704,0,0,on_time,4.0,SP->MG
0d711a2c41f1b93655be1666ddcae684,213904d01203d2e280dbacb35c3042ae,delivered,2018-04-24 15:27:46,2018-04-24 18:55:55,2018-04-25 15:41:00,2018-05-15 20:08:51,2018-06-07,1,ccc4bbb5f32a6ab2b7066a4130f114e3,349.9,15.53,2018-05-04 16:32:05,RJ,22775,PR,80310,1.0091898148148148,20.186006944444443,-22.160520833333333,0,0,on_time,5.0,PR->RJ
a6d9999c33b017f6d907c296e13db22c,f27ae830b105fa0c204da2ef6a3ad0de,delivered,2018-07-30 09:52:26,2018-07-31 10:31:00,2018-07-31 12:36:00,2018-08-03 14:37:42,2018-08-20,1,4e17c65a516f69d023a2ae78b84f28d6,80.0,15.66,2018-08-08 09:45:09,DF,71908,SP,8673,1.113587962962963,3.084513888888889,-16.390486111111112,0,0,on_time,5.0,SP->DF
ad2730b7abb692df187294b85fc0705d,c7b0aa1f694c455c10a5d4e9adc7a066,delivered,2018-07-19 19:53:43,2018-07-19 20:05:20,2018-07-20 11:40:00,2018-07-23 21:12:21,2018-07-27,1,955fee9216a65b617aa5c0531780ce60,135.0,11.97,2018-07-23 20:05:20,SP,9570,SP,4782,0.6571412037037037,3.3974652777777776,-3.116423611111111,0,0,on_time,5.0,SP->SP
1eea3e040d4f470f07e0082d69552ca3,301fcf518e1c483121a5242df2cf3ac0,delivered,2018-07-18 12:16:33,2018-07-18 12:30:25,2018-07-19 11:49:00,2018-07-25 13:32:05,2018-08-09,1,50770d25768b0486d89be26afca3108f,29.99,18.31,2018-07-24 12:30:25,GO,76630,SP,9271,0.9808680555555556,6.071585648148148,-14.43605324074074,0,0,on_time,5.0,SP->GO
ebe034eebbc469b11fd6836b190dc42a,c203a97308ffc93619d4ad4b704f2702,delivered,2017-09-19 10:50:18,2017-09-19 11:15:19,2017-09-19 17:26:19,2017-09-21 17:33:57,2017-10-05,1,b499c00f28f4b7069ff6550af8c1348a,49.98,23.7,2017-09-25 11:15:19,SP,18273,SP,13481,0.275011574074074,2.005300925925926,-13.268090277777778,0,0,on_time,4.0,SP->SP
cf5e87e100797719b34cfb5855313b85,8928256d81a0cfd9f31f2def440f2f7e,delivered,2018-06-11 11:16:38,2018-06-11 11:40:10,2018-06-11 14:15:00,2018-06-20 20:07:31,2018-07-16,1,d91fb3b7d041e83b64a00a3edfb37e4f,104.0,22.44,2018-06-15 11:31:06,BA,45400,SP,11704,0.1238657407407407,9.24480324074074,-25.16144675925926,0,0,on_time,3.0,SP->BA
de0076b42a023f53b398ce9ab0d9009c,9c48b4a1e7be90b187665db74770750b,delivered,2017-12-04 11:15:54,2017-12-27 14:03:00,2017-12-29 15:18:30,2018-01-09 19:26:55,2018-01-05,1,002100f778ceb8431b7a1020ff7ab48f,17.9,16.79,2018-01-03 14:03:00,BA,45994,SP,14405,25.16847222222222,11.172511574074074,4.810358796296296,1,0,carrier,1.0,SP->BA
73c21d26eefa3d24be02a149b9e69017,6b6659a060f8afbe76a660d091ebb6bf,delivered,2017-12-18 12:06:57,2017-12-18 13:13:41,2017-12-20 19:28:35,2018-01-04 23:26:20,2018-01-17,1,5f2684dab12e59f83bef73ae57724e45,169.9,18.44,2017-12-22 13:13:41,MS,79990,SP,5125,2.3066898148148147,15.165104166666667,-12.02337962962963,0,0,on_time,5.0,SP->MS
dde8f1a1964c338a90b168c7fdfa075f,9acf0e2a1bdedcf25d1f46eb5c6e7739,delivered,2018-07-02 10:21:34,2018-07-02 10:35:13,2018-07-03 12:49:00,2018-07-07 04:48:47,2018-07-30,1,8a432f4e5b471f8da497d7dc517666e2,55.0,19.58,2018-07-06 10:35:13,RJ,28495,SP,19042,1.1023842592592592,3.666516203703704,-22.79945601851852,0,0,on_time,5.0,SP->RJ
00f33ee62c15223679d3550e751c37cd,2c499841f2c353053fd296844c4908f5,delivered,2017-11-25 16:17:29,2017-11-25 16:32:38,2017-11-30 15:25:13,2017-12-18 18:09:50,2017-12-18,1,1c129092bf23f28a5930387c980c0dfc,39.5,15.11,2017-11-30 16:31:26,DF,71741,SP,2972,4.963703703703704,18.11431712962963,0.7568287037037037,1,0,carrier,5.0,SP->DF
12994c8b16a5e15fbbecf653c20a0a39,04bbdc3ac9295507b111d49f4d110eb1,delivered,2017-05-31 00:51:26,2017-05-31 01:30:15,2017-06-01 13:33:29,2017-06-06 16:47:32,2017-06-27,1,cca3071e3e9bb7d12640c9fbe2301306,39.9,16.11,2017-06-08 01:30:15,RJ,21211,SP,14940,1.529201388888889,5.134756944444445,-20.300324074074076,0,0,on_time,5.0,SP->RJ
38df34f6963826eaf92a536dff64393a,29c04628dbc04fa96b97d33891cc3597,delivered,2018-05-27 00:31:57,2018-05-27 01:02:21,2018-05-29 13:35:00,2018-05-30 22:51:30,2018-06-20,1,ba5daa4041e1f15cdf34b76e3e18a450,8.9,7.39,2018-06-04 01:02:21,SP,4702,SP,4363,2.543784722222222,1.3864583333333331,-20.047569444444445,0,0,on_time,5.0,SP->SP
633911754e7d587f10d189b10572c0ae,da10cbdf82699412e09b92f55ac38dbc,delivered,2018-07-12 01:23:38,2018-07-13 02:35:14,2018-07-31 14:10:00,2018-08-06 17:58:27,2018-08-01,1,06a2c3af7b3aee5d69171b0e14f0ee87,122.99,30.11,2018-07-20 02:35:14,SP,4001,MA,65072,19.532199074074075,6.158645833333333,5.748923611111112,1,1,seller,5.0,MA->SP
fd1dfd657df57a8183a8bd5ad5725538,37eeab71386686bbc66ecf73feb97e88,delivered,2017-03-01 23:34:48,2017-03-01 23:50:10,2017-03-06 11:46:03,2017-03-08 06:52:23,2017-03-20,1,aae3bfea055532c57fb453ed3ec80b30,68.0,11.09,2017-03-07 23:50:10,SP,3335,SP,9271,4.5078125,1.7960648148148148,-11.713622685185186,0,0,on_time,4.0,SP->SP
ef2165ddd56495b711b9a61098a7e6f2,76b432ca295f27833e5ccb04faec8297,delivered,2018-06-08 13:22:42,2018-06-08 15:31:58,2018-06-11 13:29:00,2018-06-19 20:24:53,2018-07-13,1,094ced053e257ae8cae57205592d6712,45.9,12.79,2018-06-22 15:03:25,SP,13219,SP,14095,3.004375,8.28880787037037,-23.149386574074075,0,0,on_time,5.0,SP->SP
4c4ac421c86a29cf288e4283badb1093,2665837f940fca108d0ae157730f5756,delivered,2017-11-24 09:39:48,2017-11-24 11:12:54,2017-11-27 17:09:35,2017-12-06 01:06:16,2018-01-02,1,5a93f3ab0ef4c84ed5e1b5dbf23978bc,116.91,15.57,2017-12-08 11:12:54,MG,39900,SP,12250,3.312349537037037,8.331030092592593,-26.95398148148148,0,0,on_time,5.0,SP->MG
90920bdae23654268e339ea8f19f0ae8,88f63e38cce5dfa298782ad150309cde,delivered,2018-07-20 07:27:44,2018-07-21 03:05:19,2018-07-25 13:00:00,2018-07-28 14:41:51,2018-08-07,1,7d76b645482be4a332374e8223836592,17.9,12.79,2018-07-26 03:05:19,SP,14092,SP,1511,5.230740740740741,3.0707291666666667,-9.387604166666666,0,0,on_time,5.0,SP->SP
3db31eaaf79e14aacfe056edba923cba,e0b46a17b602ade36f5cc3e251668a05,delivered,2017-08-14 12:49:13,2017-08-14 13:25:21,2017-08-16 17:25:47,2017-08-17 16:37:10,2017-09-01,1,86ccac0b835037332a596a33b6949ee1,52.9,12.62,2017-08-18 13:25:21,SC,89030,SC,89041,2.192060185185185,0.966238425925926,-14.307523148148148,0,0,on_time,5.0,SC->SC
a0f1470a138fc60452fcfbce3a2d937b,149a7003c8eda15d72fe457aee6501de,delivered,2017-10-18 21:14:29,2017-10-18 21:56:16,2017-10-20 16:53:07,2017-10-23 22:27:38,2017-10-30,1,1127b7f2594683f2510f1c2c834a486b,16.55,7.78,2017-10-24 21:56:16,SP,2469,SP,13087,1.8184953703703703,3.2323032407407406,-6.064143518518518,0,0,on_time,5.0,SP->SP
3e41fd4c8d9609903634b36c09183b78,a03fb45a2d3d8ccc2e66cd19cd7ab812,delivered,2017-06-11 20:39:55,2017-06-11 20:50:16,2017-06-12 15:45:03,2017-06-16 15:35:58,2017-07-03,1,6edacfd9f9074789dad6d62ba7950b9c,34.9,11.85,2017-06-15 20:50:16,SP,15503,SP,7135,0.7952314814814815,3.9936921296296295,-16.350023148148146,0,0,on_time,5.0,SP->SP
9ddce686be2661872d8a63788bd96cbe,1617a08d5850cf9628908bf7339c4245,delivered,2017-05-01 19:21:07,2017-05-01 19:30:21,2017-05-05 15:17:50,2017-06-03 14:22:13,2017-06-02,1,a7f13822ceb966b076af67121f87b063,99.96,43.16,2017-05-05 19:30:21,RJ,24456,SP,8577,3.831053240740741,28.96137731481481,1.5987615740740742,1,0,carrier,1.0,SP->RJ
c2bd00a4ebada36e6e2b5457048020c2,11f5f5a4b5113ed59df85853b97156db,delivered,2017-07-19 20:03:19,2017-07-20 20:10:14,2017-07-22 13:29:23,2017-07-26 03:17:54,2017-08-03,1,37be5a7c751166fbc5f8ccba4119e043,205.0,15.04,2017-07-28 20:10:14,SP,13473,SP,4248,2.7264351851851854,3.5753587962962965,-7.8625694444444445,0,0,on_time,4.0,SP->SP
513ce85c6d6f14edd0689eac71b60ec9,4aeeab0bce430d10d07340cecb987209,delivered,2018-01-16 19:37:21,2018-01-16 19:51:50,2018-01-17 18:51:49,2018-01-31 13:34:31,2018-02-19,1,5656537e588803a555b8eb41f07a944b,129.89,34.71,2018-01-22 19:51:20,PE,55385,DF,72015,0.9683796296296296,13.77965277777778,-18.434363425925927,0,0,on_time,4.0,DF->PE
553c468f68af19869694de8bcd095213,a784288cae94e14997ba26f7e39435f5,delivered,2018-05-02 00:29:24,2018-05-02 00:56:39,2018-05-03 14:47:00,2018-06-05 20:48:40,2018-06-06,1,1f50f920176fa81dab994f9023523100,107.8,79.7,2018-05-08 00:56:39,RN,59114,SP,15025,1.5955555555555556,33.251157407407405,-0.1328703703703703,0,0,on_time,5.0,SP->RN
5737604cef8903a35b0b21ee477cfa22,f6625f51a1c8faeba24be89b628d7f71,delivered,2018-03-20 15:45:50,2018-03-20 16:29:25,2018-03-21 19:27:38,2018-04-13 19:19:31,2018-04-16,1,8b321bb669392f5163d04c59e235e066,18.9,22.06,2018-03-26 16:29:25,BA,48607,SP,1212,1.154027777777778,22.99436342592593,-2.1947800925925924,0,0,on_time,5.0,SP->BA
9b30bcabc00edde5c8117aea83c1c11d,e97b754af1f2cabc36f6004f44f5b62c,delivered,2018-05-13 09:54:29,2018-05-13 10:13:09,2018-05-15 14:20:00,2018-05-22 15:18:36,2018-06-05,1,2eb70248d66e0e3ef83659f71b244378,134.9,18.82,2018-05-17 10:13:09,MG,36051,SP,13101,2.184386574074074,7.040694444444444,-13.362083333333333,0,0,on_time,1.0,SP->MG
51a7d7d26116c0eaee6bb35ea667dfda,35a7f7f18808a0d5ca9913a8bc0304c5,delivered,2017-04-25 08:12:22,2017-04-25 08:26:24,2017-04-25 11:44:06,2017-05-04 07:18:36,2017-05-18,1,001cca7ae9ae17fb1caed9dfb1094831,84.9,36.14,2017-05-02 08:26:24,SP,18078,ES,29156,0.147037037037037,8.815625,-13.695416666666668,0,0,on_time,5.0,ES->SP
882d0ad1f2cb3bb80acfb9e6667be1a7,0095298db7c70d082c2584d4eb496654,delivered,2017-09-13 18:37:01,2017-09-13 18:50:14,2017-09-14 21:27:49,2017-09-25 19:52:45,2017-10-04,1,46dc3b2cc0980fb8ec44634e21d2718e,279.99,19.21,2017-09-19 18:50:14,MG,35628,RJ,22240,1.118611111111111,10.933981481481482,-8.17170138888889,0,0,on_time,4.0,RJ->MG
6b95cbf782c29411b0d5feca16490ceb,1a0d6e9c1a8483fbeec12da522abc4b9,delivered,2017-02-09 13:15:09,2017-02-11 02:45:32,2017-02-13 08:17:32,2017-02-16 17:56:10,2017-03-08,1,7e93a43ef30c4f03f38b393420bc753a,279.64,13.35,2017-02-13 13:15:09,SP,19913,SP,6429,3.793321759259259,3.401828703703704,-19.25266203703704,0,0,on_time,5.0,SP->SP
c546e22ce132da6778538ce6aa0d867e,93266af05292c1ab5d4c7defe6bf4113,delivered,2017-09-20 09:12:16,2017-09-20 09:25:18,2017-09-22 16:53:30,2017-09-27 22:12:38,2017-10-11,1,9add47bf45ce8e8c7db6b9cf670b1e09,109.9,24.15,2017-09-26 09:25:18,RJ,23080,PR,83830,2.3203009259259257,5.2216203703703705,-13.074560185185184,0,0,on_time,5.0,PR->RJ
a87561bddec57c56c96d99cf74797013,335b264076eaf5b69ca4f1aa31548ef8,delivered,2017-03-11 23:36:28,2017-03-11 23:36:28,2017-03-13 08:55:55,2017-03-16 12:24:17,2017-04-03,1,7e26c750b4cb9f6766f58265ff9ebe95,50.0,14.52,2017-03-15 23:36:28,SP,9051,MG,30270,1.3885069444444444,3.144699074074074,-17.483136574074074,0,0,on_time,1.0,MG->SP
8da4b52fdefe7256cbe20ebf03ac47b7,550290db9e0772d476e9d9aeea14afa6,delivered,2018-02-07 18:35:22,2018-02-07 18:50:12,2018-02-09 19:38:28,2018-03-07 17:48:59,2018-03-08,1,33a6f4b1e7cdc205511e76ba1b6e0186,115.0,14.56,2018-02-15 18:50:12,MG,30411,SP,7084,2.0438194444444444,25.923969907407407,-0.2576504629629629,0,0,on_time,2.0,SP->MG
6c81f50d7f607e25fb51066b15c8285e,0d9c27a293b6a432d7a8f6581830b3fa,delivered,2017-11-24 11:49:51,2017-11-24 13:51:32,2017-11-24 20:36:56,2017-12-12 17:43:31,2017-12-15,1,620c87c171fb2a6dd6e8bb4dec959fc6,59.9,17.67,2017-11-30 13:51:32,SP,11015,RJ,25645,0.3660300925925926,17.87957175925926,-2.2614467592592598,0,0,on_time,5.0,RJ->SP
18b33f2430f136a8deba8893596a53da,436f56dcdaacb0a631a8dded7fd62bdd,delivered,2018-08-09 11:04:21,2018-08-09 15:25:33,2018-08-10 12:40:00,2018-08-17 10:47:31,2018-09-10,1,d6b1ce66b035a475f00c017792ff9769,150.0,46.66,2018-08-14 15:25:33,RS,95650,SP,13327,1.0664236111111112,6.921886574074074,-23.55033564814815,0,0,on_time,5.0,SP->RS
fa9b3f5a0eef7954729a194715780e1b,c5deddc906bcc15553a70ffec42806c0,delivered,2017-05-17 10:19:05,2017-05-17 10:30:28,2017-05-18 11:25:00,2017-05-29 12:48:00,2017-06-16,1,8e6cc767478edae941d9bd9eb778d77a,7.9,16.11,2017-05-23 10:30:28,SP,15030,MG,38442,1.045775462962963,11.057638888888889,-17.466666666666665,0,0,on_time,5.0,MG->SP
1bfcd078cbb68e01d2ba1f6d35420f94,2822a34d0c3c77c47b7a1716ecd4d408,delivered,2018-03-21 08:49:22,2018-03-21 09:08:08,2018-03-26 19:41:02,2018-04-05 19:44:23,2018-04-18,1,fa1a9dec3a9940c072684a46728bf1fc,142.9,27.73,2018-03-27 09:08:08,RJ,28020,SC,88820,5.452546296296297,10.00232638888889,-12.177511574074074,0,0,on_time,3.0,SC->RJ
32a1deec544b7ad8e44ba2e87dfae1a9,1faec1b2c2a13fa81394d4ff3b112ad0,delivered,2018-05-10 17:19:38,2018-05-10 17:38:07,2018-05-22 05:51:00,2018-06-12 23:12:49,2018-06-05,1,06a2c3af7b3aee5d69171b0e14f0ee87,64.99,41.15,2018-05-16 17:31:35,SP,18055,MA,65072,11.521782407407407,21.723483796296296,7.967233796296297,1,1,seller,3.0,MA->SP
2a005820c4272e5679d8174656fe4e96,2d521f8dffdd11217484edb2ed246098,delivered,2018-06-25 22:01:05,2018-06-25 22:17:17,2018-06-27 15:32:00,2018-07-03 09:58:34,2018-07-30,1,0691148aee60ca47977c187804f935ae,23.9,13.51,2018-07-03 22:17:17,SP,13500,PR,86010,1.7298032407407409,5.768449074074074,-26.584328703703704,0,0,on_time,5.0,PR->SP
63e6d960f6bda4b21e30d30c6fb975d8,92783a547d933b2fcce1f331d369d324,delivered,2018-03-19 13:23:15,2018-03-19 13:35:36,2018-03-20 20:33:14,2018-03-26 20:42:20,2018-04-10,1,ce248b21cb2adc36282ede306b7660e5,54.87,19.35,2018-03-23 13:35:36,SP,4321,SC,89251,1.2985995370370371,6.006319444444444,-14.13726851851852,0,0,on_time,5.0,SC->SP
db3c88b2458388bddcd3b2a99f0b8b99,c812dde413256071206505c743db48df,delivered,2017-11-12 21:41:10,2017-11-12 21:50:29,2017-11-14 22:02:29,2017-11-16 19:12:59,2017-11-27,1,30a2f535bb48308f991d0b9ad4a8c4bb,49.9,9.09,2017-11-17 21:50:29,SP,11030,SP,13457,2.014803240740741,1.8822916666666667,-10.19931712962963,0,0,on_time,5.0,SP->SP
4ddb370d653e752b4440027fec64e3e7,d59bd53c5bebdf76720c302e3eaa63e4,delivered,2018-07-25 15:18:23,2018-07-25 15:30:11,2018-07-25 15:45:00,2018-07-30 14:38:49,2018-08-13,1,10264f60a8f0a4d2f30810f5c661c673,74.9,18.62,2018-07-31 15:30:11,MG,36240,SP,13090,0.0184837962962962,4.954039351851852,-13.389710648148148,0,0,on_time,5.0,SP->MG
d17a342bb9f94d40c3b6df4a600b5cee,511dfb4f5249ddae8cec62d7c650859c,delivered,2018-04-06 09:33:06,2018-04-06 09:49:01,2018-04-09 16:46:34,2018-04-10 17:41:55,2018-04-24,1,b76dba6c951ab00dc4edf0a1aa88037e,59.98,14.78,2018-04-12 09:49:01,SP,4530,SP,3237,3.3010185185185184,1.0384375,-13.26255787037037,0,0,on_time,5.0,SP->SP
6cbc2c3a5ded4eb0fed3a011b02c6eeb,dced0cc0cebc0baa44511a39ec893189,delivered,2018-08-27 09:08:47,2018-08-28 04:04:05,2018-08-28 12:56:00,2018-08-30 23:12:25,2018-08-30,1,6560211a19b47992c3666cc44a7e94c0,48.0,7.6,2018-08-30 04:04:05,SP,6602,SP,5849,1.1577893518518518,2.4280671296296297,0.9669560185185184,1,0,carrier,5.0,SP->SP
22b1eef278d4416c1e867a55d1c39fea,a2592535b56c9256867a805f553147f1,delivered,2018-05-08 23:18:52,2018-05-08 23:34:25,2018-05-10 18:29:00,2018-05-25 19:25:25,2018-06-12,1,7d13fca15225358621be4086e1eb0964,99.9,0.0,2018-05-14 23:30:34,RJ,22710,SP,14050,1.7987037037037037,15.03917824074074,-17.19068287037037,0,0,on_time,5.0,SP->RJ
2887e340dedffaaf9e4f86c762b2a788,f71a5859040b9dbf6327c9c121a74764,delivered,2017-11-03 09:41:04,2017-11-03 10:10:45,2017-11-08 20:16:41,2017-11-13 22:12:44,2017-11-23,1,855668e0971d4dfd7bef1b6a4133b41b,50.0,13.37,2017-11-09 10:10:45,SP,15390,SP,13257,5.441400462962963,5.080590277777778,-9.07449074074074,0,0,on_time,5.0,SP->SP
4030d047c111d2d8a990c6ccfd9e4081,571801f07099892d51d446575f25c857,delivered,2017-06-14 17:34:55,2017-06-15 03:10:15,2017-06-16 14:16:20,2017-06-26 14:27:30,2017-07-07,1,a3e9a2c700480d9bb01fba070ba80a0e,80.0,35.2,2017-06-21 03:10:15,MG,32450,SP,14940,1.8620949074074076,10.00775462962963,-10.397569444444445,0,0,on_time,3.0,SP->MG
835dc7ae3323802222f5f717e636e30e,f0ce7da570028c470c93faf637685414,delivered,2018-04-22 19:38:56,2018-04-24 18:11:13,2018-04-24 22:28:51,2018-04-25 14:03:21,2018-05-10,1,16090f2ca825584b5a147ab24aa30c86,54.9,7.87,2018-04-26 20:31:56,SP,6826,SP,12940,2.1179976851851854,0.6489583333333333,-14.414340277777775,0,0,on_time,1.0,SP->SP
670a5914a42d04c7cb903febf1303662,7d7197562f016c087c9bfb40e4128672,delivered,2018-05-18 15:45:51,2018-05-19 02:58:45,2018-05-21 15:27:00,2018-06-05 21:30:00,2018-06-06,1,cab85505710c7cb9b720bceb52b01cee,49.9,15.23,2018-05-23 02:58:45,PR,81590,SP,2252,2.9869097222222223,15.252083333333331,-0.1041666666666666,0,0,on_time,5.0,SP->PR
a67fbbbf7ef00baa90a44ab097b61e29,877bb7b491518f3bd6f821bf1791b2fc,delivered,2018-08-06 15:56:13,2018-08-06 16:10:20,2018-08-13 14:16:00,2018-08-16 17:39:44,2018-08-17,1,ea566164622c6b439516ab18062c42cd,23.95,12.47,2018-08-16 16:10:20,SP,9960,SP,5303,6.930405092592593,3.141481481481481,-0.264074074074074,0,0,on_time,5.0,SP->SP
0b0b271dbd163df371ef9fa4ff573490,9ce368c03fe60e88669c7ad2788c623b,delivered,2017-08-01 07:33:41,2017-08-02 07:43:13,2017-08-02 18:07:29,2017-08-14 18:16:32,2017-09-01,1,3d871de0142ce09b7081e2b9d1733cb1,89.0,19.86,2017-08-08 07:43:13,BA,45570,SP,13232,1.4401388888888889,12.006284722222222,-17.238518518518518,0,0,on_time,5.0,SP->BA
d5d3ec988fdf9d0896092f00c1c54fa0,acfcdc1935acea5eecac434820116ce3,delivered,2018-05-06 19:31:23,2018-05-07 09:31:35,2018-05-07 14:44:00,2018-05-19 05:38:48,2018-06-07,1,33cbbec1e7e1044aaf11d152172c776f,71.32,27.23,2018-05-11 09:31:07,RJ,22730,RS,95705,0.8004282407407407,11.62138888888889,-18.764722222222225,0,0,on_time,5.0,RS->RJ
0f32a0df7bef480c420accf154fc4a29,f1d80d778dd6cf4cc24fc6eae0104408,delivered,2017-12-09 12:21:34,2017-12-09 13:12:00,2017-12-11 17:17:07,2017-12-26 15:19:49,2018-01-15,1,620c87c171fb2a6dd6e8bb4dec959fc6,159.9,20.36,2017-12-18 13:12:00,GO,74280,RJ,25645,2.205243055555556,14.918541666666666,-19.36123842592593,0,0,on_time,5.0,RJ->GO
8f7c88fa60b5aa1c1c2cff8a775bc4c0,1cfe7bea2419ecc52b02add3c821ced4,delivered,2018-05-04 17:02:02,2018-05-04 17:10:24,2018-05-05 09:30:00,2018-05-11 22:52:31,2018-06-06,1,1f50f920176fa81dab994f9023523100,53.9,16.07,2018-05-10 17:10:24,SC,89120,SP,15025,0.6860879629629629,6.55730324074074,-25.046863425925928,0,0,on_time,5.0,SP->SC
51c68b0aedaa22a0b426f5635ac439b1,80f5dbd6c402fa67462768a508de4168,delivered,2017-05-22 10:27:43,2017-05-24 03:05:23,2017-05-24 15:09:40,2017-06-03 09:39:37,2017-06-29,1,ccc4bbb5f32a6ab2b7066a4130f114e3,370.0,29.44,2017-06-02 03:05:23,CE,60713,PR,80310,2.195798611111111,9.770798611111111,-25.597488425925928,0,0,on_time,4.0,PR->CE
4fe3375df4882c70c200e075e3f1fed0,3295d27f33d0a40b245030ccaca13fd4,delivered,2017-08-19 12:55:53,2017-08-20 07:04:41,2017-08-22 10:33:43,2017-08-24 18:43:50,2017-09-12,1,cc419e0650a3c5ba77189a1882b7556a,84.99,12.09,2017-08-25 07:04:41,SP,14403,SP,9015,2.901273148148148,2.340358796296296,-18.219560185185184,0,0,on_time,5.0,SP->SP
1cc21285010bbdedb27bdf5995367df5,c8271bb8b445bff7d05f359714f06763,delivered,2018-05-07 20:06:49,2018-05-08 04:14:50,2018-05-08 14:21:00,2018-05-14 19:40:01,2018-06-19,1,1b65c144b17e607c0f37f10bb7dfec8d,169.9,31.84,2018-05-14 04:14:50,RJ,20011,SC,89160,0.7598495370370371,6.221539351851852,-35.180543981481485,0,0,on_time,1.0,SC->RJ
3e5851bac5137487999e438e2986af8e,febc8698a75e85a4ddf0e78926c1119c,delivered,2018-08-09 16:53:00,2018-08-10 07:10:11,2018-08-13 10:30:00,2018-08-22 22:33:55,2018-09-03,1,609e1a9a6c2539919b8205cf7c4e6ff0,61.9,27.38,2018-08-14 07:10:11,RJ,28920,SC,88359,3.734027777777778,9.502719907407409,-11.059780092592591,0,0,on_time,5.0,SC->RJ
00c842d0ae6462afc1d38fc055b02c75,3eb456ae69430643eb134b74ccc4f261,delivered,2017-11-08 17:36:48,2017-11-08 18:30:52,2017-11-16 18:42:49,2017-11-21 17:37:51,2017-11-29,1,1f50f920176fa81dab994f9023523100,59.9,17.67,2017-11-14 17:55:27,RJ,20520,SP,15025,8.045844907407407,4.954884259259259,-7.265381944444444,0,1,on_time,5.0,SP->RJ
30143cbe639436a82c4936717cc5ecb6,d7602c50f544cd619427d56ae028a08b,delivered,2018-03-02 16:48:42,2018-03-02 17:10:38,2018-03-06 16:35:33,2018-03-11 19:02:55,2018-03-20,1,1554a68530182680ad5c8b042c3ab563,75.9,19.39,2018-03-08 17:10:38,SP,5171,MG,37580,3.990868055555556,5.102337962962963,-8.20630787037037,0,0,on_time,4.5,MG->SP
3762a969c4bee6842259e756e28a7467,fcbfa6020f72a36e85c273e1bc7c2780,delivered,2017-03-25 12:51:12,2017-03-26 06:35:21,2017-03-28 11:36:18,2017-04-04 21:32:43,2017-04-20,1,94144541854e298c2d976cb893b81343,59.9,16.12,2017-03-30 06:35:21,SP,4851,RS,94451,2.947986111111111,7.414178240740741,-15.102280092592592,0,0,on_time,5.0,RS->SP
6f43cd0209ce17439e6932a20c573704,789df5e1338821d6e3630f9c0046b982,delivered,2018-05-06 19:56:37,2018-05-07 09:56:17,2018-05-08 14:04:00,2018-05-16 13:43:51,2018-06-06,1,b4ffb71f0cb1b1c3d63fad021ecf93e1,23.0,19.04,2018-05-11 09:56:17,PE,50680,SP,3880,1.7551273148148148,7.986006944444444,-20.427881944444444,0,0,on_time,5.0,SP->PE
b1a88554eb1f7f68627549e26257b583,5cf799d0ac88e1d328434a595c015efa,delivered,2018-06-13 02:19:56,2018-06-14 02:39:10,2018-06-14 13:55:00,2018-06-20 21:07:29,2018-07-13,1,1900267e848ceeba8fa32d80c1a5f5a8,39.99,19.47,2018-06-20 02:31:14,MG,37551,SP,14940,1.4826851851851852,6.300335648148148,-22.11980324074074,0,0,on_time,1.0,SP->MG
7cb76df433b42580f7512fde60984ba5,1d510e457bb6e83400a904c93a6974af,delivered,2018-02-02 10:06:20,2018-02-02 11:12:35,2018-02-05 15:53:08,2018-02-09 01:11:52,2018-02-26,1,a1043bafd471dff536d0c462352beb48,120.0,26.46,2018-02-08 11:12:35,MG,30730,MG,37175,3.240833333333333,3.388009259259259,-16.950092592592593,0,0,on_time,5.0,MG->MG
2b0259629144c6b7b9cbbeae440287a9,86a2212bacc5a9e26edca1f35318b797,delivered,2018-01-05 03:14:40,2018-01-06 16:46:45,2018-01-09 23:16:10,2018-01-20 16:38:52,2018-02-05,1,1f50f920176fa81dab994f9023523100,49.9,19.59,2018-01-11 16:46:45,BA,40290,SP,15025,4.834375,10.724097222222222,-15.306342592592593,0,0,on_time,5.0,SP->BA
0a7dd1e47d756727fdfe4b0daf9a655b,d00f51a52d942dd722d22577d4f8c4cd,delivered,2017-11-25 12:55:03,2017-11-27 12:55:28,2017-11-28 18:43:01,2017-12-03 18:37:40,2017-12-13,1,bd4889b5e9133b35b66e42a8665cea5c,210.0,14.02,2017-12-05 12:55:28,SP,11065,SP,2963,3.2416435185185186,4.996284722222223,-9.223842592592591,0,0,on_time,4.0,SP->SP
6f4016e726a9987c48a94f9c2e26898a,2b829a337fad82db503dba0855ddb3ef,delivered,2017-11-21 23:58:55,2017-11-22 00:07:14,2017-11-23 19:02:58,2017-12-08 17:42:56,2017-12-12,1,c826c40d7b19f62a09e2d7c5e7295ee2,159.77,16.88,2017-11-28 00:06:44,SC,89258,SP,7133,1.7944791666666666,14.944421296296296,-3.261851851851852,0,0,on_time,4.0,SP->SC
83eb5fab753293927c17ab15fa582eaf,33bfd1a3202118716fd4be8167a4d2b1,delivered,2018-04-09 09:01:39,2018-04-10 03:35:32,2018-04-13 16:19:32,2018-05-04 16:12:37,2018-05-09,1,1f50f920176fa81dab994f9023523100,53.9,21.35,2018-04-16 03:35:32,RS,96025,SP,15025,4.304085648148148,20.995196759259255,-4.32457175925926,0,0,on_time,4.0,SP->RS
ae68c99e963e1694453bacc5db91513d,82cfeb7316832e519f1238ff89b5c5ec,delivered,2018-08-10 00:58:28,2018-08-14 04:15:11,2018-08-14 15:50:00,2018-08-20 22:55:41,2018-08-21,1,77530e9772f57a62c906e1c21538ab82,49.0,15.44,2018-08-16 04:15:11,RS,90410,PR,80310,4.6191203703703705,6.295613425925926,-0.0446643518518518,0,0,on_time,5.0,PR->RS
43e38490d21c8c490334f75c5a7c2861,2f368064b4e6646a7784a46b03b4bcbc,delivered,2017-12-31 21:17:54,2017-12-31 21:27:24,2018-01-02 20:17:58,2018-01-05 17:59:20,2018-02-01,1,ac3508719a1d8f5b7614b798f70af136,120.9,39.78,2018-01-05 21:27:24,SP,4126,RS,92030,1.9583796296296296,2.903726851851852,-26.250462962962963,0,0,on_time,5.0,RS->SP
96430a36fecfa20f1eace66e1a99709d,49474459ede7f8da6d91842919d03b77,delivered,2017-12-04 14:44:18,2017-12-05 04:18:35,2017-12-11 20:35:26,2017-12-13 16:17:04,2018-01-02,1,994f04b3718c2bab35c2adfa8afecd2a,149.7,45.33,2017-12-11 04:18:35,PR,80530,SP,13912,7.243842592592593,1.820578703703704,-19.32148148148148,0,1,on_time,4.0,SP->PR
d4483d3fe5bb19cb4dcfe5d9a0bd4604,a4006adf432fbcb1718231ca5a5ca743,delivered,2018-07-28 13:12:23,2018-07-28 13:44:35,2018-07-30 15:11:00,2018-08-02 21:46:43,2018-08-09,1,8a2d12a90e92f012ce5226fc6592b653,235.0,19.45,2018-07-31 13:44:35,SP,5004,PR,81210,2.0823726851851854,3.2748032407407406,-6.092557870370371,0,0,on_time,5.0,PR->SP
5b800317354eb792a46abe15d89f7e80,b8f565881f1a50af58715e189a337100,delivered,2017-12-16 19:50:06,2017-12-16 19:58:33,2017-12-19 23:04:44,2018-01-03 13:42:17,2018-01-15,1,cc419e0650a3c5ba77189a1882b7556a,53.99,14.13,2017-12-22 19:58:33,DF,72231,SP,9015,3.135162037037037,14.609409722222225,-11.428969907407408,0,0,on_time,5.0,SP->DF
378e9f1b518253964f1e82f349d90b7b,2d4f85e2a666df7f87ce6af544523dc3,delivered,2017-04-29 16:33:16,2017-04-29 16:45:17,2017-05-03 13:15:54,2017-05-16 12:25:53,2017-05-24,1,b76dba6c951ab00dc4edf0a1aa88037e,12.97,10.96,2017-05-08 16:45:17,SP,13178,SP,3237,3.862939814814815,12.965266203703704,-7.482025462962963,0,0,on_time,4.0,SP->SP
ed63e82cc089fa6625b919b6533ff7bc,d62fe8fd4137b91ddd653cccd56811b1,delivered,2017-11-22 09:16:35,2017-11-22 09:24:22,2017-11-22 21:42:57,2017-11-23 21:49:43,2017-12-04,1,080199a181c46c657dc5aa235411be3b,179.49,9.45,2017-11-28 09:24:22,SP,9726,SP,6097,0.5183101851851852,1.004699074074074,-10.090474537037036,0,0,on_time,5.0,SP->SP
e68ff101d8dda789b0846f5a65ae55b7,8bd0dae2017d7d539fca3d7455e79aad,delivered,2018-03-29 00:37:04,2018-03-29 00:50:19,2018-03-29 23:46:39,2018-04-23 21:59:34,2018-04-18,1,c0563dd588b775f2e37747ef6ad6c92c,109.9,19.74,2018-04-04 00:50:19,MG,36400,SP,9220,0.964988425925926,24.925636574074076,5.916365740740741,1,0,carrier,4.0,SP->MG
67df019d84e04f3b626f8ede2dce4517,ab5c2303fc45a52d03d5bb515e446980,delivered,2018-06-24 12:15:38,2018-06-26 05:15:22,2018-06-26 09:53:00,2018-08-20 18:34:54,2018-07-23,1,955fee9216a65b617aa5c0531780ce60,130.0,18.71,2018-06-28 05:15:22,RS,93260,SP,4782,1.900949074074074,55.36243055555556,28.77423611111111,1,0,carrier,3.0,SP->RS
05ad071b550b1cf2815e8bf3bec3291f,51883bf50149a3028f35341d1fc008e8,delivered,2017-04-27 12:57:18,2017-04-28 13:06:17,2017-05-02 13:51:27,2017-05-19 12:56:52,2017-06-07,1,85d9eb9ddc5d00ca9336a2219c97bb13,69.8,41.6,2017-05-08 13:06:17,PB,58305,MG,31255,5.037604166666667,16.96209490740741,-18.460509259259258,0,0,on_time,4.0,MG->PB
49d611a6db43f09965cd45ac828fc656,d7425df47f8b1f5432216fc66056e270,delivered,2018-05-06 11:23:15,2018-05-06 11:35:19,2018-05-08 15:03:00,2018-05-15 21:17:41,2018-05-29,1,5cbbd5a299cab112b7bf23862255e43e,149.33,25.18,2018-05-10 11:35:19,GO,72911,PR,83324,2.152604166666667,7.26019675925926,-13.112719907407408,0,0,on_time,4.0,PR->GO
ac08c0b67890296c7c7c10f34b81eea4,7105356dc50e5957845dba6fa7ab78c5,delivered,2018-02-08 18:36:31,2018-02-08 18:50:42,2018-02-10 04:16:43,2018-02-22 16:39:51,2018-03-13,1,00fc707aaaad2d31347cf883cd2dfe10,72.0,16.94,2018-02-20 17:50:42,RJ,23075,PR,87025,1.4029166666666666,12.516064814814817,-18.305659722222224,0,0,on_time,4.0,PR->RJ
9fb1ba3c276b463ddaf0f78a653cde06,cd1cea5e63d0c517d4b68e569e72e28d,delivered,2018-06-06 15:47:12,2018-06-06 16:14:13,2018-06-08 14:37:00,2018-06-15 12:32:41,2018-07-17,1,ea8482cd71df3c1969d7b9473ff13abc,29.98,18.23,2018-06-14 16:14:13,MG,36240,SP,4160,1.95125,6.913668981481481,-31.477303240740746,0,0,on_time,5.0,SP->MG
f33c74a1f0e8455e000cb264ce877e84,757e51fbcd39ef2a9315f39f4459e30b,delivered,2017-04-07 12:07:32,2017-04-08 02:43:45,2017-04-11 07:41:32,2017-04-17 13:05:09,2017-05-09,1,1caf283236cd69af44cbc09a0a1e7d32,8.99,17.78,2017-04-13 02:43:45,BA,45822,RJ,26020,3.8152777777777778,6.224733796296296,-21.454756944444444,0,0,on_time,5.0,RJ->BA
f0d4f9815268c8e208ba8441b85504ed,5e65b0c78a0bb8cfda4aaad93bb78d1e,delivered,2018-05-16 10:05:44,2018-05-17 02:55:38,2018-05-17 10:22:00,2018-05-24 11:22:09,2018-06-07,1,eb3071b9f0b0ddaa2df5ea130f09f26b,650.0,98.34,2018-05-23 02:55:38,MG,38840,SP,4281,1.0112962962962964,7.0417708333333335,-13.526284722222222,0,0,on_time,4.0,SP->MG
7c3568d42d0c0610c6a6c0f864d03b03,25191ba92200ad3022d457b2e5b8e64c,delivered,2017-11-24 23:31:10,2017-11-25 02:18:29,2017-11-28 00:09:00,2017-12-20 13:07:03,2017-12-20,1,4830e40640734fc1c52cd21127c341d4,45.99,15.1,2017-11-30 02:18:29,PR,83900,SP,3573,3.026273148148148,22.5403125,0.5465625,1,0,carrier,5.0,SP->PR
67df7d7a6bf05ffafc79fa2a771f9f6f,8a31acd6bdd796b96b5cde8325da7c41,delivered,2017-09-26 19:16:04,2017-09-26 19:46:10,2017-09-28 18:52:34,2017-10-03 22:19:56,2017-10-18,1,0db783cfcd3b73998abc6e10e59a102f,99.0,15.44,2017-10-02 19:46:10,RJ,22611,SP,11010,1.9836805555555557,5.14400462962963,-14.06949074074074,0,0,on_time,5.0,SP->RJ
49ca71290aca256140005165217e2644,57ea4ab67c545f039981125c28fbf3ed,delivered,2017-08-29 21:46:03,2017-08-31 04:31:21,2017-08-31 19:53:05,2017-09-14 17:33:19,2017-09-21,1,16090f2ca825584b5a147ab24aa30c86,40.0,25.63,2017-09-06 04:31:21,CE,62940,SP,12940,1.921550925925926,13.902939814814816,-6.268530092592592,0,0,on_time,5.0,SP->CE
d8c03aab0fec0814864f1ddfb5135698,ebc137c689bc832cc0e53dca8b02c5e8,delivered,2018-07-04 18:45:58,2018-07-05 16:13:12,2018-07-05 15:43:00,2018-07-13 21:37:44,2018-08-06,1,59b22a78efb79a4797979612b885db36,265.0,108.32,2018-07-11 09:31:59,RS,91788,MG,38414,0.8729398148148149,8.246342592592592,-23.098796296296296,0,0,on_time,1.0,MG->RS
ddc6faf8f6c347a8c369d7c2b7cc6989,c223939860940fd82bd05c7e02db0673,delivered,2018-05-29 11:59:12,2018-05-29 13:18:53,2018-06-05 12:34:00,2018-06-15 18:03:26,2018-07-04,1,e9779976487b77c6d4ac45f75ec7afe9,43.0,18.23,2018-06-06 13:18:53,PR,83085,SP,11701,7.024166666666667,10.228773148148148,-18.24761574074074,0,0,on_time,4.0,SP->PR
d2161542680b09e3ef892b3d50327e10,4f71227399d972deea2af2ac102a6b30,delivered,2017-12-15 19:04:09,2017-12-15 19:12:10,2017-12-20 14:07:10,2017-12-22 22:37:07,2018-01-10,1,8160255418d5aaa7dbdc9f4c64ebda44,122.9,13.2,2017-12-21 19:12:10,SP,12040,SP,14940,4.793761574074074,2.3541319444444446,-18.05755787037037,0,0,on_time,4.0,SP->SP
94f506e669de10a239ec04627d90eef4,d8b4a91c31ba22e95b3c98a326d3dbe0,delivered,2018-06-01 15:08:16,2018-06-02 03:31:52,2018-06-04 12:17:00,2018-06-13 20:52:38,2018-07-04,1,e9511df20ccd82658a30c37b7fb343af,21.1,14.44,2018-06-11 03:31:04,SP,7061,SP,17026,2.881064814814815,9.358078703703704,-20.13011574074074,0,0,on_time,5.0,SP->SP
a45c1f10d2a3a9e829ea9125e9e17aab,f393da6b32b8d8ab1d9b5914ffe322b9,delivered,2017-04-13 20:46:58,2017-04-13 21:02:16,2017-04-18 14:46:17,2017-05-22 16:16:43,2017-05-17,1,432c37c9dfba871172ec162e20118b8c,31.0,20.4,2017-04-19 21:02:16,PB,58038,DF,70235,4.749525462962963,34.06280092592593,5.678275462962963,1,0,carrier,1.0,DF->PB
11d2a4111b0de56991e1ccbeaf4eb0e8,07436d5d1e7122889991218e3e297c27,delivered,2017-03-08 17:14:18,2017-03-08 17:14:18,2017-03-09 10:21:30,2017-03-21 10:32:46,2017-03-31,1,3340ef1913fb70d28420f6ceb685c339,195.9,19.96,2017-03-14 17:14:18,MG,36080,PR,87040,0.7133333333333334,12.007824074074074,-9.560578703703705,0,0,on_time,5.0,PR->MG
f717c8f177b0e2927fb48196bc6b6383,a7f60f86d76ce82c5976dc7a4405b861,delivered,2018-07-23 21:19:59,2018-07-24 21:15:11,2018-07-25 15:04:00,2018-07-31 19:52:01,2018-08-14,1,d8c7ba53e7e38711eaef8c2849d6d2e1,29.99,22.14,2018-07-26 21:15:11,MG,30441,PR,87120,1.738900462962963,6.200011574074074,-13.172210648148148,0,0,on_time,5.0,PR->MG
0236711b7bfcba7479639be980c21128,f1078903d2e4453e0d1905618174a3dc,delivered,2017-06-14 16:19:07,2017-06-14 16:31:47,2017-06-23 08:57:42,2017-07-05 13:12:40,2017-07-17,1,7c67e1448b00f6e969d365cea6b010ab,259.99,66.63,2017-06-28 16:30:10,RJ,28909,SP,8577,8.693460648148148,12.177060185185184,-11.449537037037038,0,0,on_time,4.0,SP->RJ
8e3e95c75ca8b9168011d70008721a8e,5ef06f93b1fbac078908745ddf166733,delivered,2018-06-09 10:09:59,2018-06-09 10:31:47,2018-06-11 06:47:00,2018-06-18 23:05:10,2018-07-04,1,de722cd6dad950a92b7d4f82673f8833,149.9,25.18,2018-06-12 10:30:29,SP,6826,PE,51250,1.859039351851852,7.679282407407407,-15.038078703703704,0,0,on_time,5.0,PE->SP
412fccb2b44a99b36714bca3fef8ad7b,c6865c523687cb3f235aa599afef1710,delivered,2018-07-22 22:30:05,2018-07-23 12:31:53,2018-07-23 12:24:00,2018-07-24 19:26:42,2018-07-31,1,7681ef142fd2c19048da7430856b5588,102.0,38.88,2018-07-25 11:03:54,SP,7600,SP,7074,0.5791087962962963,1.2935416666666666,-6.189791666666666,0,0,on_time,5.0,SP->SP
d037016bf21257acf9413f8a2ee0fd09,57a05331e60fdf30d97f10a1327a1faf,delivered,2018-08-16 12:18:45,2018-08-16 12:35:45,2018-08-17 19:00:00,2018-08-21 00:31:40,2018-08-24,1,53e4c6e0f4312d4d2107a8c9cddf45cd,69.0,14.87,2018-08-21 12:31:39,SP,8430,SP,13920,1.2786458333333333,3.230324074074074,-2.978009259259259,0,0,on_time,5.0,SP->SP
ee3a623a32094351b321bdbb22394aac,3196c3beb3aa69cc28f80f8b91eea45b,delivered,2018-02-10 21:38:00,2018-02-10 21:50:34,2018-02-15 01:25:23,2018-03-01 14:42:46,2018-03-08,1,c826c40d7b19f62a09e2d7c5e7295ee2,122.99,15.61,2018-02-15 21:50:34,PR,87045,SP,7133,4.157905092592593,14.553738425925928,-6.386967592592592,0,0,on_time,4.0,SP->PR
a2226e6f6547ec94fb52d33362d58458,603f7c0d9ae8951348f59a7f8195e29c,delivered,2018-07-11 18:44:07,2018-07-12 11:55:16,2018-07-24 13:21:00,2018-07-27 13:58:26,2018-08-07,1,213b25e6f54661939f11710a6fddb871,79.9,19.75,2018-07-24 11:55:16,MG,35502,SP,13321,12.775613425925926,3.0259953703703704,-10.417754629629629,0,1,on_time,5.0,SP->MG
8d47ca771c5f1f48f545ecf4a7c85f82,fc056cb6f79dbf7ab1e6ea6ef66f7837,delivered,2017-08-08 21:12:42,2017-08-08 21:25:20,2017-08-11 18:32:28,2017-08-22 20:06:54,2017-09-01,1,d2374cbcbb3ca4ab1086534108cc3ab7,24.9,15.1,2017-08-16 21:25:20,RJ,26510,SP,14940,2.888726851851852,11.065578703703704,-9.161875,0,0,on_time,4.0,SP->RJ
1bc7434bd3185b311a6d4016a03ea06a,0a0c2a4fcc642872a37b8454f7c4df86,delivered,2017-12-12 08:20:07,2017-12-13 02:50:07,2017-12-21 22:09:54,2018-01-10 21:42:24,2018-01-15,1,7aa4334be125fcdd2ba64b3180029f14,86.99,17.86,2017-12-19 02:50:07,GO,76550,SP,18500,9.576238425925926,19.98090277777778,-4.095555555555555,0,1,on_time,2.0,SP->GO
eb4e51562354587d8ccd4285d45c644a,6981407d775ac7f40d61f925ce125766,delivered,2018-01-02 18:35:50,2018-01-02 18:51:20,2018-01-05 21:24:49,2018-01-08 18:19:33,2018-01-18,1,cab85505710c7cb9b720bceb52b01cee,69.9,7.78,2018-01-08 18:51:20,SP,5716,SP,2252,3.117349537037037,2.8713425925925926,-9.23642361111111,0,0,on_time,,SP->SP
cc4dea61bd3aaacb0780ccbc6ad94eaa,b8c6fffae992ef03298390ba7bbac0c9,delivered,2018-05-01 17:19:39,2018-05-01 17:35:14,2018-05-07 12:31:00,2018-05-18 01:12:03,2018-06-14,1,4869f7a5dfa277a7dca6462dcf3b52b2,102.0,18.59,2018-05-07 17:35:14,RJ,22723,SP,14840,5.799548611111111,10.528506944444445,-26.94996527777778,0,0,on_time,5.0,SP->RJ
721f02a8125f571ecbe34cb7073ff732,9cf1b362b8ee73821c5cf441d1fc577c,delivered,2018-02-10 18:21:51,2018-02-10 18:35:20,2018-02-19 15:16:56,2018-02-22 18:56:51,2018-03-09,1,31344c16881c08a8a72c6d2eb29918c1,219.9,36.6,2018-02-15 18:32:24,MG,30210,MG,36500,8.871585648148148,3.1527199074074077,-14.210520833333334,0,1,on_time,5.0,MG->MG
e0e918bb13679f116c452a05b47151e9,d5879d3a1c4afa3089af92330d2ba438,delivered,2018-05-30 20:33:52,2018-05-30 20:55:34,2018-06-07 14:14:00,2018-06-11 23:08:56,2018-07-17,1,7142540dd4c91e2237acb7e911c4eba2,84.9,13.95,2018-06-18 20:55:34,SP,11320,SP,16301,7.736203703703704,4.3714814814814815,-35.03546296296296,0,0,on_time,4.0,SP->SP
64da8ff64967de481400af6d6c0b059a,12ef340be64f76b4fbee7ea1209c6e9d,delivered,2018-06-13 11:36:16,2018-06-14 02:57:37,2018-06-14 10:18:00,2018-06-22 20:38:49,2018-07-17,1,6560211a19b47992c3666cc44a7e94c0,78.0,22.48,2018-06-18 02:57:37,MT,78280,SP,5849,0.945648148148148,8.431122685185185,-24.13971064814815,0,0,on_time,5.0,SP->MT
383730d8be253fb34891920a417f2861,456a071d45cbb3cc872071729ec31dd3,delivered,2017-08-01 11:12:08,2017-08-01 11:30:12,2017-08-08 02:19:44,2017-08-08 19:52:11,2017-08-14,1,6d66611d7c44cc30ce351abc49a68421,439.8,58.09,2017-08-07 11:30:12,SP,4040,SP,4378,6.630277777777778,0.7308680555555556,-5.172094907407407,0,1,on_time,3.0,SP->SP
76437a7cb17e400752d72fe54dd85c77,3dbfb74b6eb61aaf62c882772483577e,delivered,2018-05-04 18:40:40,2018-05-04 18:54:03,2018-05-07 15:25:00,2018-05-12 15:48:51,2018-05-30,1,da8622b14eb17ae2831f4ac5b9dab84a,219.9,27.62,2018-05-10 18:54:03,MG,38610,SP,13405,2.86412037037037,5.0165625,-17.34107638888889,0,0,on_time,1.0,SP->MG
52363fd30a7df27f6789c3d086f4aa0e,4515197a9cb2fa62285ccf9a2ccc148e,delivered,2017-06-18 20:46:13,2017-06-18 21:03:47,2017-06-22 16:23:04,2017-06-28 13:35:36,2017-07-17,1,cce6ab8d1682639fe45ab70234f1665f,34.9,16.6,2017-06-28 21:03:47,SP,5374,SP,81020,3.817256944444445,5.883703703703704,-18.433611111111112,0,0,on_time,5.0,SP->SP
4365613066af1c4cbe81160706a082f4,ab880a095ff46e861877d7b3dbac4e40,delivered,2017-11-15 11:28:58,2017-11-15 11:46:35,2017-11-17 12:38:59,2017-11-29 02:32:51,2017-12-08,1,a3a38f4affed601eb87a97788c949667,84.9,16.35,2017-11-21 11:46:35,SP,2022,SC,89204,2.048622685185185,11.579074074074072,-8.893854166666667,0,0,on_time,5.0,SC->SP
ed9a73914b6e0fca8d1b8939f2c41879,1f19186e80a1db14a79e2acf2f21fab2,delivered,2017-03-24 09:20:29,2017-03-24 09:30:20,2017-03-24 11:58:54,2017-06-02 16:43:53,2017-04-19,1,1b4c3a6f53068f0b6944d2d005c9fc89,169.9,25.01,2017-03-30 09:30:20,RJ,22621,SC,88730,0.110011574074074,70.19790509259259,44.6971412037037,1,0,carrier,1.0,SC->RJ
92e3a3bff7261e031fc2901b229ce73a,2446493153fbd0d91d59db97bd08daf3,delivered,2017-08-01 16:29:10,2017-08-02 03:04:12,2017-08-03 18:49:44,2017-08-07 14:26:02,2017-08-21,1,9c0e69c7bf2619675bbadf47b43f655a,199.0,13.73,2017-08-08 03:04:12,SP,11045,SP,12230,2.0976157407407405,3.816875,-13.398587962962964,0,0,on_time,4.0,SP->SP
f62d2e0e462fb59c81df0b389e883027,4aff0525ed33bb9584667eec7efa6d90,delivered,2018-04-20 12:59:47,2018-04-24 19:06:19,2018-04-20 22:48:39,2018-04-25 14:34:52,2018-05-17,1,620c87c171fb2a6dd6e8bb4dec959fc6,49.9,18.23,2018-04-26 13:31:45,SP,13205,RJ,25645,0.4089351851851852,4.657094907407408,-21.392453703703705,0,0,on_time,4.0,RJ->SP
f2cdef1ef7aa4977aec14761e7254580,087075f5ab05dc566937de205b5bc2a5,delivered,2017-07-18 13:36:06,2017-07-18 13:50:21,2017-07-24 19:59:29,2017-08-01 19:13:45,2017-08-16,1,1f50f920176fa81dab994f9023523100,59.9,17.67,2017-07-24 13:50:21,PR,87118,SP,15025,6.266238425925926,7.96824074074074,-14.19878472222222,0,1,on_time,4.0,SP->PR
e2bdd50123225ac6e08ff517b00fd06c,fe4869851c79359d114ba6ae40984e4f,delivered,2018-04-01 22:29:55,2018-04-01 23:10:15,2018-04-03 14:34:45,2018-04-17 17:06:38,2018-04-20,1,7142540dd4c91e2237acb7e911c4eba2,429.9,25.59,2018-04-05 23:10:15,ES,29300,SP,16301,1.6700231481481482,14.105474537037036,-2.2870601851851853,0,0,on_time,3.0,SP->ES
d01a489bb718b638df1e789951d37fbb,3d1e9ba476f69fa9d857a7be82e13d70,delivered,2018-01-08 21:30:43,2018-01-10 10:32:43,2018-01-10 18:36:36,2018-01-25 23:23:14,2018-02-05,1,9d4db00d65d7760644ac0c14edb5fd86,86.9,15.36,2018-01-16 03:32:27,MS,79822,SP,18025,1.879085648148148,15.199050925925926,-10.025532407407407,0,0,on_time,3.0,SP->MS
225c2d5256f969a58d04909cccbdbed0,6d0e4977b6c66f02151b69c461845724,delivered,2017-07-03 19:02:49,2017-07-03 19:15:19,2017-07-04 14:07:04,2017-07-19 22:11:25,2017-08-02,1,d12c926d74ceff0a90a21184466ce161,45.0,16.79,2017-07-07 19:15:19,MT,78880,SP,2634,0.7946180555555555,15.336354166666666,-13.075405092592591,0,0,on_time,4.0,SP->MT
50bc77ecaaa29748406a1e7fe4fe22fb,e5560d6c017f8554674633d6e42feb3f,delivered,2017-06-27 11:14:14,2017-06-27 11:50:16,2017-06-28 14:37:52,2017-07-03 14:19:30,2017-07-10,1,d91fb3b7d041e83b64a00a3edfb37e4f,104.0,10.14,2017-07-03 11:50:16,SP,6126,SP,11704,1.141412037037037,4.9872453703703705,-6.403125,0,0,on_time,5.0,SP->SP
a2c943e39eba3f96ca656df556454b97,8352b9acd7620d5a82aa132d4772a9ef,delivered,2017-04-09 21:04:04,2017-04-09 21:15:11,2017-04-10 09:10:44,2017-04-12 15:32:37,2017-05-04,1,620c87c171fb2a6dd6e8bb4dec959fc6,79.9,14.73,2017-04-13 21:15:11,SP,5128,RJ,25645,0.5046296296296297,2.2651967592592595,-21.35234953703704,0,0,on_time,5.0,RJ->SP
66af1a84775ac248038f2795aef60af5,5001b83bab940e176455b5f3d9d00c74,delivered,2018-05-13 17:29:53,2018-05-13 17:52:01,2018-05-17 15:06:00,2018-05-22 10:58:31,2018-06-05,1,d6b1ce66b035a475f00c017792ff9769,100.0,18.58,2018-05-17 17:52:01,GO,74775,SP,13327,3.9000810185185184,4.828136574074074,-13.54269675925926,0,0,on_time,5.0,SP->GO
d1f065890107e588fc08c57d20610f6b,773f482ab9464f99e7f8b5b93f92416e,delivered,2018-03-16 08:34:11,2018-03-20 03:30:36,2018-03-20 17:24:37,2018-03-27 18:48:44,2018-04-06,1,634964b17796e64304cadf1ad3050fb7,315.0,59.1,2018-03-26 03:30:36,PR,83215,RJ,21840,4.368356481481482,7.058414351851852,-9.216157407407408,0,0,on_time,1.0,RJ->PR
ccb305c5e4d5aba538319152fb92cd7f,b43190595a282dad80ccae2c10dd715a,delivered,2017-11-02 11:59:55,2017-11-04 05:45:53,2017-11-07 16:27:42,2017-11-16 14:51:43,2017-12-01,1,cca3071e3e9bb7d12640c9fbe2301306,49.09,16.11,2017-11-09 05:45:53,SC,89230,SP,14940,5.185960648148148,8.933344907407408,-14.380752314814815,0,0,on_time,4.0,SP->SC
a1471d3940933cabdf3944ff1c792e10,eb648c2532533aa0dca70acf983cc983,delivered,2017-08-17 20:53:01,2017-08-17 21:50:19,2017-08-21 20:39:55,2017-08-22 15:13:42,2017-08-30,1,f3b80352b986ab4d1057a4b724be19d0,79.0,12.26,2017-08-23 21:50:19,DF,70660,DF,71200,3.990902777777778,0.7734606481481482,-7.365486111111111,0,0,on_time,5.0,DF->DF
b36f3343300f81c5687549dbf17aee3c,bb9ceaa5b2382421b18145b311926f24,delivered,2017-07-12 09:24:20,2017-07-13 03:05:20,2017-07-13 15:11:55,2017-07-24 22:27:45,2017-08-11,1,bd0389da23d89b726abf911cccc54596,39.9,21.15,2017-07-19 03:05:20,CE,61650,DF,71691,1.2413773148148148,11.302662037037036,-17.0640625,0,0,on_time,4.0,DF->CE
fd6ae3b1149c4a3a920086befc628e3d,14a429268b2e70661e87c2be648a422f,delivered,2018-06-30 12:19:32,2018-07-05 16:26:52,2018-07-04 12:02:00,2018-07-10 23:19:36,2018-07-27,1,aafe36600ce604f205b86b5084d3d767,47.9,19.53,2018-07-05 04:31:45,SP,17060,SC,88115,3.987824074074074,6.470555555555555,-16.028055555555557,0,0,on_time,5.0,SC->SP
9403f186541e5cfa0b72d67be22cb81a,ba379abd49e420a1b7379e7047a63f67,delivered,2017-10-23 12:43:17,2017-10-25 02:07:13,2017-10-25 17:22:21,2017-11-03 16:48:07,2017-11-21,1,70a12e78e608ac31179aea7f8422044b,120.0,15.59,2017-10-31 02:07:13,RS,90040,SP,12327,2.193796296296296,8.976226851851852,-17.299918981481483,0,0,on_time,5.0,SP->RS
6351b80ae9f0c878fd15defcfc6926e7,a7d7e95328382975506f6286a7b6cb74,delivered,2017-09-12 21:44:56,2017-09-12 21:55:22,2017-09-13 18:26:54,2017-10-10 19:04:59,2017-10-10,1,3d871de0142ce09b7081e2b9d1733cb1,69.9,17.74,2017-09-18 21:55:22,RS,91540,SP,13232,0.8624768518518519,27.026446759259255,0.7951273148148148,1,0,carrier,4.0,SP->RS
daa4b4ce7bfba46a0325467bc139ee66,ee81a7cdb3e7d9cc610a17b7715bcc1f,delivered,2018-04-23 18:09:44,2018-04-25 03:55:31,2018-04-25 13:53:00,2018-05-07 22:31:45,2018-05-21,1,9f505651f4a6abe901a56cdc21508025,19.99,19.04,2018-05-02 03:55:31,PE,50020,SP,4102,1.821712962962963,12.360243055555555,-13.061284722222222,0,0,on_time,5.0,SP->PE
02661696e065aa02977870f3a87940ab,e3495901f796d61ae2604a9784306f61,delivered,2017-12-14 20:52:16,2017-12-14 20:59:28,2017-12-19 16:58:55,2017-12-21 19:16:26,2018-01-09,1,3d871de0142ce09b7081e2b9d1733cb1,79.0,13.57,2017-12-20 20:59:28,SP,13871,SP,13232,4.8379513888888885,2.095497685185185,-18.196921296296296,0,0,on_time,4.0,SP->SP
3e9c4deedb763bd5083a91afbc7c7257,bc05e5ea87ea7d4c3fb7acc1821c7ceb,delivered,2018-04-28 21:17:42,2018-04-28 21:32:33,2018-05-03 16:38:00,2018-05-30 20:37:41,2018-06-18,1,7d13fca15225358621be4086e1eb0964,115.0,37.5,2018-05-03 21:31:09,PA,68180,SP,14050,4.8057638888888885,27.16644675925926,-18.140497685185185,0,0,on_time,4.0,SP->PA
2ff5a9a440a7153c1eb3651f16f631c4,6faedef7d910ae07797891cf9e262af5,delivered,2018-02-17 12:10:19,2018-02-17 12:26:49,2018-02-23 17:36:55,2018-03-02 17:33:42,2018-03-12,1,1c129092bf23f28a5930387c980c0dfc,45.9,12.69,2018-02-22 11:26:49,SP,14680,SP,2972,6.226805555555556,6.997766203703704,-9.268263888888889,0,1,on_time,5.0,SP->SP
750ec067636ece1a4c163a6e1c764fe1,b84bb32b376bde3be1fcf5a1fec98b60,delivered,2018-04-05 13:35:58,2018-04-05 13:50:16,2018-04-06 22:41:41,2018-04-10 23:32:39,2018-04-20,1,da8622b14eb17ae2831f4ac5b9dab84a,39.9,9.26,2018-04-11 13:50:16,SP,3729,SP,13405,1.378969907407407,4.035393518518519,-9.018993055555557,0,0,on_time,5.0,SP->SP
a196d7c6ecd939360a6dfbee0ebacadb,0c8211ae93a1392896f80bf97ac79163,delivered,2018-02-14 20:06:59,2018-02-14 20:27:28,2018-02-16 01:35:22,2018-02-25 13:22:23,2018-03-13,1,0241d4d5d36f10f80c644447315af0bd,99.9,23.57,2018-02-20 19:27:28,MG,35519,PR,80330,1.2280439814814814,9.490983796296296,-15.442789351851852,0,0,on_time,4.0,PR->MG
130654953b9f4e7e9f1bd08b1b882bf4,78507601d58635378ae8d1b0fb325a0b,delivered,2018-05-04 19:56:10,2018-05-08 04:15:33,2018-05-08 13:04:00,2018-05-15 20:08:32,2018-05-29,1,0417b067eeab773d2f7061a726dc477f,129.99,59.2,2018-05-14 04:15:33,MG,35162,SC,89288,3.713773148148148,7.294814814814814,-13.16074074074074,0,0,on_time,4.0,SC->MG
38d1820172173a03d8163d806d3fd926,62e03ecf5dae004db358778553258677,delivered,2018-02-16 15:36:23,2018-02-16 15:47:24,2018-02-19 16:24:51,2018-02-20 16:59:40,2018-03-05,1,6560211a19b47992c3666cc44a7e94c0,69.0,7.78,2018-02-22 14:47:24,SP,11060,SP,5849,3.033657407407407,1.0241782407407407,-12.291898148148148,0,0,on_time,5.0,SP->SP
dedbecf3e315db42fb3c7437a18b12f9,aa0fdb919d596650d0ed20342912d61b,delivered,2017-09-22 11:32:20,2017-09-23 02:25:10,2017-09-27 18:38:18,2017-10-04 18:33:34,2017-10-19,1,dd533b429f380718b70ad9922c294bae,19.99,15.1,2017-09-28 02:25:10,MG,36774,SP,14781,5.295810185185185,6.996712962962963,-14.226689814814817,0,0,on_time,5.0,SP->MG
a6bd0e06851775efded00d296685e0e7,09c79853703c0506c3c48fe5c24ca574,delivered,2017-11-15 17:19:47,2017-11-16 17:15:48,2017-11-17 15:28:45,2017-11-23 16:06:49,2017-12-05,1,a1043bafd471dff536d0c462352beb48,89.99,22.77,2017-11-22 17:15:48,MG,30720,MG,37175,1.9228935185185183,6.026435185185186,-11.328599537037038,0,0,on_time,2.0,MG->MG
3fe4ba391eeff167bfdda2c590013b02,a09edf8c1e842e94805a206b3d73eed5,delivered,2018-06-13 11:21:18,2018-06-13 12:09:22,2018-06-13 14:52:00,2018-06-14 15:03:26,2018-06-25,1,fd386aa7bed2af3c7035c65506c9b4a3,99.0,7.95,2018-06-15 12:09:22,SP,1004,SP,4208,0.1463194444444444,1.0079398148148149,-10.37261574074074,0,0,on_time,5.0,SP->SP
9ce41d418568ba8baf957d5490932291,02acb517fba465aad1f1332faaf4b1b4,delivered,2018-03-13 10:49:33,2018-03-13 11:08:33,2018-03-16 20:18:36,2018-04-02 22:48:52,2018-03-29,1,b39d7fe263ef469605dbb32608aee0af,169.9,18.1,2018-03-19 11:08:33,SP,18150,SP,14940,3.3951736111111117,17.104351851851852,4.950601851851852,1,0,carrier,3.0,SP->SP
f522ddf23e3ce51e2ad669c0c55f75af,5adb76c2c749cc4021ffeb2d5a088c51,delivered,2018-03-08 09:46:24,2018-03-08 09:55:31,2018-03-08 19:36:23,2018-03-16 21:21:13,2018-04-04,1,bd0389da23d89b726abf911cccc54596,93.9,22.37,2018-03-14 09:55:31,RJ,27143,DF,71691,0.4097106481481481,8.072800925925925,-18.110266203703706,0,0,on_time,5.0,DF->RJ
508ecdaf77144e9b64870ae67db856fe,30f0e4aaa8fa99752adacfb62eaf6a27,delivered,2017-11-25 02:39:35,2017-11-25 04:15:31,2017-11-30 00:52:33,2017-12-05 19:17:28,2017-12-15,1,1f50f920176fa81dab994f9023523100,49.0,13.44,2017-11-30 04:15:31,SP,8656,SP,15025,4.925671296296296,5.76730324074074,-9.196203703703704,0,0,on_time,5.0,SP->SP
675c52d8dfa16aa7a3b12b6ad7466fbb,7d4b050bcbcbf1f4c538c28a4d45842b,delivered,2017-09-14 11:34:46,2017-09-14 11:50:20,2017-09-14 21:29:50,2017-09-26 19:48:40,2017-10-06,1,1835b56ce799e6a4dc4eddc053f04066,56.99,15.15,2017-09-20 11:50:20,SC,88210,SP,14940,0.4132407407407407,11.92974537037037,-9.174537037037036,0,0,on_time,4.0,SP->SC
42eb921de62fe52db1e8954ac9971384,5ea0ef1eba15b7f18658bf6792019bd7,delivered,2018-04-11 12:01:10,2018-04-12 08:35:31,2018-04-17 18:02:47,2018-04-24 18:03:00,2018-05-11,1,0b35c634521043bf4b47e21547b99ab5,99.9,18.58,2018-04-18 08:35:31,SP,13085,PR,84530,6.2511226851851855,7.000150462962963,-16.247916666666665,0,0,on_time,1.0,PR->SP
a8c7e8c088aabc1cd41eb0161f0c7757,9fe82e319a983fcac6e5ea245687ea71,delivered,2017-09-07 20:55:17,2017-09-07 21:10:12,2017-09-08 14:32:26,2017-09-17 16:49:10,2017-09-27,1,9674754b5a0cb32b638cec001178f799,15.9,16.11,2017-09-13 21:10:12,RJ,25955,SP,4438,0.7341319444444444,9.094953703703704,-9.299189814814817,0,0,on_time,4.0,SP->RJ
4b7472650d90b16f5169d774d1e32292,c9c813b7dbdf3fddd1e25b8581a58f19,delivered,2018-03-01 17:15:24,2018-03-01 17:30:37,2018-03-02 17:38:24,2018-03-05 16:57:09,2018-03-14,1,b839e41795b7f3ad94cc2014a52f6796,1060.0,19.98,2018-03-07 17:30:37,SP,11015,SP,9541,1.0159722222222225,2.9713541666666665,-8.293645833333333,0,0,on_time,5.0,SP->SP
11177b43d0995dfa2114ceefa2c0cc16,a64c6e8ef34e7fff66a93133937bcde2,delivered,2017-11-17 08:56:41,2017-11-22 02:56:30,2017-11-22 18:22:57,2017-12-21 20:08:33,2017-12-12,1,7e1fb0a3ebfb01ffb3a7dae98bf3238d,160.0,15.87,2017-11-28 02:56:30,PR,84010,SP,14403,5.39324074074074,29.07333333333333,9.839270833333334,1,0,carrier,1.0,SP->PR
5864382447def49f38f45e63da084b3b,0649a5d522a71ed3e9dab59ddd11d2de,delivered,2018-05-08 10:41:46,2018-05-08 10:56:15,2018-05-09 13:31:00,2018-05-14 19:22:31,2018-05-23,1,4a3ccda38b2129705f3fb522db62ca31,161.25,13.57,2018-05-11 10:56:15,SP,13457,SP,17504,1.1175231481481482,5.244108796296296,-8.19269675925926,0,0,on_time,5.0,SP->SP
5aadbda0877e0d99ba07f785cd29c362,d703cdda08125e2b263b92746af0f23c,delivered,2018-06-24 18:02:34,2018-06-24 18:15:17,2018-07-04 15:19:00,2018-07-06 15:18:37,2018-07-23,1,7c67e1448b00f6e969d365cea6b010ab,137.99,18.74,2018-07-06 18:15:17,SP,1527,SP,8577,9.886412037037037,1.999733796296296,-16.36207175925926,0,0,on_time,4.0,SP->SP
b9e94fdb4a15c04cbde632c381826608,bc9b1d17c0cea5e7ff2d2b42a184ea85,delivered,2017-08-16 15:31:02,2017-08-17 15:55:18,2017-08-18 14:45:38,2017-08-29 12:26:16,2017-09-14,1,7a67c85e85bb2ce8582c35f2203ad736,99.99,29.1,2017-08-23 15:55:18,TO,77300,SP,3426,1.9684722222222224,10.903217592592592,-15.48175925925926,0,0,on_time,5.0,SP->TO
719d3e99ac9883643ff9a790a2efe206,a0402041f21126e553b1a0ca676d95c8,delivered,2018-01-25 15:14:35,2018-01-25 15:40:52,2018-01-29 18:29:00,2018-02-06 20:55:00,2018-02-19,1,955fee9216a65b617aa5c0531780ce60,47.99,12.69,2018-01-31 15:31:38,SP,14900,SP,4782,4.135011574074074,8.10138888888889,-12.12847222222222,0,0,on_time,5.0,SP->SP
364d9b97d95d0b5128f8c03467a03f04,efe8a9fc12246a46b2b6ee7344b9d03b,delivered,2018-05-10 16:31:34,2018-05-10 16:58:45,2018-05-14 12:02:00,2018-05-17 19:05:34,2018-05-28,1,7a67c85e85bb2ce8582c35f2203ad736,89.99,13.92,2018-05-15 16:58:45,RJ,25655,SP,3426,3.812800925925926,3.2941435185185184,-10.204467592592591,0,0,on_time,5.0,SP->RJ
0596e04bc1e3bb1649cf6d1f8545e5eb,293ef520846cc863d3bf09df2e5245a0,delivered,2018-08-13 16:53:34,2018-08-13 17:10:09,2018-08-14 15:55:00,2018-08-22 00:02:37,2018-08-23,1,f205b1a3ca9a34e0f8a228bae6e4c7b3,247.0,88.32,2018-08-15 17:10:09,SP,18900,RS,94965,0.9593287037037036,7.338622685185185,-0.9981828703703703,0,0,on_time,5.0,RS->SP
2a1ceca1522e8bf484583ef111e921c4,96f1ea7875a9fcfee0be3af8015f48cd,delivered,2018-07-13 20:00:52,2018-07-13 20:10:22,2018-07-16 14:22:00,2018-08-09 02:17:19,2018-08-28,1,d91fb3b7d041e83b64a00a3edfb37e4f,37.99,20.99,2018-07-18 20:10:22,RJ,22760,SP,11704,2.764675925925926,23.496747685185184,-18.904641203703704,0,0,on_time,5.0,SP->RJ
c79f6f90ae7d5b3b63033215b568c827,a2275d6d5cd707a2bdc00b70b8098109,delivered,2017-10-27 05:10:43,2017-10-27 05:25:59,2017-11-07 15:19:14,2017-11-13 18:48:42,2017-11-16,1,70a12e78e608ac31179aea7f8422044b,15.0,11.85,2017-11-03 05:25:59,SP,3317,SP,12327,11.42258101851852,6.145462962962963,-2.216180555555556,0,1,on_time,3.0,SP->SP
d40516d201a6c180696f31d77ca651ac,8f8218f15015d63e71aea6a68d9e1b67,delivered,2018-03-13 21:58:21,2018-03-13 22:40:24,2018-03-23 20:38:46,2018-04-06 19:51:34,2018-05-03,1,343e716476e3748b069f980efbaa294e,125.7,42.89,2018-03-19 22:30:41,RN,59670,SP,13033,9.944733796296296,13.967222222222222,-26.172523148148148,0,1,on_time,5.0,SP->RN
3ab84542ab355348729b9f7e564a1acc,d9d9c4fea862af756c73e9d0f4a48e02,delivered,2018-05-18 20:50:09,2018-05-18 21:14:29,2018-05-22 14:55:00,2018-06-06 23:54:43,2018-06-18,1,1025f0e2d44d7041d6cf58b6550e0bfa,230.0,61.37,2018-05-22 21:14:29,RS,93950,SP,3204,3.753368055555556,15.37480324074074,-11.003668981481482,0,0,on_time,5.0,SP->RS
af4ba52bdae047d914272a2625e97f91,282886fbc1ecb089773a8b5199e59bcb,delivered,2018-02-01 11:01:53,2018-02-03 02:53:29,2018-02-05 18:05:31,2018-02-23 16:49:07,2018-03-08,1,7a67c85e85bb2ce8582c35f2203ad736,229.99,24.48,2018-02-08 02:53:29,BA,45263,SP,3426,4.294189814814815,17.946944444444444,-12.299224537037038,0,0,on_time,3.0,SP->BA
54f3086920092b6c1d80c5db5361e937,69c3e5e099f5f6ea81925e12ae4156b1,delivered,2018-04-30 11:07:12,2018-04-30 11:35:24,2018-04-30 11:08:00,2018-05-07 19:37:49,2018-05-18,1,89a51f50b8095ea78d5768f34c13a76f,193.5,19.23,2018-05-07 11:30:39,GO,75905,DF,71931,0.0005555555555555,7.354039351851852,-10.18207175925926,0,0,on_time,5.0,DF->GO
57bd0d9a24b420066185065cfa67a5f3,e74f4364ae7a46eaa11d44e3bf02498f,delivered,2017-12-21 13:39:56,2017-12-23 02:17:37,2017-12-27 17:35:23,2018-01-08 18:44:56,2018-01-16,1,7008613ea464bad5cb9b83456e1e6a8f,58.0,18.21,2017-12-29 02:17:37,SC,88054,SC,89460,6.163506944444444,12.048298611111113,-7.218796296296296,0,0,on_time,5.0,SC->SC
e061acbc3114d57440a7250db18b4e0a,a03432ab233435f6c640fd5cc7ef3072,delivered,2018-03-23 09:47:07,2018-03-26 06:27:33,2018-03-26 16:47:32,2018-04-04 16:54:35,2018-04-18,1,1d4587203296c8f4ad134dc286fa6db0,557.8,48.02,2018-03-30 06:27:33,PE,53437,SP,5101,3.2919560185185186,9.004895833333334,-13.29542824074074,0,0,on_time,5.0,SP->PE
b552e7e48327a9776efb1977f8a49a18,f2b16ed068625074fc2afe402df81384,delivered,2017-05-17 09:27:03,2017-05-17 10:02:05,2017-05-17 15:00:43,2017-05-22 09:46:41,2017-06-07,1,4a3ca9315b744ce9f8e9374361493884,89.9,12.13,2017-05-24 09:42:24,SP,4011,SP,14940,0.2317129629629629,4.7819212962962965,-15.59258101851852,0,0,on_time,1.0,SP->SP
ef8bdca46820c9cd351e4f5fefb66673,db51f35aad5e37b5e416f74bcbb17143,delivered,2017-12-26 10:34:00,2017-12-26 10:46:36,2017-12-26 19:28:44,2017-12-30 13:54:22,2018-01-19,1,3d871de0142ce09b7081e2b9d1733cb1,79.0,13.57,2018-01-02 10:46:36,SP,4438,SP,13232,0.3713425925925926,3.767800925925926,-19.420578703703704,0,0,on_time,3.0,SP->SP
bced6994157f0832d51623583ac46719,19b963ff5c5aacf997da7ea79cd8e530,delivered,2017-05-02 20:17:25,2017-05-03 15:31:38,2017-05-05 13:46:58,2017-05-09 11:52:35,2017-05-25,1,94144541854e298c2d976cb893b81343,51.9,14.53,2017-05-09 12:31:27,SC,88354,RS,94451,2.728854166666667,3.92056712962963,-15.505150462962964,0,0,on_time,1.0,RS->SC
f64e25d4978b16757ebf945e3e00b85e,48bad7bb9763159799f5067cbd3dfffb,delivered,2017-10-01 23:39:26,2017-10-03 04:05:11,2017-10-06 22:44:57,2017-10-13 20:12:20,2017-10-26,1,6f892e20a171e98efe17fdb971ff319b,70.9,14.25,2017-10-11 04:05:11,RJ,22710,SP,8270,4.962164351851852,6.894016203703703,-12.158101851851852,0,0,on_time,5.0,SP->RJ
bce3d004aa51086cc5b0e1ce2db91884,0b8dc09e81f7b523bc035c545cd46c4b,delivered,2018-08-21 09:48:01,2018-08-21 10:10:19,2018-08-22 11:40:00,2018-08-28 19:36:45,2018-09-10,1,cc63f0dd2acba93ffed4fe9f8e0321fa,115.99,27.11,2018-08-24 10:10:19,MG,31030,SP,15025,1.0777662037037037,6.331076388888889,-12.1828125,0,0,on_time,3.0,SP->MG
ba3d396e10bb9cca83f450f0ff8c8dca,146988d07b6d5ff6b0fc85ba6e63e60e,delivered,2017-10-19 22:09:22,2017-10-19 22:28:05,2017-10-20 19:32:52,2017-10-25 13:56:01,2017-11-08,1,218d46b86c1881d022bce9c68a7d4b15,128.56,13.92,2017-10-26 22:28:05,SP,6390,SP,14070,0.8913194444444444,4.766076388888889,-13.41943287037037,0,0,on_time,1.0,SP->SP
ca98a7276eda33f339281b1eb1828d64,87eafdd6652dcec2a357beb6263c11bd,delivered,2017-11-25 14:04:11,2017-11-25 14:17:38,2017-11-29 21:07:10,2017-12-15 16:39:19,2017-12-15,1,1f50f920176fa81dab994f9023523100,98.0,26.88,2017-11-30 14:17:38,SP,5890,SP,15025,4.293738425925926,15.813993055555557,0.6939699074074074,1,0,carrier,5.0,SP->SP
332406cc34a6bcc1ade93cae9e11ab06,0f9de5340f8ca84a67a3fc4e971965cb,delivered,2018-07-07 14:02:43,2018-07-10 08:45:18,2018-07-10 17:39:00,2018-07-12 17:04:27,2018-07-19,1,ea8482cd71df3c1969d7b9473ff13abc,24.99,7.44,2018-07-12 08:45:18,SP,1207,SP,4160,3.1501967592592592,1.9760069444444444,-6.288576388888889,0,0,on_time,1.0,SP->SP
36e980f3cbdf9a14bd099f32b2e46ee7,968e2eb4991b10dd284390b31df9d4f7,delivered,2018-08-10 15:51:24,2018-08-10 16:05:12,2018-08-21 13:47:00,2018-08-24 23:21:58,2018-09-14,1,beadbee30901a7f61d031b6b686095ad,95.0,15.77,2018-09-03 16:05:12,MG,31110,SP,7097,10.913611111111113,3.3992824074074077,-20.02641203703704,0,0,on_time,5.0,SP->MG
22d6af278bac655b75f102132b019564,6723612930282cb0c95e7558a28cd72b,delivered,2018-06-17 09:49:56,2018-06-17 10:19:29,2018-06-19 06:42:00,2018-06-30 18:18:29,2018-07-17,1,0cbcee27c791afa0cdcb08587a2013a8,115.0,23.61,2018-06-21 10:19:29,RJ,25740,MG,37410,1.8694907407407408,11.48366898148148,-16.237164351851852,0,0,on_time,4.0,MG->RJ
53170b475d08133ec3081a6e41410b57,0977b161f34aad39d8f289631682299a,delivered,2018-04-24 20:50:41,2018-04-24 21:12:51,2018-04-27 14:26:00,2018-04-30 16:22:16,2018-05-08,1,e067ad2c1c0b48758eb1b5228bcf7a68,45.0,8.82,2018-05-01 21:12:51,SP,1123,SP,11045,2.732858796296296,3.080740740740741,-7.31787037037037,0,0,on_time,5.0,SP->SP
a7b06f5455e9b377522cc7e8e41551a3,25cd1ce8cf78214600e04bef9b51bc17,delivered,2017-12-26 09:09:25,2017-12-26 09:19:20,2018-01-03 18:04:22,2018-01-09 19:34:39,2018-01-24,1,afe0067131b73e40875c9b6c10bd2e21,114.9,21.29,2018-01-02 09:19:20,SP,9571,MG,35590,8.371493055555556,6.062696759259259,-14.184270833333333,0,1,on_time,5.0,MG->SP
db2351cb5d7dbd5c45ac607d32f2cb9b,eb3203704b8613482fed4eb17ea5d66a,delivered,2018-01-25 11:11:12,2018-01-26 03:16:31,2018-01-26 19:52:44,2018-01-29 15:48:31,2018-02-19,1,259f7b5e6e482c230e5bfaa670b6bb8f,54.9,13.4,2018-02-01 03:16:31,SP,8940,SP,8550,1.3621759259259258,2.8304050925925925,-20.34130787037037,0,0,on_time,5.0,SP->SP
276084656b724c65551708d92d73222a,b7d9c5d7fe96cf3ef5172689d74482f9,delivered,2018-03-05 07:16:50,2018-03-05 07:48:27,2018-03-06 10:04:08,2018-03-19 12:16:46,2018-03-21,1,c68fb906c8f4b4b946d8386bfa6e5467,118.88,13.17,2018-03-09 07:48:27,SP,17209,SP,14870,1.1161805555555555,13.092106481481482,-1.4883564814814816,0,0,on_time,5.0,SP->SP
1c009b90a698d21d53fcda6aee401ad4,2a05b113978f1620a688760fa3873b8d,delivered,2018-06-18 22:17:30,2018-06-18 22:37:08,2018-06-20 12:27:00,2018-06-25 14:04:49,2018-07-11,1,4869f7a5dfa277a7dca6462dcf3b52b2,169.9,13.85,2018-06-21 22:31:39,SP,9663,SP,14840,1.5899305555555556,5.06792824074074,-15.41332175925926,0,0,on_time,5.0,SP->SP
f19aee0ec494fa468b59ae57ea6af345,7bdbb95d68b7d4edfe5fb9173398fdb0,delivered,2018-08-20 07:36:53,2018-08-20 14:11:42,2018-08-22 05:56:00,2018-08-29 18:51:30,2018-09-12,1,fd435faa3c0422b60440ea3480d0e77c,749.0,133.87,2018-08-23 14:11:12,RJ,21321,PB,58073,1.9299421296296293,7.538541666666666,-13.214236111111113,0,0,on_time,5.0,PB->RJ
f1411a1d5c32efefafd71fce9773de51,633d1bcc302d769ba3f9da7d010d74b2,delivered,2017-06-29 20:08:14,2017-06-29 20:23:50,2017-06-30 14:23:48,2017-07-14 12:07:45,2017-07-25,1,7e93a43ef30c4f03f38b393420bc753a,269.0,17.64,2017-07-05 20:23:50,ES,29306,SP,6429,0.7608101851851852,13.905520833333334,-10.494618055555556,0,0,on_time,5.0,SP->ES
57cd49d9c9567c5ef10439c81f9a1836,afabf3402c99e06da0fa8bf433929d5f,delivered,2018-07-18 17:56:25,2018-07-18 18:05:21,2018-07-19 13:01:00,2018-07-21 13:12:25,2018-07-26,1,6560211a19b47992c3666cc44a7e94c0,49.0,7.6,2018-07-20 18:05:21,SP,13057,SP,5849,0.7948495370370371,2.007928240740741,-4.449710648148148,0,0,on_time,5.0,SP->SP
29b864f0e9959e828d0be8a00fba46bc,6e7327737d52fc646245974b828201e7,delivered,2017-07-15 18:40:54,2017-07-15 18:55:15,2017-07-17 21:46:46,2017-08-25 15:49:33,2017-08-16,1,7e93a43ef30c4f03f38b393420bc753a,229.99,36.93,2017-07-20 18:55:15,AL,57620,SP,6429,2.129074074074074,38.75193287037037,9.659409722222222,1,0,carrier,,SP->AL
38396b4cf6f7c64870a71804f18641bd,c9dd71ec6612ba575fa2917595bed09f,delivered,2018-03-01 14:45:26,2018-03-02 02:10:51,2018-03-02 17:49:26,2018-03-28 22:48:47,2018-03-22,1,da8622b14eb17ae2831f4ac5b9dab84a,99.9,17.95,2018-03-08 02:10:51,MG,39570,SP,13405,1.1277777777777778,26.207881944444445,6.950543981481482,1,0,carrier,5.0,SP->MG
5a9119d91afaa4185d778d886309889f,51bb6ad388ce6731e45f77e1392457d8,delivered,2017-12-26 12:11:27,2017-12-27 04:07:02,2017-12-27 21:39:11,2018-01-12 23:02:50,2018-01-31,1,da8622b14eb17ae2831f4ac5b9dab84a,29.9,16.79,2018-01-03 04:07:02,MT,78800,SP,13405,1.3942592592592593,16.05809027777778,-18.039699074074075,0,0,on_time,5.0,SP->MT
76a095b03f5bf762b7cc1befb3e5badc,af34d61810503cb4dccfa3bb75ea0444,delivered,2018-02-26 20:35:44,2018-02-26 21:08:46,2018-02-27 23:56:58,2018-03-02 02:49:04,2018-03-12,1,080199a181c46c657dc5aa235411be3b,358.98,18.9,2018-03-04 21:08:46,SP,4249,SP,6097,1.1397453703703704,2.1195138888888887,-9.882592592592593,0,0,on_time,4.0,SP->SP
156824260a71270937eda941cd291a58,f6478d7616405f3c9d14a3654ab9b0cb,delivered,2017-10-14 18:11:37,2017-10-14 18:28:14,2017-10-16 20:00:04,2017-10-20 21:41:58,2017-11-10,1,dc317f341ab0e22f39acbd9dbf9b4a1f,249.9,74.7,2017-10-19 19:28:14,SP,13400,RS,94910,2.0753125,4.070763888888889,-20.09585648148148,0,0,on_time,4.0,RS->SP
9053095d6a8816107d406e70df00efd0,73fae0f59caf72aeb4c69ad3ad534c44,delivered,2017-05-22 17:00:19,2017-05-22 17:15:09,2017-05-26 09:41:27,2017-06-07 13:31:41,2017-06-22,1,1900267e848ceeba8fa32d80c1a5f5a8,40.99,16.79,2017-05-26 17:15:09,BA,47400,SP,14940,3.6952314814814815,12.15988425925926,-14.43633101851852,0,0,on_time,5.0,SP->BA
d709f76aa4bb3f06603642d3a70bc3ee,fe88b90bb0bbd4d74fd7312f8608cd9c,delivered,2018-05-13 08:13:53,2018-05-15 04:35:18,2018-05-16 06:12:00,2018-05-19 15:35:28,2018-06-07,1,391fc6631aebcf3004804e51b40bcf1e,39.99,9.66,2018-05-21 04:35:18,MG,31515,SP,14940,2.9153587962962964,3.3912962962962965,-18.35037037037037,0,0,on_time,5.0,SP->MG
1739d90a28929b4a2dac3625b2a4d4d1,e98f0d8792d9c8c99ecaca12bbb15665,delivered,2018-08-20 20:17:19,2018-08-20 20:30:16,2018-08-21 16:55:00,2018-08-22 17:24:44,2018-08-24,1,5a413ade68e8f8d93071a7f52a64cb9e,55.0,11.41,2018-08-22 20:30:16,SP,8664,SP,3679,0.8595023148148148,1.0206481481481482,-1.2744907407407406,0,0,on_time,5.0,SP->SP
4adf97ca6d3e14379dd9e26d2a6335e0,5a799d964e08de8aba5211f380a2d988,delivered,2018-03-18 18:21:20,2018-03-20 03:30:41,2018-03-26 15:14:41,2018-03-28 20:34:35,2018-03-29,1,4c2b230173bb36f9b240f2b8ac11786e,15.9,7.39,2018-03-26 03:30:41,SP,3021,SP,3933,7.8703819444444445,2.2221527777777776,-0.1426504629629629,0,1,on_time,5.0,SP->SP
6a9cfa8ed7b1cbe09dfe3dbba0f4d8f0,3ac6190e2e6af7f7d665fc803bcadb4b,delivered,2017-07-18 17:52:37,2017-07-18 18:05:57,2017-07-21 19:32:25,2017-07-31 20:15:51,2017-08-09,1,9c0e69c7bf2619675bbadf47b43f655a,498.8,35.02,2017-07-24 18:05:57,MG,30160,SP,12230,3.069305555555556,10.030162037037035,-8.155659722222222,0,0,on_time,5.0,SP->MG
cc6084f06931be9f36e97f21edc3c5a0,ddf1e2420f62d79dc8f639b3a750241a,delivered,2018-07-30 10:32:02,2018-07-31 03:44:26,2018-07-31 11:28:00,2018-08-10 16:30:50,2018-08-20,1,8e8a7ce9f2f970dc00e2acf6f6e199f6,129.0,37.81,2018-08-02 03:44:26,TO,77809,RJ,24710,1.038865740740741,10.210300925925926,-9.311921296296296,0,0,on_time,5.0,RJ->TO
dc0ca34b53f7a8ca4217e1dd6b32496e,c5e9fffc86cfd08b334b8926e15212ec,delivered,2018-05-22 12:43:25,2018-05-22 12:56:29,2018-05-23 13:41:00,2018-06-07 20:18:51,2018-06-14,1,28f10b1c5e5abb9d4857745bede6147c,12.0,18.23,2018-05-28 12:56:29,RS,97511,SP,4250,1.039988425925926,15.276284722222222,-6.153576388888889,0,0,on_time,5.0,SP->RS
0e1628ef32043a2e0c0d7152af698bd1,43798f254097cd1ae79c084d3c697ee3,delivered,2017-05-01 10:30:43,2017-05-01 10:42:46,2017-05-04 11:52:59,2017-05-08 07:42:07,2017-05-23,1,0ee4fb99ac55ffbbc98795aa01b7f8fa,59.9,11.03,2017-05-05 10:42:46,SP,6533,SP,6539,3.057129629629629,3.825787037037037,-14.679085648148147,0,0,on_time,5.0,SP->SP
1aefa599718889d91d33240e5b8eb62e,6a42e10379280f1290c9d5cfbe39b3f4,delivered,2018-03-23 11:43:24,2018-03-23 11:55:30,2018-03-24 00:07:49,2018-04-02 22:07:30,2018-04-18,1,2dee2ce60de9709b1a24083217181a1f,145.0,57.56,2018-03-29 11:55:30,SP,6436,MT,78552,0.5169560185185185,9.91644675925926,-15.078125,0,0,on_time,4.0,MT->SP
201f31fb8c21cbe559ac45d1de5f4392,c4c271a679216c43812602c08b2104cd,delivered,2017-02-27 15:39:41,2017-02-27 15:50:17,2017-03-01 11:06:01,2017-03-14 15:47:50,2017-04-06,1,7e93a43ef30c4f03f38b393420bc753a,1591.2,35.63,2017-03-08 15:50:17,PA,68695,SP,6429,1.809953703703704,13.195706018518518,-22.341782407407408,0,0,on_time,5.0,SP->PA
43c6a6a7096ab15a3baa2438ce460cfc,2d0402de72b302a2627bfbf8a1e7ea93,delivered,2017-08-11 17:54:46,2017-08-15 03:43:56,2017-08-15 23:33:20,2017-08-17 20:27:46,2017-09-12,1,850f4f8af5ea87287ac68de36e29107f,499.9,19.75,2017-08-21 03:32:41,RJ,22730,SP,4367,4.235115740740741,1.8711342592592592,-25.14738425925926,0,0,on_time,5.0,SP->RJ
2db72c1513eb12a34d183d40a7291014,9691726baec5a32ce2780c8a4f40e0ad,delivered,2018-02-18 06:27:27,2018-02-20 07:15:38,2018-02-21 20:46:58,2018-03-12 17:48:31,2018-03-19,1,cc419e0650a3c5ba77189a1882b7556a,84.99,16.35,2018-02-27 07:15:38,SC,88400,SP,9015,3.596886574074074,18.87607638888889,-6.257974537037037,0,0,on_time,5.0,SP->SC
efa247c04ccbd33d0ddfdcd3817466a9,2c0d19a3ca20bb61b938eacf22b6b6dd,delivered,2017-11-15 16:26:01,2017-11-17 10:50:54,2017-11-17 20:56:42,2017-12-01 18:38:57,2017-12-11,1,77530e9772f57a62c906e1c21538ab82,129.0,25.45,2017-11-23 10:50:54,TO,77020,PR,80310,2.187974537037037,13.904340277777775,-9.22295138888889,0,0,on_time,4.0,PR->TO
4ef4d5ad1ca0e17cc5c92da8acbb0773,91776ece9ccbf384df0fd53452fa70c8,delivered,2018-03-24 18:18:07,2018-03-27 03:49:39,2018-03-27 20:16:54,2018-04-02 22:28:55,2018-04-13,1,6d803cb79cc31c41c4c789a75933b3c7,135.0,15.04,2018-04-03 03:49:39,SP,4378,SP,14600,3.0824884259259258,6.091678240740741,-10.063252314814816,0,0,on_time,5.0,SP->SP
04fa206258b069b5900dd56e6cc87a63,984cf72312d65695c494a2d60d43857e,delivered,2018-04-02 10:54:09,2018-04-03 05:30:19,2018-04-04 17:26:33,2018-04-17 01:46:42,2018-05-07,1,cc419e0650a3c5ba77189a1882b7556a,79.99,15.38,2018-04-11 05:30:19,RJ,22640,SP,9015,2.2725,12.347326388888888,-19.92590277777778,0,0,on_time,3.0,SP->RJ
a69dad4842fde907809ea35902495cc2,616c8cb69ad12f64082e7b3dbb197182,delivered,2018-04-04 22:40:52,2018-04-04 22:55:10,2018-04-05 19:42:03,2018-04-13 19:43:36,2018-04-27,1,1d29dfba02015238dfbe2449a5eaa361,52.9,13.49,2018-04-10 22:55:10,MG,36021,MG,36576,0.8758217592592593,8.001076388888889,-13.178055555555556,0,0,on_time,5.0,MG->MG
cd1c8a9edd4e0f98b94e0080a2190f30,ae91fd713e14354b12b7435eeaccaacd,delivered,2018-07-04 09:25:28,2018-07-06 02:55:10,2018-07-06 10:32:00,2018-07-11 12:54:35,2018-08-01,1,77530e9772f57a62c906e1c21538ab82,59.9,19.61,2018-07-10 02:55:10,SP,14150,PR,80310,2.0462037037037035,5.099016203703704,-20.46209490740741,0,0,on_time,5.0,PR->SP
42d79478d8d834670fe17dfe07f5b581,7f67b155a0f106bbc33e66c52f71db79,delivered,2018-06-28 11:19:40,2018-06-28 11:35:13,2018-06-29 12:09:00,2018-07-09 18:34:50,2018-07-30,1,f457c46070d02cadd8a68551231220dd,89.9,22.56,2018-07-03 11:31:49,RJ,25850,PR,87047,1.0342592592592592,10.267939814814817,-20.225810185185185,0,0,on_time,4.0,PR->RJ
56142b6c34c40cccb3e3ee8308a4ae76,50202490acea34225b1af5cdd25f4326,delivered,2018-01-11 21:28:50,2018-01-11 21:44:29,2018-01-12 23:42:54,2018-01-16 18:51:50,2018-01-30,1,1e8b33f18b4f7598d87f5cbee2282cc2,59.9,28.9,2018-01-17 21:44:29,SP,12214,SP,2066,1.0931018518518518,3.7978703703703705,-13.21400462962963,0,0,on_time,5.0,SP->SP
4ea05bc522773f72fea5dd4de1f546e9,cb2559f845c75418909740bd35463398,delivered,2018-07-31 17:04:29,2018-07-31 18:30:52,2018-08-01 13:51:00,2018-08-06 17:32:37,2018-08-10,1,640e21a7d01df7614a3b4923e990d40c,66.55,14.78,2018-08-02 18:00:20,SP,1140,SP,14940,0.8656365740740741,5.153900462962963,-3.269016203703704,0,0,on_time,4.0,SP->SP
eaf073079dbf6ebac22213d250816e2b,5e29e0b952356ea899ee11dcd5548af4,delivered,2017-08-14 12:10:22,2017-08-14 12:24:08,2017-08-15 12:17:56,2017-08-16 15:59:36,2017-08-25,1,f0e103c63864d5405b958d984b6e94c9,19.9,7.78,2017-08-18 12:24:08,SP,4127,SP,6150,1.0052546296296296,1.1539351851851851,-8.33361111111111,0,0,on_time,5.0,SP->SP
ebb9db2cf338e9643c0335094dcd0299,017245b7b19b3dc589ca95daf778253f,delivered,2017-09-28 21:04:34,2017-09-28 21:25:05,2017-10-02 19:19:08,2017-10-11 18:03:10,2017-10-26,1,1ca7077d890b907f89be8c954a02686a,45.0,15.1,2017-10-04 21:25:05,PR,83880,SP,6506,3.926782407407408,8.94724537037037,-14.247800925925926,0,0,on_time,5.0,SP->PR
c9ffd64db3f411822cf589bc1a567f0a,866b82dbabf18484e4bfbb565e1facd9,delivered,2018-02-12 10:02:41,2018-02-12 10:40:25,2018-02-14 20:15:08,2018-02-15 19:14:10,2018-02-26,1,38af8acfd46ac4a7bf754e8ca6736664,59.0,7.78,2018-02-16 10:10:37,SP,6542,SP,4364,2.4253125,0.957662037037037,-10.19849537037037,0,0,on_time,4.0,SP->SP
74538272adfc2f280e36afa024395915,55629bd5a2549b657d28239623b50507,delivered,2018-04-20 20:31:49,2018-04-24 19:25:21,2018-04-24 22:26:46,2018-04-25 22:51:47,2018-05-11,1,16090f2ca825584b5a147ab24aa30c86,27.9,7.87,2018-04-30 04:30:59,SP,4415,SP,12940,4.079826388888889,1.0173726851851852,-15.047372685185184,0,0,on_time,5.0,SP->SP
f1b19188d070474e6b24f5e12da6ef4c,44485248f680a12db8e824608a32de41,delivered,2017-12-01 13:46:43,2017-12-01 13:58:50,2017-12-06 21:28:33,2017-12-12 16:33:46,2017-12-29,1,2a6fbeaa7ab9e5d59a35841a8da71ce4,48.9,17.6,2017-12-07 13:58:50,SP,4552,SC,89259,5.320717592592593,5.795289351851852,-16.30988425925926,0,0,on_time,4.0,SC->SP
d26fc4e0de94625d635210111725c127,e9d30d5067a204ddfa459c50d6311fc7,delivered,2018-08-03 14:09:35,2018-08-03 14:43:53,2018-08-03 16:24:00,2018-08-06 15:28:31,2018-08-10,1,f0b47fbbc6dee9aafe415a6e33051b3f,29.99,8.37,2018-08-09 14:31:42,SP,3034,SP,9360,0.0933449074074074,2.961469907407408,-3.3551967592592598,0,0,on_time,5.0,SP->SP
134bf8fea9ec1583380780902cf0dc7c,eb9d421f7be3e97e79fe131c5f463fab,delivered,2018-03-12 20:27:57,2018-03-15 11:15:31,2018-03-15 21:11:42,2018-03-17 13:03:14,2018-03-22,1,d650b663c3b5f6fb392b6326366efa9a,249.0,8.61,2018-03-21 11:15:31,SP,13045,SP,6713,3.0303819444444446,1.660787037037037,-4.456087962962963,0,0,on_time,5.0,SP->SP
106021b63b35ce83c864c1a39f0c8937,7685918f2b5285f1d3b3d8dd381b5de9,delivered,2017-06-22 11:43:02,2017-06-22 11:55:21,2017-06-27 09:08:21,2017-07-03 12:10:29,2017-07-14,1,4869f7a5dfa277a7dca6462dcf3b52b2,157.99,12.61,2017-06-30 11:55:21,SP,8773,SP,14840,4.892581018518518,6.126481481481481,-10.492719907407407,0,0,on_time,5.0,SP->SP
76ef0609633755e00097957236215e2d,49670b995497cbfd82777f623ec7f825,delivered,2017-08-31 20:11:40,2017-08-31 20:25:12,2017-09-01 19:27:23,2017-09-11 23:03:39,2017-09-22,1,7b0df942f46435babab05d49b744b2c4,1048.0,24.59,2017-09-06 20:25:12,MG,39270,SP,12924,0.9692476851851852,10.150185185185183,-10.039131944444444,0,0,on_time,4.0,SP->MG
8b02937454ecbf39dea9989375d931e3,eb5cfb1e923b447232fd8d969c517974,delivered,2018-07-10 18:54:07,2018-07-10 20:31:07,2018-07-13 14:06:00,2018-07-20 16:04:52,2018-08-01,1,3ab971ce71839580d2ae5b4e40fe8044,105.0,36.19,2018-07-13 19:06:02,PE,54330,SP,3210,2.7999189814814813,7.082546296296297,-11.329953703703705,0,0,on_time,5.0,SP->PE
3a242772733bbe85f793b47f375aaed4,933d04190021321a552e32ede56bc054,delivered,2018-03-31 19:16:29,2018-04-03 05:15:24,2018-04-04 03:32:10,2018-04-04 21:04:39,2018-04-12,1,4200ddf1967c5e41e48db62bc6d4b5ac,33.8,14.78,2018-04-09 05:15:24,SP,2255,SP,9710,3.344224537037037,0.7308912037037038,-7.121770833333334,0,0,on_time,5.0,SP->SP
f49196a3b79948c69b3cf03a6ce9646c,343b48b19c8bd182e4c24d37aa8b11a3,delivered,2017-04-17 10:05:11,2017-04-17 10:15:15,2017-04-19 14:58:10,2017-04-26 13:28:40,2017-05-17,1,cc419e0650a3c5ba77189a1882b7556a,64.99,16.15,2017-04-27 10:15:15,RS,97300,SP,9015,2.203460648148148,6.937847222222223,-20.438425925925927,0,0,on_time,5.0,SP->RS
0c922ae7c3b6cb7d848150c80121bc1b,6842b18ad3f173ee6b709748377bbd2f,delivered,2017-04-03 20:45:51,2017-04-05 02:42:39,2017-04-05 19:15:06,2017-04-07 17:05:40,2017-05-02,1,8b28d096634035667e8263d57ba3368c,34.9,16.05,2017-04-12 02:42:39,ES,29176,SP,12243,1.9369791666666667,1.9101157407407408,-24.287731481481483,0,0,on_time,3.0,SP->ES
225d7c8785527da15a95cb218ebb07d5,94fa18bf8b6c02db83202ec61b48778d,delivered,2017-04-10 21:13:20,2017-04-10 21:25:14,2017-04-11 16:26:26,2017-04-17 11:05:12,2017-05-02,1,70a12e78e608ac31179aea7f8422044b,45.0,10.96,2017-04-16 21:25:14,SP,9195,SP,12327,0.8007638888888889,5.776921296296297,-14.538055555555555,0,0,on_time,5.0,SP->SP
cfbebe9f938f6c99a3c27648bc0d3112,9ba4157d56af8ab6689700a8d7c242e1,delivered,2017-12-03 11:03:05,2017-12-03 12:11:57,2017-12-04 18:25:08,2017-12-11 19:32:47,2017-12-27,1,6560211a19b47992c3666cc44a7e94c0,189.0,12.82,2017-12-07 12:11:57,SP,16306,SP,5849,1.3069791666666666,7.046979166666667,-15.18556712962963,0,0,on_time,5.0,SP->SP
faa0a8e07c82b4188dac82ef1d170979,9be47708361b959a33fb0b2a537c02ef,delivered,2017-11-25 00:23:59,2017-11-28 04:31:17,2017-11-30 19:28:54,2017-12-15 19:51:54,2017-12-19,1,870d0118f7a9d85960f29ad89d5d989a,47.9,19.21,2017-12-04 03:47:29,SP,13015,MG,37708,5.795081018518519,15.015972222222222,-3.1722916666666667,0,0,on_time,5.0,MG->SP
4a8540117ab8b9696ac6ffe3b37e4acc,3e1e2de2704ae9c3fce1beccd6e728b4,delivered,2017-08-17 11:17:02,2017-08-18 11:10:54,2017-08-30 17:35:05,2017-09-12 21:03:05,2017-09-19,1,02d35243ea2e497335cd0f076b45675d,249.0,26.29,2017-08-24 11:10:24,PA,66053,RN,59077,13.262534722222222,13.144444444444444,-6.122858796296296,0,1,on_time,4.0,RN->PA
f72af8df59fdbc3f45aeb2df4e1e9ca1,3f564a14c326f9a681d340e75246b775,delivered,2017-08-18 09:17:25,2017-08-19 09:24:56,2017-08-21 16:32:45,2017-08-23 15:38:10,2017-08-31,1,3504c0cb71d7fa48d967e0e4c94d59d9,48.9,11.73,2017-08-24 09:24:56,SP,1421,SP,9350,3.3023148148148147,1.9620949074074077,-7.348495370370371,0,0,on_time,5.0,SP->SP
07fac8f9cadb792264f2985ef93eaa13,28d1088c5d8ee46242a50fd06f116e63,delivered,2017-04-26 08:25:51,2017-04-26 15:03:13,2017-05-02 17:12:19,2017-05-13 10:59:37,2017-05-15,1,92eb0f42c21942b6552362b9b114707d,17.89,10.96,2017-05-03 15:03:13,SP,12241,SP,3504,6.365601851851852,10.741180555555555,-1.5419328703703703,0,0,on_time,2.0,SP->SP
7f3dea4e160ba52140314c22ca67f1b3,12c3f6d88b89c5152b931cc20c797896,delivered,2018-03-08 16:13:01,2018-03-09 14:15:27,2018-03-14 00:51:37,2018-03-27 20:22:21,2018-04-06,1,ea8482cd71df3c1969d7b9473ff13abc,29.99,18.23,2018-03-15 14:15:27,RS,97670,SP,4160,5.360138888888889,13.81300925925926,-9.151145833333333,0,0,on_time,5.0,SP->RS
fa42ca789329fe838b380b2dce4c0307,87ac0933b7f0201a64c8f04e34bdcfc3,delivered,2018-05-02 23:25:02,2018-05-03 00:50:16,2018-05-03 13:05:00,2018-05-16 18:56:57,2018-05-25,1,d921b68bf747894be13a97ae52b0f386,149.0,22.75,2018-05-09 00:30:36,BA,44590,MG,35570,0.5694212962962963,13.244409722222224,-8.210451388888888,0,0,on_time,5.0,MG->BA
34ea732800750b670e5f33c56ab3a94e,09d7f60a8fdfeef225e4e5dcd447047d,delivered,2017-09-03 17:12:40,2017-09-04 17:24:00,2017-09-05 12:37:10,2017-09-11 20:09:44,2017-09-22,1,834f3294fba9f932f56edc879193f925,610.0,37.54,2017-09-11 17:24:00,SP,18143,SP,14808,1.808680555555556,6.314282407407408,-10.159907407407408,0,0,on_time,4.0,SP->SP
9a072116d6c2ca9839e6d88a061a59d2,3b222455f9e5779b3ee7a014bef200a3,delivered,2018-07-19 20:57:41,2018-07-21 03:05:18,2018-07-23 15:51:00,2018-07-27 19:37:50,2018-08-09,1,26d6bbee02420494d471c9f6436929c0,25.49,17.11,2018-07-26 03:05:18,MG,32185,PR,81530,3.787025462962963,4.157523148148148,-12.182060185185184,0,0,on_time,4.0,PR->MG
56e74cf3d3be617b843ad339dd83706a,32b0ce578c3e5bdbd17d3f563ae9537d,delivered,2018-05-03 21:09:16,2018-05-03 21:33:09,2018-05-04 15:01:00,2018-05-10 19:07:42,2018-05-25,1,128639473a139ac0f3e5f5ade55873a5,15.12,9.43,2018-05-09 21:30:41,SP,7082,PR,87050,0.7442592592592593,6.171319444444444,-14.20298611111111,0,0,on_time,5.0,PR->SP
e26d1ae778f8367c217157a4a2bc7002,8fb4a6f31ae474c757c377a79b2aec17,delivered,2018-03-03 06:45:02,2018-03-03 06:55:33,2018-03-05 20:08:08,2018-03-12 23:38:46,2018-03-23,1,cfe94489ddd337d1e29e12f2a7205d10,99.0,14.44,2018-03-08 06:55:33,GO,74366,SP,3178,2.5577083333333333,7.146273148148148,-10.01474537037037,0,0,on_time,5.0,SP->GO
7a66067b9e10d4702dd4acd8c3def707,40eb0a4998161dfa5723e56c65d7f1c2,delivered,2018-02-08 23:04:47,2018-02-08 23:27:30,2018-02-09 23:39:42,2018-02-10 13:33:21,2018-03-05,1,53e4c6e0f4312d4d2107a8c9cddf45cd,85.71,11.8,2018-02-14 23:27:30,SP,6449,SP,13920,1.0242476851851852,0.5789236111111111,-22.43517361111111,0,0,on_time,1.0,SP->SP
79b8758142105381b27a6b990f80bf3d,504abb58c38286d2cd8bb36f4939dbe1,delivered,2017-11-20 11:45:59,2017-11-20 12:09:23,2017-11-20 20:11:50,2017-11-25 19:31:35,2017-12-11,1,0bae85eb84b9fb3bd773911e89288d54,38.25,17.92,2017-11-24 12:09:23,RJ,22041,SP,88301,0.3512847222222222,4.972048611111111,-15.186400462962965,0,0,on_time,5.0,SP->RJ
c3aaf1005cc94a2f5efdf91212caa0b0,5c2462d7cb2ace0d8725188fbdcafb8d,delivered,2018-04-22 08:13:03,2018-04-24 17:27:25,2018-04-26 08:19:00,2018-05-07 12:08:35,2018-05-23,1,1025f0e2d44d7041d6cf58b6550e0bfa,150.0,34.59,2018-04-26 08:30:44,SC,89900,SP,3204,4.0041319444444445,11.15943287037037,-15.494039351851852,0,0,on_time,4.0,SP->SC
41907a6e6906a563e6dd54a19d77abcd,cb48d9ebf68a3d1e44c8e084b097b196,delivered,2018-03-13 07:45:39,2018-03-13 09:04:10,2018-03-13 18:05:48,2018-04-03 14:58:55,2018-05-08,1,1771297ac436903d1dd6b0e9279aa505,53.54,26.9,2018-03-19 08:31:44,RJ,24240,SP,7025,0.4306597222222222,20.870219907407407,-34.37575231481482,0,0,on_time,5.0,SP->RJ
2fcdb0c004a2a538d3dd724ea76916bd,cf826be53b1fe4a39bc33c7f5f827835,delivered,2017-11-22 11:39:00,2017-11-22 11:49:05,2017-11-23 22:58:51,2017-12-15 00:23:25,2017-12-18,1,c9c7905cffc4ef9ff9f113554423e671,55.0,35.71,2017-11-28 11:48:35,MA,65940,SP,6871,1.4721180555555555,21.05872685185185,-2.983738425925926,0,0,on_time,5.0,SP->MA
43f0c422cadc9474b673766a3f63df22,5103b5905f86db69255a1b30c64f58aa,delivered,2017-04-26 14:40:13,2017-04-26 14:50:14,2017-04-27 08:33:07,2017-05-04 15:24:53,2017-05-31,1,8444e55c1f13cd5c179851e5ca5ebd00,39.9,14.52,2017-05-10 14:50:14,SP,18010,MG,37584,0.7450694444444445,7.285949074074074,-26.357719907407407,0,0,on_time,5.0,MG->SP
d14e8fee9754d152513407e36b229575,f79477e895bca99203a23f8026931878,delivered,2017-02-16 11:31:51,2017-02-16 15:55:07,2017-02-17 10:27:00,2017-02-22 11:43:57,2017-03-15,1,5f2684dab12e59f83bef73ae57724e45,129.9,12.3,2017-02-20 10:31:51,SP,16430,SP,5125,0.9549652777777776,5.0534375,-20.51114583333333,0,0,on_time,5.0,SP->SP
eb8871f7b0a4b2678e414a280b52349b,623de6c1e2801c6702b4f1d70b72777f,delivered,2018-03-18 19:47:29,2018-03-18 20:07:33,2018-03-21 21:05:13,2018-03-24 17:34:35,2018-03-29,1,fa40cc5b934574b62717c68f3d678b6d,44.9,7.39,2018-03-22 20:07:33,SP,11040,SP,2310,3.0539814814814816,2.853726851851852,-4.267650462962963,0,0,on_time,5.0,SP->SP
3c140d933d3475ec823f9b748ca5c49f,d64c957183fc8d75e536e89468feccda,delivered,2017-12-12 11:30:04,2017-12-12 12:32:08,2017-12-19 01:39:08,2018-01-09 17:43:09,2018-01-10,1,53243585a1d6dc2643021fd1853d8905,1340.0,41.83,2017-12-18 11:36:29,RJ,25651,BA,42738,6.58962962962963,21.66945601851852,-0.2617013888888889,0,1,on_time,5.0,BA->RJ
9892a9783f6e0c59081ffd81ba011353,593d5f7d0a37236dc716353a76418345,delivered,2018-06-23 15:58:26,2018-06-23 16:19:34,2018-06-29 13:46:00,2018-07-03 16:09:02,2018-07-18,1,213b25e6f54661939f11710a6fddb871,83.9,17.96,2018-07-04 16:19:34,SP,13065,SP,13321,5.908032407407408,4.099328703703704,-14.327060185185186,0,0,on_time,4.0,SP->SP
6c145f7b5ab27b741ba7b277df44237e,054b4c37e38c1f8c0ad6e2038093d372,delivered,2018-04-06 17:09:04,2018-04-06 17:29:03,2018-04-11 15:39:27,2018-04-12 16:47:51,2018-04-18,1,f27e33c6d29b5138fa9967bcd445b6d5,39.9,8.88,2018-04-12 17:29:03,SP,6716,SP,4273,4.937766203703704,1.0475,-5.300104166666666,0,0,on_time,5.0,SP->SP
1bf942e8c5d1022f7a1b864e32041e7d,5cb81c242600b383ec83559f321744a0,delivered,2017-12-18 20:42:14,2017-12-18 21:51:46,2017-12-20 18:10:13,2017-12-23 14:57:34,2018-01-19,1,18a349e75d307f4b4cc646a691ed4216,120.0,14.59,2017-12-28 21:51:46,PR,83405,SP,1319,1.8944328703703703,2.8662152777777776,-26.376689814814814,0,0,on_time,5.0,SP->PR
3ce5ed82ae32a886fd55be9b9e7b8405,5330f5a23582088e76c45d14a5987783,delivered,2017-08-10 10:32:49,2017-08-10 10:45:19,2017-08-10 19:38:04,2017-08-23 18:36:16,2017-09-12,1,004c9cd9d87a3c30c522c48c4fc07416,233.8,94.94,2017-08-18 10:45:19,GO,76400,SP,14940,0.3786458333333333,12.957083333333332,-19.224814814814813,0,0,on_time,5.0,SP->GO
d74572390df10c6b78c1acedf893657e,a47f532ec104c9cdb1bd791f3c605f13,delivered,2018-02-16 18:53:19,2018-02-20 07:07:00,2018-02-23 01:32:52,2018-03-02 21:13:34,2018-03-15,1,e9779976487b77c6d4ac45f75ec7afe9,47.49,16.11,2018-02-26 07:07:00,SC,88220,SP,11701,6.277465277777778,7.819930555555556,-12.115578703703704,0,0,on_time,4.0,SP->SC
5eba2c8978f62793868d93d38ea70269,223bafebacbf7dc8c04c5d889bd3bc79,delivered,2017-08-11 11:54:54,2017-08-15 03:50:13,2017-08-17 19:13:24,2017-08-24 17:36:21,2017-09-18,1,1f50f920176fa81dab994f9023523100,59.9,17.67,2017-08-21 03:50:13,GO,75570,SP,15025,6.304513888888889,6.932604166666667,-24.26642361111111,0,0,on_time,5.0,SP->GO
ac5191d38d98b832e91b416ce1b61e3d,021633f35ba9c0e00fce2f9a31281c71,delivered,2018-07-01 20:45:14,2018-07-01 21:10:07,2018-07-04 11:36:00,2018-07-12 14:48:45,2018-08-10,1,3d871de0142ce09b7081e2b9d1733cb1,49.0,19.53,2018-07-05 21:10:07,RJ,21810,SP,13232,2.618587962962963,8.133854166666667,-28.3828125,0,0,on_time,5.0,SP->RJ
db4d62e39557516a1ce6145d0c659ae1,d63d75553ce7cd45c85be0d49d28c6e5,delivered,2017-06-02 11:48:32,2017-06-03 11:55:08,2017-06-06 08:52:19,2017-06-19 18:23:26,2017-07-06,1,cc419e0650a3c5ba77189a1882b7556a,59.99,16.89,2017-06-09 11:55:08,BA,44050,SP,9015,3.877627314814815,13.396608796296295,-16.233726851851852,0,0,on_time,1.0,SP->BA
8eb1c5be7906144e5984dfbf45c2ca26,368a12a44679f602d2dfaec782f49a03,delivered,2017-04-07 09:50:35,2017-04-07 10:05:15,2017-04-10 15:34:07,2017-04-13 13:06:58,2017-05-05,1,75745ef7bc7d4f3ea3380f6f5303f514,24.6,15.65,2017-04-13 10:05:15,RJ,21221,DF,70384,3.238564814814815,2.8978125,-21.45349537037037,0,0,on_time,5.0,DF->RJ
ed60085e92e2aa3debf49159deb34da7,431bbb57d52f3141ab2f33a6a4cf00a6,delivered,2017-12-15 08:56:56,2017-12-15 09:10:18,2017-12-19 18:06:39,2017-12-28 18:11:00,2018-01-15,1,4d6d651bd7684af3fffabd5f08d12e5a,69.9,20.98,2017-12-21 09:10:18,MG,38400,SP,17209,4.381747685185185,9.003020833333334,-17.242361111111112,0,0,on_time,5.0,SP->MG
6f6cb07d8b7afc08593305ec1f28e39a,e20e7de2c0080cce2dbdef34344ce227,delivered,2018-01-18 10:55:09,2018-01-18 11:11:20,2018-01-19 17:49:11,2018-01-24 22:36:39,2018-02-02,1,41b39e28db005d9731d9d485a83b4c38,39.9,8.72,2018-01-24 11:11:20,SP,11015,SP,9220,1.2875231481481482,5.19962962962963,-8.057881944444444,0,0,on_time,4.0,SP->SP
d41f1036712e18ee525939d08b7a1c98,099197f5b3af6c03f208f70f62df794e,delivered,2018-01-06 11:37:12,2018-01-06 11:47:34,2018-01-10 22:41:27,2018-01-11 18:10:44,2018-01-26,1,e62b2d6ac10570a035a30bafcf01d263,79.9,9.37,2018-01-12 11:47:34,SP,3347,SP,5767,4.461284722222223,0.8120023148148148,-14.242546296296297,0,0,on_time,5.0,SP->SP
47073fb1adb2b41ef8bba8c77d8ed86f,014cb897286d70935bfa3c8eac776b76,delivered,2018-05-14 23:00:04,2018-05-14 23:17:42,2018-05-15 14:28:00,2018-06-01 17:39:12,2018-05-29,1,fe2032dab1a61af8794248c8196565c9,519.0,16.07,2018-05-16 23:17:42,MG,37552,SP,13030,0.6443981481481481,17.13277777777778,3.735555555555556,1,0,carrier,3.0,SP->MG
811acfa349a56222b8ca357b548123bb,213b3c211d63fb0852d95fc3b7a0a243,delivered,2017-11-24 21:33:21,2017-11-25 01:31:45,2017-11-29 19:33:24,2017-12-07 02:29:05,2017-12-18,1,53e4c6e0f4312d4d2107a8c9cddf45cd,71.0,13.52,2017-11-30 00:52:34,MG,37701,SP,13920,4.916701388888889,7.288668981481481,-10.896469907407408,0,0,on_time,5.0,SP->MG
33e9e7bf59600996dd1a153ce751753d,f393e364052cebfb6932ae3dc2de64b4,delivered,2018-06-24 16:58:09,2018-06-25 16:55:39,2018-06-27 10:23:00,2018-07-03 19:18:43,2018-07-18,1,1025f0e2d44d7041d6cf58b6550e0bfa,105.0,15.05,2018-06-29 16:55:39,SP,16056,SP,3204,2.7255902777777776,6.372025462962963,-14.195335648148149,0,0,on_time,4.0,SP->SP
59e6562672571d67f137e34fbb297c93,9d19adf5da1a281e0762fbbaba463eca,delivered,2018-08-19 12:43:50,2018-08-20 11:35:18,2018-08-21 12:07:00,2018-08-24 15:05:43,2018-09-12,1,e63e8bfa530fb16910dd6956e592bb81,28.9,15.3,2018-08-23 11:35:18,PR,83702,SP,7160,1.9744212962962964,3.124108796296296,-18.371030092592594,0,0,on_time,4.0,SP->PR
f49a6f58212cfa59614b93f6a2378572,b61a1d7fb4a9899ca9300a42300e9403,delivered,2017-07-20 09:58:18,2017-07-20 11:03:03,2017-07-20 17:48:43,2017-07-22 12:17:26,2017-08-04,1,528ce32f560edd11add4169f6a5b65be,29.9,9.27,2017-07-26 11:03:03,SP,1227,SP,18130,0.3266782407407407,1.7699421296296296,-12.487893518518518,0,0,on_time,5.0,SP->SP
a8f60b9282c2f8e193d23d668bb74fa3,d30a15613f4863ea6c94c671db37a27a,delivered,2017-09-14 10:35:42,2017-09-14 10:50:13,2017-09-18 22:47:49,2017-09-27 20:43:51,2017-10-04,1,0d85bbda9889ce1f7e63778d24f346eb,117.8,32.34,2017-09-20 10:50:13,DF,72151,MG,38414,4.508414351851852,8.913912037037036,-6.136215277777778,0,0,on_time,5.0,MG->DF
0a7888b4a8bdf63a03f4e7db63a6fc59,b3bf953a576c12bd6c05c6fb3ca27e4d,delivered,2017-07-06 16:19:17,2017-07-06 16:30:31,2017-07-07 18:27:29,2017-07-24 16:04:40,2017-08-03,1,bd0389da23d89b726abf911cccc54596,59.9,25.7,2017-07-12 16:30:31,PI,64600,DF,71691,1.0890277777777777,16.90082175925926,-9.330092592592592,0,0,on_time,4.0,DF->PI
1ab14cf1dddb5af11ba2016a5368c210,11fe21087f1e201984ec555d30d80c9b,delivered,2018-05-08 11:36:28,2018-05-08 11:50:55,2018-05-08 15:23:00,2018-05-14 23:48:48,2018-05-30,1,b372ee768ed69e46ca8cdbd267aa7a38,270.0,14.33,2018-05-16 11:50:55,SP,13901,SP,15013,0.1573148148148148,6.35125,-15.007777777777775,0,0,on_time,5.0,SP->SP
137e9582e80ce34b3205c7cc8466ec29,1599a28dfa97a32b693d2d3ce29bc2b2,delivered,2017-03-04 22:33:20,2017-03-07 04:23:12,2017-03-08 13:06:54,2017-03-17 12:22:06,2017-03-29,1,a36b125ac6d5fdbc7f50de85c9157bdc,29.99,16.05,2017-03-08 22:33:20,RS,98130,SP,14020,3.6066435185185184,8.96888888888889,-11.484652777777775,0,0,on_time,5.0,SP->RS
c76b8b4f31097feb8351e62691177012,7e9d9f81d2b989a3a734f4a6fd63cbf0,delivered,2017-03-13 12:23:20,2017-03-13 12:23:20,2017-03-14 10:59:16,2017-03-19 08:37:47,2017-03-30,1,7a67c85e85bb2ce8582c35f2203ad736,129.99,13.49,2017-03-17 12:23:20,SP,7142,SP,3426,0.9416203703703704,4.901747685185185,-10.64042824074074,0,0,on_time,4.0,SP->SP
b523567b39b4a0bd6dad69bff2e7004c,d2062ad0a3a3b45b4481f6b95429abea,delivered,2017-12-29 18:40:58,2017-12-29 18:48:28,2018-01-02 18:23:48,2018-01-06 11:33:23,2018-01-24,1,2a84855fd20af891be03bc5924d2b453,110.0,20.26,2018-01-05 18:48:28,SP,6253,MG,30111,3.988078703703704,3.714988425925926,-17.518483796296298,0,0,on_time,5.0,MG->SP
26d26e749356ec5a267c065241ea05e7,3d4468ce8d2cbae5ded23093c9e039e2,delivered,2018-03-06 11:03:36,2018-03-06 11:15:52,2018-03-07 22:13:31,2018-04-04 22:04:51,2018-04-09,1,431af27f296bc6519d890aa5a05fdb11,123.9,23.45,2018-03-12 11:15:52,RJ,23090,SP,14110,1.4652199074074077,27.99398148148148,-4.079965277777778,0,0,on_time,5.0,SP->RJ
656eb4f0ee4385fd32f5eb22d296be75,8ce33cffd2b351f19bad2152103596a3,delivered,2017-12-14 23:49:27,2017-12-14 23:57:38,2017-12-18 19:23:42,2017-12-26 12:38:49,2018-01-09,1,5b35136197710e16ac5e7b7c2bd4ea85,224.9,37.23,2017-12-20 23:57:38,SP,7041,RJ,22640,3.815451388888889,7.718831018518519,-13.473043981481482,0,0,on_time,2.0,RJ->SP
d908e170d2b2f6e8a4ebe7dc3bcba4c4,fbdfc05b52cec908b4931110f66c0184,delivered,2017-08-02 16:56:47,2017-08-02 17:10:22,2017-08-03 19:17:29,2017-08-09 19:46:39,2017-08-15,1,9c0e69c7bf2619675bbadf47b43f655a,199.5,10.81,2017-08-08 17:10:22,SP,13087,SP,12230,1.0977083333333333,6.02025462962963,-5.1759375,0,0,on_time,5.0,SP->SP
8269e224d9a84c0b166494a74fa36acf,5cc7ae1379d691f599e4de330eea0985,delivered,2018-03-22 21:48:11,2018-03-22 22:07:43,2018-03-23 17:17:01,2018-03-28 21:34:23,2018-04-10,1,c33a5c3c983090c8b78a28e65052a20d,69.9,13.75,2018-03-28 22:07:43,SC,88370,SC,88802,0.8116898148148148,5.178726851851851,-12.101122685185183,0,0,on_time,5.0,SC->SC
06174d5608937415007fcf764cf799af,9329d0ceca507a1115dcba397fad17a1,delivered,2018-03-28 21:53:05,2018-03-28 22:07:42,2018-03-29 19:22:27,2018-04-12 23:46:29,2018-04-26,1,4a3ca9315b744ce9f8e9374361493884,48.0,18.23,2018-04-03 22:07:42,RS,97760,SP,14940,0.8953935185185186,14.183356481481482,-13.009386574074076,0,0,on_time,4.0,SP->RS
3953deef7b2a9104cefd114e1219bd9c,aec85558896424034ea880e902abbfbd,delivered,2018-01-10 22:19:44,2018-01-10 22:31:31,2018-01-11 19:24:40,2018-02-04 20:25:26,2018-02-09,1,42ef3192a9ff87a22d1867b74b3ee205,69.9,15.25,2018-01-16 22:31:31,RS,94470,SP,9090,0.8784259259259259,24.042199074074077,-4.14900462962963,0,0,on_time,5.0,SP->RS
53e3eb2bb46d323b3d7e3e7bc476e4fa,a10b24d46b3fa4207038ed45fa1e5d9c,delivered,2018-02-12 13:09:04,2018-02-12 13:30:20,2018-02-15 19:58:49,2018-02-17 11:19:08,2018-02-26,1,7d76b645482be4a332374e8223836592,16.9,7.78,2018-02-16 13:30:20,SP,6656,SP,1511,3.284548611111111,1.6391087962962962,-8.52837962962963,0,0,on_time,5.0,SP->SP
4cdbb26aa0dc8e7179f33edf59722fa8,07de064ec1b736d53124c6275c05fee3,delivered,2018-07-03 19:29:11,2018-07-05 16:32:16,2018-07-04 14:52:00,2018-07-05 18:21:48,2018-07-20,1,ba143b05f0110f0dc71ad71b4466ce92,53.99,9.13,2018-07-09 20:31:51,SP,2712,SP,2274,0.807511574074074,1.1456944444444443,-14.234861111111112,0,0,on_time,5.0,SP->SP
7ece841b35eb37fd53c5ddf9ce85b1aa,794c653990d6308974884f5fe235a9a7,delivered,2018-08-23 08:25:55,2018-08-23 08:45:18,2018-08-23 14:27:00,2018-08-29 20:18:49,2018-09-03,1,dbc22125167c298ef99da25668e1011f,35.94,13.59,2018-08-27 08:45:18,SP,5893,MG,37564,0.2507523148148148,6.244317129629629,-4.153599537037037,0,0,on_time,5.0,MG->SP
7229fca9b269915fc63b44434d20828a,a023e60d1438c4241673afd111cd1cf3,delivered,2018-08-15 16:12:57,2018-08-15 16:25:27,2018-08-16 14:10:00,2018-08-20 20:33:34,2018-08-30,1,257e61d3251fb5efb9daadddbc2cf7ca,1999.0,99.4,2018-08-21 16:25:27,SP,6775,PR,86804,0.9146180555555556,4.266365740740741,-9.14335648148148,0,0,on_time,5.0,PR->SP
cb7c837f8c5240816176dc115c21a746,d60805f01a84d8b2d5acae981e3c770f,delivered,2018-06-21 20:27:51,2018-06-26 04:58:46,2018-06-27 10:28:00,2018-07-04 19:04:37,2018-07-27,1,1025f0e2d44d7041d6cf58b6550e0bfa,150.0,88.56,2018-07-02 04:58:46,RN,59500,SP,3204,5.5834375,7.358761574074074,-22.205127314814813,0,0,on_time,5.0,SP->RN
9341714d42d6bb575c75707728fd6fcf,46d111fc5e3cb182e30c0200f940c0af,delivered,2017-11-27 14:37:18,2017-11-27 15:02:47,2017-11-29 00:27:08,2017-12-07 17:44:44,2017-12-19,1,46dc3b2cc0980fb8ec44634e21d2718e,99.99,22.57,2017-12-01 15:02:47,RS,94930,RJ,22240,1.4096064814814817,8.720555555555556,-11.260601851851852,0,0,on_time,5.0,RJ->RS
e1b1c48c3b7d0f02d03e3f09d85a9dd6,9aec5bfd40cd595a69062c07fe5f9d85,delivered,2018-04-11 20:48:17,2018-04-11 21:09:35,2018-04-19 11:29:38,2018-05-03 18:53:50,2018-05-15,1,c4fabeea6e569d42d02993bb1f4f1cbc,99.9,20.43,2018-04-17 21:09:35,ES,29066,CE,60741,7.612048611111111,14.308472222222225,-11.21261574074074,0,1,on_time,5.0,CE->ES
0e7f54fcc4ef51dfa161ca4d81a673ba,f27b8074a044417bf93a29e5dfb0f54b,delivered,2017-11-30 00:07:35,2017-11-30 00:18:26,2017-11-30 22:42:56,2017-12-18 20:28:49,2017-12-22,1,e9d99831abad74458942f21e16f33f92,19.74,11.85,2017-12-06 00:18:26,SP,14056,SP,3542,0.9412152777777778,17.906863425925927,-3.1466550925925927,0,0,on_time,5.0,SP->SP
303c1a4cb953c69bf9ad12194dc3d44d,9ca6973ed81e70d17e179628ec6d47e5,delivered,2017-03-23 23:44:32,2017-03-23 23:44:32,2017-03-24 11:04:20,2017-04-03 15:03:44,2017-04-11,1,6560211a19b47992c3666cc44a7e94c0,37.0,10.96,2017-03-30 23:44:32,SP,13087,SP,5849,0.4720833333333333,10.16625,-7.372407407407407,0,0,on_time,,SP->SP
2bbd649e67b9a3708e563c6c08424bd8,57e517de95c05f0ea21bfe6d91e09f69,delivered,2017-04-24 14:37:49,2017-04-25 08:23:08,2017-04-27 05:04:40,2017-05-09 06:56:30,2017-05-11,1,70a12e78e608ac31179aea7f8422044b,115.99,11.42,2017-05-02 08:23:08,SP,8375,SP,12327,2.6019791666666667,12.077662037037037,-1.710763888888889,0,0,on_time,1.0,SP->SP
34c2c4f024cb4f1fa2209be39f42ccbe,ea7cef87ea0f402e1eccc03f201a01b5,delivered,2017-11-25 09:51:36,2017-11-25 09:58:52,2017-11-30 22:42:58,2017-12-05 19:09:10,2017-12-22,1,0adac9fbd9a2b63cccaac4f8756c1ca8,9.9,15.1,2017-11-30 09:58:52,MG,35560,SP,13290,5.535671296296297,4.851527777777778,-16.20196759259259,0,1,on_time,5.0,SP->MG
fa80427bf128feea66cc6b564e939512,4e059129b59090525afb7c6deb971f14,delivered,2018-03-21 17:33:20,2018-03-21 18:28:35,2018-03-27 17:06:36,2018-04-02 18:59:55,2018-04-10,1,f84fa566034f5e8e880a07ec624c56af,47.65,12.79,2018-03-27 18:28:35,SP,19804,SP,13330,5.981435185185185,6.07869212962963,-7.208391203703703,0,0,on_time,5.0,SP->SP
c5267c7bad3d532ba30cf3b72596d3de,1b5b9f2f891b9cc15d72be9947f7bfdb,delivered,2018-07-22 00:26:45,2018-07-23 11:31:37,2018-07-25 14:08:00,2018-07-26 21:06:47,2018-08-02,1,c70c1b0d8ca86052f45a432a38b73958,110.32,8.03,2018-07-26 00:44:00,SP,13484,SP,13186,3.5703125,1.2908217592592592,-6.120289351851852,0,0,on_time,5.0,SP->SP
cadf75f0c2e29639d54ff0430d98e9f7,25e4078d42ba4b106674df3702bc066e,delivered,2018-08-04 21:57:34,2018-08-04 22:10:12,2018-08-06 12:30:00,2018-08-11 00:03:58,2018-08-17,1,141440cad9341e553f8401c574a2aa38,142.0,27.94,2018-08-06 22:10:12,MG,30720,PR,85200,1.6058564814814815,4.481921296296297,-5.99724537037037,0,0,on_time,4.0,PR->MG
f7f1d7e07ff7f3af27812ea78aa10f89,3a427eb5ef71cca3ee5cfd21a31bfaf3,delivered,2017-10-31 14:13:14,2017-11-01 03:31:15,2017-11-07 17:13:06,2017-11-13 21:12:16,2017-11-23,1,bd149ed516d4c5d418d5781f8e18919f,75.8,20.84,2017-11-09 03:30:38,GO,73801,SP,7241,7.124907407407408,6.166087962962963,-9.11648148148148,0,0,on_time,5.0,SP->GO
be7cd2ed9b40294805a5db0da7b36af8,a05c1061e47b0b88ad4aff4203ce64d9,delivered,2017-11-30 16:08:28,2017-11-30 16:15:21,2017-12-01 17:59:02,2017-12-03 13:05:16,2017-12-18,1,f8db351d8c4c4c22c6835c19a46f01b0,118.9,8.58,2017-12-06 16:15:21,SP,4105,SP,13324,1.0767824074074075,1.7959953703703704,-14.454675925925926,0,0,on_time,4.0,SP->SP
52cf38023b42cb0b26ced61e1a900c47,4cee3893b1b6c2163c3cb0d202ea8387,delivered,2018-02-15 16:13:46,2018-02-16 07:50:53,2018-02-16 21:07:34,2018-02-27 16:48:54,2018-02-23,1,955fee9216a65b617aa5c0531780ce60,139.8,26.16,2018-02-23 06:50:53,SP,13051,SP,4782,1.2040277777777777,10.82037037037037,4.700625,1,0,carrier,4.0,SP->SP
b23a3fbf20082ffb8fce7107c46d7355,9a1e931787506d41070e03c467a3bb83,delivered,2017-12-06 13:08:30,2017-12-06 13:18:23,2017-12-09 00:27:13,2017-12-26 22:59:04,2018-01-11,1,b17b679f4f5ce2e03ce6968c62648246,246.97,20.97,2017-12-14 13:18:23,BA,45400,SP,14090,2.4713310185185184,17.938784722222223,-15.042314814814814,0,0,on_time,3.0,SP->BA
25af0443015b8d200489039a00361f2e,1674ec99b39d56ec2aa2329be6a79864,delivered,2017-08-22 16:53:59,2017-08-22 17:32:43,2017-08-25 21:11:35,2017-08-29 13:04:49,2017-09-12,1,4e922959ae960d389249c378d1c939f5,45.0,9.94,2017-08-31 17:06:36,SP,9693,SP,12327,3.178888888888889,3.661967592592593,-13.454988425925926,0,0,on_time,5.0,SP->SP
bfee0e661250e978b89fa43a909f038f,3a0b54115011302ba73d357d8fb9bf8f,delivered,2018-03-17 10:55:42,2018-03-17 11:10:29,2018-03-21 21:25:43,2018-04-02 23:47:03,2018-04-09,1,1f50f920176fa81dab994f9023523100,53.9,21.35,2018-03-22 11:10:29,DF,70680,SP,15025,4.437511574074074,12.098148148148148,-6.008993055555556,0,0,on_time,4.0,SP->DF
e7ad5555cd68853b98cff91be575f605,01f1dc6000f77f9b0807f01ebde9ec12,delivered,2017-12-27 23:41:28,2017-12-27 23:50:22,2017-12-28 17:29:01,2017-12-30 01:17:04,2018-01-16,1,f84a00e60c73a49e7e851c9bdca3a5bb,44.5,8.9,2018-01-03 23:50:22,RJ,22743,RJ,20756,0.7413541666666666,1.3250347222222223,-16.94648148148148,0,0,on_time,5.0,RJ->RJ
76f27a60facc0c9b7ee8344eeb60c7a1,f12d12275ee0e3b03bad2fa39ca732e3,delivered,2017-11-24 23:59:24,2017-11-25 02:54:32,2017-11-27 23:12:04,2017-12-05 23:46:54,2017-12-18,1,b2ac621f0d0322434d04a12b078b9369,935.0,22.8,2017-11-30 02:54:32,SP,13026,PR,80220,2.9671296296296297,8.024189814814815,-12.009097222222222,0,0,on_time,5.0,PR->SP
8a098e4e3159f7d2618ce9617622973b,1a25d3ef5a6dcaa26f8ce2cd51eeea15,delivered,2018-02-26 09:38:00,2018-02-26 09:50:12,2018-02-27 22:09:28,2018-03-22 17:23:28,2018-03-22,1,7d13fca15225358621be4086e1eb0964,145.0,15.76,2018-03-02 09:50:12,DF,71699,SP,14050,1.5218518518518518,22.801388888888887,0.7246296296296296,1,0,carrier,1.0,SP->DF
e739161210dba9b6debb04897d5e7046,41bc36cdf2c5f07894056a60617db329,delivered,2018-01-03 21:07:26,2018-01-03 21:26:56,2018-01-04 21:22:31,2018-02-01 19:55:19,2018-02-06,1,34d1ca11b242c0fee2c834ae8d788566,580.27,21.63,2018-01-09 21:26:56,SC,88730,MG,36415,1.010474537037037,27.939444444444444,-4.169918981481482,0,0,on_time,,MG->SC
f82bf77eee094dd4e9b9e44b9f7bc246,8e243644561da4b5822473dcaf36a894,delivered,2018-07-31 11:48:56,2018-07-31 12:31:14,2018-08-01 11:19:00,2018-08-11 14:03:26,2018-08-24,1,6560211a19b47992c3666cc44a7e94c0,79.0,19.46,2018-08-02 12:24:26,PE,54759,SP,5849,0.979212962962963,10.114189814814814,-12.414282407407407,0,0,on_time,4.0,SP->PE
6f4a6eb3e4ef9a73f9b63fa7ee3ce425,252c0f494f702d4238a24ea47848b9bb,delivered,2017-02-20 13:31:57,2017-02-21 05:07:43,2017-02-21 12:00:56,2017-03-06 09:41:59,2017-03-21,1,a5bff0f43eb51f0cad7c37fac7244c8a,89.0,14.79,2017-02-24 13:31:57,SC,88210,SP,4827,0.9367939814814816,12.903506944444445,-14.595844907407407,0,0,on_time,5.0,SP->SC
7a2a38e90310dcc099d87233c2dd2fbc,24201200dd7b24c594a08859553bea30,delivered,2018-08-10 20:50:15,2018-08-10 21:04:32,2018-08-14 15:12:00,2018-08-15 20:18:40,2018-08-17,1,1025f0e2d44d7041d6cf58b6550e0bfa,228.0,26.58,2018-08-15 21:04:32,SP,6160,SP,3204,3.7651041666666663,1.212962962962963,-1.1537037037037037,0,0,on_time,4.0,SP->SP
ce9924e409dde4b753e2893f0835ba62,34425af515e189a4aa18e67c29f44e38,delivered,2018-05-12 16:00:00,2018-05-15 04:35:00,2018-05-15 13:05:00,2018-05-21 23:16:45,2018-05-28,1,01fd077212124329bac32490e8ef80d9,69.0,12.92,2018-05-21 04:30:55,SP,3126,SP,14079,2.8784722222222223,6.424826388888889,-6.030034722222222,0,0,on_time,5.0,SP->SP
8e239d4b3f8da8e910f2ebf1e6aae337,d11936daa80291dc59098bd797ed5cbc,delivered,2017-10-07 14:17:03,2017-10-07 14:28:19,2017-10-11 21:43:46,2017-10-18 17:10:08,2017-11-16,1,7178f9f4dd81dcef02f62acdf8151e01,74.9,15.27,2017-10-18 15:28:19,SP,14260,SC,89560,4.310219907407407,6.809976851851852,-28.28462962962963,0,0,on_time,4.0,SC->SP
d7d9f1ff0b6aa62f2d4e7fc99e60e8ea,acac7c47f37fdb07e2bfe3932a997d3b,delivered,2018-01-17 13:21:41,2018-01-17 14:56:22,2018-01-18 23:18:53,2018-01-24 19:52:56,2018-02-21,1,7178f9f4dd81dcef02f62acdf8151e01,19.9,15.1,2018-01-26 14:56:22,SP,13569,SC,89560,1.4147222222222222,5.856979166666667,-27.171574074074076,0,0,on_time,5.0,SC->SP
d4308c105262daee5f407e855f5c1e25,ab5cf57386da1f9ca72e6d68e511daa1,delivered,2018-07-08 11:09:26,2018-07-08 11:25:23,2018-07-10 15:37:00,2018-07-17 23:08:33,2018-07-30,1,cc419e0650a3c5ba77189a1882b7556a,79.99,18.66,2018-07-10 11:25:23,MG,35540,SP,9015,2.185810185185185,7.313576388888888,-12.035729166666666,0,1,on_time,4.0,SP->MG
0f30dd4c9af7aabbce81fc381ce2e807,c18a4cb3f8ff37151c8e3dacada355a4,delivered,2017-10-10 11:11:11,2017-10-10 11:35:25,2017-10-11 13:52:18,2017-10-23 15:57:07,2017-11-01,1,fc906263ca5083d09dce42fe02247800,39.9,16.79,2017-10-17 12:35:25,PR,87310,MG,31030,1.111886574074074,12.08667824074074,-8.335335648148147,0,0,on_time,4.0,MG->PR
4f4f01b70590d58246cdcf1c675738bb,e567eb5620cb3f0051634089f695a9ee,delivered,2018-04-19 11:25:07,2018-04-19 11:37:37,2018-04-25 14:15:00,2018-05-02 18:28:39,2018-05-10,1,6b3bd31ad8fcda4b2635ec9f3ff2ecdf,99.8,18.58,2018-04-25 11:37:37,SP,18035,RJ,22775,6.117974537037037,7.176145833333333,-7.230104166666667,0,1,on_time,5.0,RJ->SP
911a1257a699f1b61ec55aa88eace3bd,295b66076a7255133bdc1adbb056162e,delivered,2017-12-02 03:45:01,2017-12-02 03:58:26,2017-12-06 21:41:56,2017-12-21 17:38:34,2018-01-05,1,391fc6631aebcf3004804e51b40bcf1e,52.3,16.13,2017-12-07 03:58:26,RS,91751,SP,14940,4.747858796296296,14.83099537037037,-14.26488425925926,0,0,on_time,5.0,SP->RS
1d0c13af513afa064c2bfc461b7b9c57,ee548be15e31ee5e3d954f9a7bdd3fb4,delivered,2017-05-26 17:32:11,2017-05-26 17:45:20,2017-05-29 09:25:19,2017-06-05 13:33:13,2017-06-20,1,7299e27ed73d2ad986de7f7c77d919fa,16.99,15.1,2017-06-01 17:45:20,SP,13501,MG,38440,2.6618981481481483,7.172152777777778,-14.435266203703703,0,0,on_time,5.0,MG->SP
542a75015e9fb10f090ea35b36cb470d,f2dcf5cfd4494eb8a92205e95ac2b3ff,delivered,2018-03-26 08:51:40,2018-03-26 09:07:24,2018-03-27 20:10:49,2018-04-19 01:22:07,2018-04-19,1,f35b3c613c4f7b2275f4185d0a3c59ec,550.0,19.82,2018-03-30 09:07:24,RS,94195,SP,5417,1.4716319444444443,22.21618055555556,0.0570254629629629,1,0,carrier,5.0,SP->RS
4550b64fee9966c0a5d7b0b9f7606f10,52560782d3a9780e44c7b0ab1dbfe4b4,delivered,2017-09-13 11:07:15,2017-09-15 10:30:13,2017-09-15 16:13:41,2017-09-19 20:22:55,2017-09-29,1,c3867b4666c7d76867627c2f7fb22e21,159.9,14.14,2017-09-21 10:30:13,SP,6764,SP,14580,2.212800925925926,4.173078703703704,-9.150752314814817,0,0,on_time,5.0,SP->SP
b4546ff451b39382f5c1dd81355a0c58,2cc15144d83ab6ce9cf5f666022a7afb,delivered,2017-11-26 21:34:23,2017-11-26 21:53:56,2017-11-28 17:32:31,2017-12-14 02:39:30,2017-12-20,1,fa1c13f2614d7b5c4749cbc52fecda94,238.99,22.47,2017-11-30 21:53:56,MA,65075,SP,13170,1.832037037037037,15.379849537037035,-5.889236111111111,0,0,on_time,5.0,SP->MA
cb3fd1d04f967b6c2d2fbb8f50970c8f,3afd74519364069b1d7ef9ddeac50d6b,delivered,2018-08-23 21:46:53,2018-08-23 21:55:17,2018-08-28 13:43:00,2018-08-30 22:26:55,2018-09-06,1,2e7ea2aafec5835e781b21d6d1faf1f1,65.0,13.12,2018-08-28 21:55:17,SP,14400,SP,2820,4.663969907407408,2.3638310185185185,-6.064641203703704,0,0,on_time,5.0,SP->SP
fad45938bae3bd8a63fbae03cc8ae040,d4a9ae0280546de3e139880622aecfdb,delivered,2017-08-17 15:11:20,2017-08-17 15:45:16,2017-09-06 19:38:08,2017-09-19 11:10:51,2017-09-25,1,8444e55c1f13cd5c179851e5ca5ebd00,829.0,23.37,2017-08-30 15:45:16,ES,29200,MG,37584,20.185277777777777,12.647719907407408,-5.534131944444445,0,1,on_time,1.0,MG->ES
653fb84a9e7359c05777a5332a48a876,f8ccd744c489a7cf8929be838c81c635,delivered,2017-07-21 06:06:25,2017-07-25 03:43:51,2017-07-26 10:32:28,2017-07-31 18:45:37,2017-08-14,1,fa14641f57b655e933124a9ea49cd7a5,69.99,14.24,2017-07-31 03:43:51,RJ,20775,SP,1310,5.184756944444445,5.3424652777777775,-13.21832175925926,0,0,on_time,4.0,SP->RJ
cc7c3c9e0e52b2748d1843228f84c9ad,3b1aeee621c38f6606cc23392ef2fd49,delivered,2017-05-18 17:09:25,2017-05-18 17:25:36,2017-05-24 15:11:20,2017-06-05 14:42:51,2017-06-19,1,6c177e38df6d3f34182b1f1d427231bf,130.0,17.35,2017-05-29 17:25:36,MG,36050,PR,80430,5.917997685185185,11.980219907407408,-13.386909722222224,0,0,on_time,5.0,PR->MG
5c2b36b8e747abcc27f2d9ab379ed334,a8d9188653afcf6f3069b492036c41e5,delivered,2018-07-16 18:43:18,2018-07-16 18:55:21,2018-07-17 13:22:00,2018-07-24 15:28:42,2018-08-02,1,7ad32824caee82087b3e2e5f33b1bf32,79.0,19.74,2018-07-18 18:55:21,ES,29260,SP,14940,0.776875,7.087986111111111,-8.355069444444444,0,0,on_time,5.0,SP->ES
79d51aa9809de1c33dc6cfdf113de4bd,46c3e824512d5824205d3414227f81b3,delivered,2017-11-26 22:35:49,2017-11-26 22:52:58,2017-11-28 20:14:28,2017-12-06 23:22:12,2017-12-22,1,e48b04bf1aa1ef711caebeb7aede6180,98.9,17.94,2017-11-30 22:52:58,SP,15370,PR,80240,1.9018402777777776,8.13037037037037,-15.02625,0,0,on_time,5.0,PR->SP
0a9814deb494ce0733321ca35f215a22,b9bec98c6738f16d7dc4e1f8e0e2c18a,delivered,2018-05-05 16:09:12,2018-05-08 04:55:12,2018-05-10 14:28:00,2018-05-16 20:12:08,2018-05-24,1,c70c1b0d8ca86052f45a432a38b73958,110.32,18.65,2018-05-14 04:54:35,RJ,23970,SP,13186,4.929722222222222,6.238981481481481,-7.158240740740741,0,0,on_time,4.0,SP->RJ
3521cc9e135966413d4c3eb1a212e19a,bef97440218f17f5f6a75807e2bd7793,delivered,2017-11-14 17:38:37,2017-11-14 17:50:29,2017-11-17 17:11:37,2017-11-25 11:53:09,2017-12-19,1,12b9676b00f60f3b700e83af21824c0e,199.0,25.94,2017-11-28 17:50:29,DF,71574,RS,95780,2.98125,7.778842592592593,-23.504756944444445,0,0,on_time,5.0,RS->DF
1a1ee1d6d418b44f10671d87bd127b80,63e8467a28522521ec927000de724c82,delivered,2017-04-15 16:23:24,2017-04-15 16:35:09,2017-04-17 12:42:47,2017-05-05 12:30:05,2017-05-22,1,ef506c96320abeedfb894c34db06f478,39.99,24.84,2017-04-20 16:35:09,PE,55410,SP,3569,1.8467939814814816,17.991180555555555,-16.479108796296295,0,0,on_time,5.0,SP->PE
0cf6d9903d24cb0d6ef8817a9612fbfd,e9a600a9582d96365e2d57f4e2f6533a,delivered,2018-05-22 09:35:17,2018-05-23 02:38:19,2018-05-28 13:16:00,2018-06-04 17:48:32,2018-06-08,1,634964b17796e64304cadf1ad3050fb7,525.0,54.0,2018-05-29 02:31:29,SP,3058,RJ,21840,6.153275462962963,7.189259259259259,-3.257962962962963,0,0,on_time,5.0,RJ->SP
8f53771a7fcdba0c4033c969cda4724c,6d84f1503898b73420c9416a4a1953ef,delivered,2018-04-01 14:39:36,2018-04-01 15:31:55,2018-04-11 17:19:28,2018-04-16 15:35:46,2018-04-26,1,0691148aee60ca47977c187804f935ae,122.56,38.8,2018-04-05 14:50:17,RS,93990,PR,86010,10.111018518518518,4.927986111111111,-9.350162037037038,0,1,on_time,1.0,PR->RS
9c4b8eb5f1fb4f2b71018a6695171ca3,a341731cfc9dd5db5a49fea0ac04f97b,delivered,2017-09-06 20:39:57,2017-09-06 20:55:13,2017-09-08 19:43:32,2017-09-13 16:12:26,2017-09-25,1,8b28d096634035667e8263d57ba3368c,18.17,11.85,2017-09-13 20:55:13,SP,12280,SP,12243,1.9608217592592592,4.853402777777778,-11.324699074074074,0,0,on_time,5.0,SP->SP
7857d15c4666556ebb610d938f32eb4f,8a8f4a93942a74ef55e00021748bf25c,delivered,2018-02-08 01:33:35,2018-02-08 11:35:26,2018-02-09 17:09:22,2018-02-19 16:58:55,2018-02-26,1,7a67c85e85bb2ce8582c35f2203ad736,99.99,11.9,2018-02-14 11:35:26,SP,4890,SP,3426,1.649849537037037,9.992743055555556,-6.2924189814814815,0,0,on_time,5.0,SP->SP
5ad674ed6e835a39a6a7d73bc989ce57,7df9914b5cd074d81dcb343a7107765b,delivered,2017-07-30 18:09:19,2017-07-30 18:23:08,2017-08-02 11:04:30,2017-08-04 19:45:51,2017-08-18,1,cca3071e3e9bb7d12640c9fbe2301306,335.43,60.67,2017-08-03 18:23:08,SP,14401,SP,14940,2.704988425925926,2.362048611111111,-13.176493055555556,0,0,on_time,5.0,SP->SP
6e1d72c49d6aa8e6a4c5670c6ae13c72,6dc1bcef448493d31be69e13dc73a07c,delivered,2018-07-14 23:50:02,2018-07-15 00:04:08,2018-07-17 12:46:00,2018-07-24 23:16:43,2018-07-24,1,3fac58ce0ad699020c7944d53c41329c,29.9,8.37,2018-07-19 00:04:08,SP,5872,SP,3480,2.5388657407407407,7.437997685185185,0.9699421296296296,1,0,carrier,4.0,SP->SP
97bc7ca0c3993c893f4fd5199e2ae2e8,f4a71d716969f02d7762087de2b32ed1,delivered,2018-01-29 18:42:57,2018-01-29 18:55:29,2018-02-02 17:35:06,2018-02-05 16:59:09,2018-02-14,1,5d0363b33554b373851fc1622e4d5f3c,45.9,14.13,2018-02-02 18:55:29,SP,13417,SP,12952,3.952881944444445,2.9750347222222224,-8.292256944444444,0,0,on_time,5.0,SP->SP
c925170f41b84e071f6fe928f4c16643,c894d9ce948f4d2240532e7e3a826aa2,delivered,2017-04-24 17:00:16,2017-04-24 17:15:21,2017-04-26 10:08:54,2017-05-02 14:40:23,2017-05-16,1,cc419e0650a3c5ba77189a1882b7556a,64.99,11.06,2017-05-04 17:15:21,SP,6395,SP,9015,1.7143287037037036,6.188530092592592,-13.388622685185185,0,0,on_time,4.0,SP->SP
2e157239001a3bc129887997254f9af8,5d731fa195fc3a5789ef804d0654faae,delivered,2017-04-06 15:04:18,2017-04-06 15:15:23,2017-04-11 17:04:56,2017-04-18 14:48:05,2017-05-03,1,d4e4b5192cba4e0e66eb12a9d347239d,21.9,14.52,2017-04-13 15:15:23,SP,13904,PR,85904,5.083773148148148,6.9049652777777775,-14.383275462962963,0,0,on_time,5.0,PR->SP
f2c32ffe6169d6332ed88c7d49ad6936,971f335f648423cc90e1110e518de75d,delivered,2018-05-20 11:42:05,2018-05-20 11:51:09,2018-05-21 15:01:00,2018-06-04 11:58:29,2018-06-13,1,76d64c4aca3a7baf218bf93ef7fa768d,367.9,59.33,2018-05-30 11:51:09,PR,84400,PR,80215,1.138136574074074,13.873252314814817,-8.50105324074074,0,0,on_time,4.0,PR->PR
a598d09b856449e0bf8798180ce4a2a2,5136f67979625c2a7a41a1b221d53b94,delivered,2018-03-20 15:28:49,2018-03-21 02:56:02,2018-03-26 23:31:05,2018-03-27 17:03:41,2018-04-02,1,f84fa566034f5e8e880a07ec624c56af,47.65,7.71,2018-03-27 02:56:02,SP,12233,SP,13330,6.334907407407408,0.7309722222222222,-5.289108796296296,0,0,on_time,5.0,SP->SP
d5f471ea9cffc82fb64e8b07d247cb3f,73f8bb0e3a2d4d72066d4aa97efeb6ea,delivered,2017-10-11 14:27:56,2017-10-11 14:45:35,2017-10-13 18:48:53,2017-10-16 18:39:59,2017-10-24,1,20d83f3ef0e6925fd74bfd59170babf7,59.9,7.78,2017-10-18 15:45:35,SP,2033,SP,2804,2.1812152777777776,2.9938194444444446,-7.222233796296297,0,0,on_time,5.0,SP->SP
aa799c67bfe59b0de24f6db1dc1b776e,5c5932c767b1eea17f6374dab31c76ec,delivered,2017-01-29 20:14:15,2017-01-29 20:31:06,2017-01-30 11:38:21,2017-02-02 15:24:04,2017-03-15,1,7e93a43ef30c4f03f38b393420bc753a,222.4,18.0,2017-02-02 20:14:15,SP,12031,SP,6429,0.6417361111111111,3.156747685185185,-40.35828703703704,0,0,on_time,5.0,SP->SP
d7ade8c5f36a13fc95c8251b9db08874,a2dbbb33079eae5f9f27ce19d9ad1b02,delivered,2018-05-21 16:42:29,2018-05-22 08:16:23,2018-05-24 14:11:00,2018-06-04 15:24:37,2018-06-22,1,9b013e03b2ab786505a1d3b5c0756754,6.0,18.23,2018-05-28 08:16:23,RJ,22051,SP,11450,2.8948032407407407,11.051122685185184,-17.357905092592592,0,0,on_time,5.0,SP->RJ
79600d8903faf815002622ab515263c4,b4e75503e84a8d6d68d2ca27d627f085,delivered,2017-10-25 15:45:05,2017-10-25 15:56:44,2017-10-27 21:29:36,2017-10-30 13:37:47,2017-11-07,1,1acde099eb406aa220b1169b188b42da,16.9,9.34,2017-10-31 15:56:14,SP,7791,SP,2532,2.239247685185185,2.672349537037037,-7.432094907407407,0,0,on_time,5.0,SP->SP
2d268e4ebabcfdc515366a04056ae384,9133e4ddfde5181a01a0312e6f77b331,delivered,2018-05-14 20:46:41,2018-05-14 21:18:24,2018-05-16 13:28:00,2018-05-23 17:24:37,2018-06-05,1,0aa2205ca24f113f4658a5c536667426,63.98,32.64,2018-05-22 21:18:24,RJ,24020,SP,4281,1.6953587962962964,7.164317129629629,-12.27457175925926,0,0,on_time,5.0,SP->RJ
88d9499b5882f39b760f29c92acd6f2f,1e2484fadfefda5f6e9cdbc78b909fc2,delivered,2018-02-08 00:28:22,2018-02-08 01:09:42,2018-02-09 17:33:37,2018-02-19 16:46:00,2018-03-13,1,7008613ea464bad5cb9b83456e1e6a8f,35.0,30.2,2018-02-14 01:09:42,SP,11444,SC,89460,1.7119791666666666,9.966932870370371,-21.301388888888887,0,0,on_time,5.0,SC->SP
d566543182412210d24ad79aa1b4330d,f7f2f01ba77fa1b1466c30aed84e66fe,delivered,2017-09-20 13:27:33,2017-09-20 13:44:18,2017-09-21 17:08:58,2017-10-03 21:13:17,2017-10-17,1,46dc3b2cc0980fb8ec44634e21d2718e,94.99,21.46,2017-09-26 13:44:18,CE,60752,RJ,22240,1.153761574074074,12.169664351851852,-13.115775462962963,0,0,on_time,5.0,RJ->CE
2fe2b3f315aee60c3f8f15af8d3e0ab6,e5dc189e17c8e7a8830dcde5a05e5a7a,delivered,2018-06-04 20:47:59,2018-06-04 21:12:34,2018-06-05 09:05:00,2018-06-13 17:52:57,2018-07-17,1,a1043bafd471dff536d0c462352beb48,119.0,57.09,2018-06-12 21:12:34,SP,13290,MG,37175,0.5118171296296297,8.366631944444444,-33.254895833333336,0,0,on_time,5.0,MG->SP
f2eabb23f8f91015f9478076d73ba8f2,688289582ad02e4b73a07f629d7ddd22,delivered,2017-06-27 23:21:05,2017-06-27 23:35:12,2017-06-28 11:19:00,2017-06-30 13:03:09,2017-07-10,1,fdb9095204a334cd8872252ffec6f2db,160.0,23.54,2017-07-03 23:35:12,SP,13280,SP,3331,0.4985532407407407,2.072326388888889,-9.456145833333334,0,0,on_time,5.0,SP->SP
80501e8921c07f421d238fdf268c5ce4,ad12d172109b5b6e44b4fa23c2b6a71d,delivered,2017-02-15 23:30:52,2017-02-15 23:43:13,2017-02-16 14:46:30,2017-03-05 09:43:02,2017-03-20,1,b76dba6c951ab00dc4edf0a1aa88037e,10.99,16.05,2017-02-19 22:30:52,RS,95555,SP,3237,0.6358564814814814,16.78925925925926,-14.59511574074074,0,0,on_time,5.0,SP->RS
0eb2e52e71b7f59b62ea59b139e5a254,ff636b0dc3b46a716505c283339c4490,delivered,2018-07-06 10:27:34,2018-07-06 10:35:13,2018-07-06 11:23:00,2018-07-11 16:24:40,2018-07-19,1,9f505651f4a6abe901a56cdc21508025,99.0,8.85,2018-07-10 10:35:13,SP,13148,SP,4102,0.0384953703703703,5.2094907407407405,-7.316203703703704,0,0,on_time,5.0,SP->SP
04c0dac88714e8ee1ca2c0254cab2a22,2194fbf68f31edcb5a92443a516ac591,delivered,2018-05-15 19:06:04,2018-05-16 02:54:06,2018-05-16 12:58:00,2018-05-17 17:04:30,2018-05-23,1,a06c8ff043abea0528ee44171e2140a2,31.9,8.29,2018-05-22 02:54:06,SP,9371,MG,35501,0.7443981481481482,1.1711805555555554,-5.288541666666666,0,0,on_time,5.0,MG->SP
d715d369c36bd59d99abd5ed62940530,7de0835c86a91b038913a48c54d67d4c,delivered,2017-08-16 22:44:46,2017-08-17 00:44:37,2017-08-17 17:03:49,2017-08-22 20:26:53,2017-09-12,1,c3cfdc648177fdbbbb35635a37472c53,79.9,15.31,2017-08-25 00:44:37,SP,12630,PR,80610,0.7632291666666666,5.141018518518519,-20.147997685185185,0,0,on_time,5.0,PR->SP
797a924cf84d2f2ff7964c588c288638,9c7dab4c1f262f3280dc95d1a6b080dd,delivered,2018-02-13 19:01:04,2018-02-13 19:10:39,2018-02-14 23:58:31,2018-03-05 12:38:33,2018-03-16,1,c3867b4666c7d76867627c2f7fb22e21,260.0,39.34,2018-02-19 18:10:39,MT,78090,SP,14580,1.2065625,18.527800925925927,-10.473229166666666,0,0,on_time,4.0,SP->MT
867a96f5ffe70eb3e90140ff7c81cfc6,0fae07bb4b1670e3da7d768c54f59464,delivered,2017-10-26 08:39:55,2017-10-26 08:49:49,2017-10-26 20:42:32,2017-10-31 23:58:43,2017-11-28,1,ef506c96320abeedfb894c34db06f478,25.99,17.63,2017-11-01 08:49:19,PA,66083,SP,3569,0.5018171296296297,5.136238425925926,-27.000891203703706,0,0,on_time,5.0,SP->PA
73e85a295c3028a2283eb8182a8ac56b,6d75b739e1547399c38335db5a099405,delivered,2018-07-30 15:43:54,2018-08-02 13:42:54,2018-07-31 12:57:00,2018-08-27 21:54:40,2018-08-22,1,dbdd0ec73a4817971d962698f2fea022,399.0,144.29,2018-08-02 18:30:46,SP,6458,CE,60710,0.8840972222222222,27.37337962962963,5.912962962962963,1,0,carrier,1.0,CE->SP
61986df3dc483509b39f7fda7a82c10c,a5165325694d4b37d5d85e51417c697b,delivered,2017-01-30 20:28:45,2017-01-30 21:35:50,2017-01-31 09:39:41,2017-02-08 13:12:40,2017-03-07,1,004c9cd9d87a3c30c522c48c4fc07416,189.99,18.0,2017-02-05 20:28:45,SP,13330,SP,14940,0.5492592592592592,8.147905092592593,-26.44953703703704,0,0,on_time,5.0,SP->SP
31ec3f0ab81178179221541af6dddbad,efa0549f99676dc8a796ae6a73a4236d,delivered,2018-04-09 13:28:31,2018-04-09 13:51:16,2018-04-10 00:25:51,2018-04-13 18:39:49,2018-05-07,1,562fc2f2c2863ab7e79a9e4388a58a14,54.99,22.09,2018-04-13 13:51:16,BA,44950,SP,13070,0.4564814814814815,3.759699074074074,-23.22234953703704,0,0,on_time,5.0,SP->BA
2ad9dad7b4962fc37fd33869e09ae5b6,ac6ea0ab33845a564031838893725a80,delivered,2018-08-07 08:19:25,2018-08-07 08:44:53,2018-08-09 14:59:00,2018-08-13 21:32:21,2018-08-20,1,23c38debaffe4a25a30fdbd9b586a13f,47.06,11.35,2018-08-16 08:44:53,SP,12242,SP,18110,2.277488425925926,4.273159722222222,-6.102534722222222,0,0,on_time,5.0,SP->SP
a5ec4b722860bf18fd1ff9fd35fbfff8,0d0e02f035f84b429d470d83437aad47,delivered,2018-05-21 02:46:48,2018-05-21 03:37:39,2018-05-21 16:03:00,2018-05-23 21:08:18,2018-05-29,1,28f10b1c5e5abb9d4857745bede6147c,42.0,7.39,2018-05-25 03:31:00,SP,4622,SP,4250,0.5529166666666666,2.212013888888889,-5.119236111111111,0,0,on_time,5.0,SP->SP
35bf7f86bc7add201e5b6573052157f0,7fedd1fd0e93898a67a4ffa570b50497,delivered,2018-08-13 22:22:03,2018-08-13 22:30:14,2018-08-28 09:43:00,2018-08-30 18:28:31,2018-08-27,1,20a8b0dc55da94fe74d112082427c84f,49.9,18.45,2018-08-15 22:30:14,RJ,22631,SP,13312,14.472881944444444,2.36494212962963,3.7698032407407407,1,1,seller,1.0,SP->RJ
77c75c0f9b0b1c5417b62c696c4734e5,e8b9bdf215893d907b9c19990c5abd23,delivered,2017-01-16 23:03:40,2017-01-16 23:15:08,2017-01-17 14:16:54,2017-01-24 17:06:00,2017-03-02,1,4e922959ae960d389249c378d1c939f5,39.0,16.11,2017-01-20 23:03:40,RS,92412,SP,12327,0.6341898148148148,7.117430555555556,-36.2875,0,0,on_time,5.0,SP->RS
4973b3b81af1585534c0b3de209acec6,723409d11424a9f6ea00c73150a9ee1c,delivered,2018-08-15 21:14:20,2018-08-15 21:44:12,2018-08-22 10:21:00,2018-08-29 11:21:38,2018-09-11,1,1025f0e2d44d7041d6cf58b6550e0bfa,162.8,45.06,2018-08-21 21:44:12,RN,59162,SP,3204,6.546296296296297,7.042106481481482,-12.52664351851852,0,1,on_time,5.0,SP->RN
6af5d730993da615e313627e0ac37f87,f48205601396f53905f1d9e5370f621e,delivered,2018-05-07 14:33:53,2018-05-07 16:33:38,2018-05-09 06:46:00,2018-05-14 17:14:56,2018-05-25,1,0cbcee27c791afa0cdcb08587a2013a8,124.0,14.95,2018-05-11 16:31:30,MG,36045,MG,37410,1.6750810185185183,5.436759259259259,-10.281296296296295,0,0,on_time,4.0,MG->MG
1200ed0c118de7e4524b65918a42c990,f46837583188d7b1c0c09395eb4e0611,delivered,2018-07-17 20:23:46,2018-07-18 04:35:15,2018-07-18 13:43:00,2018-07-27 13:24:50,2018-08-03,1,85cc55e048b6bcc90c75afe7f0e72f72,32.9,27.18,2018-07-20 04:35:15,MS,79602,RJ,27345,0.7216898148148149,8.98738425925926,-6.441087962962963,0,0,on_time,5.0,RJ->MS
5f14e4f5d9265dd3e65767518f7ee63f,7bd51ad546d78d7678edfe06a435e86f,delivered,2018-05-07 15:12:26,2018-05-07 16:55:54,2018-05-08 13:40:00,2018-05-11 20:26:34,2018-05-24,1,7ea5bfa6c340f58f8e71fc1f0412b0d6,99.49,18.58,2018-05-11 16:55:54,SP,13484,MG,30180,0.9358101851851852,3.2823379629629628,-12.148217592592593,0,0,on_time,5.0,MG->SP
469154149d5faa926f0c01971b89dae4,8e607c2cb0711018115d7a6aaff94bc3,delivered,2018-02-13 10:07:59,2018-02-13 10:27:09,2018-02-15 19:56:31,2018-02-20 21:22:52,2018-03-19,1,066a6914e1ebf3ea95a216c73a986b91,260.0,23.96,2018-02-22 09:27:09,PR,83408,PR,85863,2.408703703703704,5.059965277777778,-26.10912037037037,0,0,on_time,5.0,PR->PR
deef06897cb3c1fabed5858c4f9a6c70,038302481fecf4b95852065a483b8d95,delivered,2018-08-23 11:30:04,2018-08-23 11:45:56,2018-08-23 12:12:00,2018-08-27 16:52:02,2018-09-20,1,30829ded4523ab9224b93bc49a62c95f,198.0,28.06,2018-08-31 11:45:56,RS,90480,RS,95360,0.0291203703703703,4.194467592592592,-23.29719907407408,0,0,on_time,5.0,RS->RS
4c0e7658ee833bf5d9523ef57e6c202f,1c20529edb5645a924ca04b00315f515,delivered,2017-07-24 12:35:14,2017-07-24 12:45:12,2017-07-24 20:17:18,2017-08-18 13:17:22,2017-08-21,1,4a3ca9315b744ce9f8e9374361493884,69.9,15.24,2017-07-28 12:45:12,GO,76510,SP,14940,0.3208796296296296,24.70837962962963,-2.446273148148148,0,0,on_time,5.0,SP->GO
b40a02b5c20286506b2fecd71ace2f5a,edb933ed8dbc1ac6e080a55fc8357cad,delivered,2017-10-25 21:04:31,2017-10-25 21:25:06,2017-10-26 19:41:51,2017-11-01 13:33:09,2017-12-08,1,8444e55c1f13cd5c179851e5ca5ebd00,79.9,13.58,2017-11-10 21:25:06,SP,8738,MG,37584,0.9425925925925924,5.7439583333333335,-36.4353125,0,0,on_time,5.0,MG->SP
3c1c18de3b4459c8116a23272c4599d1,b5c36e7b16994772e98044915c5cdd83,delivered,2017-09-24 23:09:09,2017-09-25 23:27:33,2017-09-26 19:27:42,2017-10-11 20:07:53,2017-10-20,1,729f06993dac8e860d4f02d7088ca48a,144.9,43.42,2017-10-01 23:27:33,MA,65066,SP,13481,1.8462152777777776,15.027905092592592,-8.16119212962963,0,0,on_time,5.0,SP->MA
2f23a9158502cad79609b5f062f56ca0,b4d853918c551623466de85298b74aa0,delivered,2017-09-06 10:19:12,2017-09-06 10:30:10,2017-09-12 21:23:36,2017-09-13 19:07:29,2017-09-19,1,96493fab2fbb13a14d0c0e8772eef5c3,339.0,11.19,2017-09-13 10:30:10,SP,2317,SP,5537,6.461388888888889,0.9054745370370372,-5.203136574074074,0,0,on_time,4.0,SP->SP
632ac5c2bf3c8aeafd09f914775789c3,5e3abd6568fe73ab6e644148e7312457,delivered,2018-05-17 14:46:58,2018-05-18 02:54:28,2018-05-18 08:23:00,2018-05-24 12:56:28,2018-06-05,1,b839e41795b7f3ad94cc2014a52f6796,450.0,17.24,2018-05-24 02:54:28,SP,16200,SP,9541,0.7333564814814815,6.189907407407407,-11.460787037037036,0,0,on_time,5.0,SP->SP
f1e21bf02dd5a9f69c64397ef7bd0433,298c879e4fc0844be75e87e613246470,delivered,2018-03-19 11:20:11,2018-03-19 11:31:39,2018-03-19 21:08:51,2018-03-20 21:48:41,2018-03-29,1,9f505651f4a6abe901a56cdc21508025,67.99,14.52,2018-03-23 11:30:57,SP,13148,SP,4102,0.4087962962962962,1.027662037037037,-8.09119212962963,0,0,on_time,5.0,SP->SP
fad45938bae3bd8a63fbae03cc8ae040,d4a9ae0280546de3e139880622aecfdb,delivered,2017-08-17 15:11:20,2017-08-17 15:45:16,2017-09-06 19:38:08,2017-09-19 11:10:51,2017-09-25,1,8444e55c1f13cd5c179851e5ca5ebd00,829.0,23.37,2017-08-30 15:45:16,ES,29200,MG,37584,20.185277777777777,12.647719907407408,-5.534131944444445,0,1,on_time,1.0,MG->ES
5590b14b260d2f61b2db5efb8d4a4601,e54f8011cb29eb0d2c0d98a3e402fb5c,delivered,2017-11-24 10:53:10,2017-11-24 12:32:11,2017-11-24 20:38:49,2017-12-07 21:57:06,2017-12-14,1,fe2032dab1a61af8794248c8196565c9,233.0,16.39,2017-11-30 12:31:26,RJ,20560,SP,13030,0.4067013888888889,13.054363425925926,-6.085347222222223,0,0,on_time,5.0,SP->RJ
fa807b443e46df35d40fa3e40349057a,d7ff70ab374c804ebca0bd85bc528a92,delivered,2017-10-06 11:03:53,2017-10-06 11:14:20,2017-10-10 15:06:42,2017-10-24 22:32:40,2017-11-03,1,900ba814c251a692506d7834c1218441,370.47,33.34,2017-10-13 11:14:20,GO,75115,SP,13328,4.168622685185185,14.309699074074071,-9.060648148148148,0,0,on_time,4.0,SP->GO
60c9450e414b5c1a71cf9034cd62ae29,592b8900e0e8325027d885e6d30d0283,delivered,2018-06-29 21:32:12,2018-06-29 21:50:36,2018-07-02 14:24:00,2018-07-06 14:27:49,2018-07-24,1,602044f2c16190c2c6e45eb35c2e21cb,49.99,13.01,2018-07-04 21:50:36,SP,15720,SP,14940,2.702638888888889,4.002650462962963,-17.397349537037037,0,0,on_time,5.0,SP->SP
6e1e856a0fa5c51efd83408e3f8d1fe3,d6819da44ecb6d2001b72d4f19ce1e4f,delivered,2017-10-24 12:20:42,2017-10-25 02:28:21,2017-10-25 19:09:22,2017-10-26 15:44:51,2017-11-06,1,f8db351d8c4c4c22c6835c19a46f01b0,45.9,8.27,2017-10-31 02:28:21,SP,6236,SP,13324,1.2837962962962963,0.8579745370370371,-10.343854166666668,0,0,on_time,4.0,SP->SP
17697f8b42c55a20565782a3b9c1a595,d2f186ceb055fd3674aa324ef1e43fcc,delivered,2017-11-22 17:10:38,2017-11-22 17:16:33,2017-11-23 18:42:41,2017-11-27 15:12:33,2017-12-08,1,7e93a43ef30c4f03f38b393420bc753a,649.99,16.05,2017-11-28 17:16:33,SP,18607,SP,6429,1.063923611111111,3.854074074074074,-10.366284722222222,0,0,on_time,4.0,SP->SP
ec323db17a13fc07c4b07f0f7f86986d,f9c96252874067d98cead6b1f3859c02,delivered,2017-12-09 17:59:48,2017-12-09 18:10:42,2017-12-13 23:49:37,2018-01-07 14:52:10,2018-01-16,1,004c9cd9d87a3c30c522c48c4fc07416,82.99,28.98,2017-12-18 18:10:42,PE,51030,SP,14940,4.242928240740741,24.62677083333333,-8.380439814814816,0,0,on_time,,SP->PE
f6efef5d403a2c70636e3903f1ebd151,627b29f111e1f4c11daf1e83b8202cd5,delivered,2018-06-18 19:57:43,2018-06-18 20:36:35,2018-06-22 09:49:00,2018-06-28 20:50:59,2018-07-24,1,0ddefe3c7a032b91f4e25b9c3a08fca1,36.9,15.36,2018-06-22 20:31:04,RJ,20260,SP,9721,3.5772800925925927,6.459710648148148,-25.131261574074077,0,0,on_time,5.0,SP->RJ
34fad2c694d4b57ef78b164a097cf817,df151768000c436bd5dbef2f753606a5,delivered,2018-01-09 12:13:00,2018-01-09 12:29:04,2018-01-09 19:26:26,2018-01-23 17:12:21,2018-02-08,1,8ae520247981aa06bc94abddf5f46d34,599.0,18.94,2018-01-15 12:29:04,SP,13015,SC,88370,0.3009953703703704,13.906886574074074,-15.283090277777776,0,0,on_time,5.0,SC->SP
f57b38cc7b69f8d5e9b3d61c9745fbf0,fae28a5fc286e0b795ffe2627de38fda,delivered,2018-08-09 11:54:00,2018-08-09 15:10:13,2018-08-09 16:03:00,2018-08-13 15:28:33,2018-08-20,1,acce39e832338debb07b02385cde5967,59.9,15.52,2018-08-13 15:10:13,SP,9180,MG,32110,0.1729166666666666,3.976076388888889,-6.355173611111111,0,0,on_time,5.0,MG->SP
49e84824ae503af008a7cc379ebab409,5926018301827261608273eed79d5732,delivered,2018-07-28 14:54:19,2018-07-28 15:10:09,2018-08-01 15:17:00,2018-08-08 15:52:11,2018-08-22,1,53243585a1d6dc2643021fd1853d8905,340.0,42.92,2018-08-02 15:10:09,RJ,24436,BA,42738,4.015752314814815,7.0244328703703705,-13.338761574074072,0,0,on_time,5.0,BA->RJ
1dcf1d0893b367c602c4af8db66a5a18,a6e43a3c657cf02040c2b123eb89a892,delivered,2017-07-19 19:56:42,2017-07-19 20:10:14,2017-07-20 19:13:04,2017-07-21 21:23:22,2017-08-01,1,f615fe7efbef0f4f08fd3086bc7a3e60,55.9,12.48,2017-07-25 20:10:14,SP,6537,SP,12940,0.969699074074074,1.090486111111111,-10.108773148148147,0,0,on_time,5.0,SP->SP
f11e9516ca2b6091b64f2e2ea0ebebb3,7d527c98f408420a9d5c953e5b89215e,delivered,2018-02-22 20:53:14,2018-02-22 21:28:02,2018-02-23 23:19:09,2018-03-28 22:04:44,2018-03-19,1,4869f7a5dfa277a7dca6462dcf3b52b2,204.0,18.68,2018-02-28 21:28:02,MG,37410,SP,14840,1.1013310185185186,32.94832175925926,9.919953703703705,1,0,carrier,1.0,SP->MG
0ab83b3fdbca202530950e8f1896412a,244ee0a895eedc35629c2f83bef22176,delivered,2017-05-17 10:25:44,2017-05-17 10:45:20,2017-05-18 14:18:54,2017-05-23 11:53:45,2017-06-19,1,85d9eb9ddc5d00ca9336a2219c97bb13,31.9,17.63,2017-05-23 10:45:20,RS,90010,MG,31255,1.1619212962962964,4.899201388888889,-26.50434027777778,0,0,on_time,5.0,MG->RS
a0d31fc7018373aa3c492734af6f5d41,1a3fc7f4770fb17f6ab21c021b081ca6,delivered,2018-03-21 11:08:07,2018-03-22 02:49:56,2018-03-23 19:33:06,2018-03-26 19:04:02,2018-04-10,1,53e4c6e0f4312d4d2107a8c9cddf45cd,32.0,8.88,2018-03-28 02:49:56,SP,2180,SP,13920,2.3506828703703704,2.979814814814815,-14.205532407407407,0,0,on_time,5.0,SP->SP
e11c81f63f7e2ef0a0a22cbc781e8099,3d563f75e0e9a0ce00da6f3971e87176,delivered,2018-08-06 17:05:42,2018-08-06 17:15:19,2018-08-08 16:25:00,2018-08-14 19:37:46,2018-08-17,1,ea8482cd71df3c1969d7b9473ff13abc,24.99,12.84,2018-08-08 17:15:19,SP,19575,SP,4160,1.9717361111111111,6.133865740740741,-2.182106481481481,0,0,on_time,5.0,SP->SP
cea05d3139cd44136f17235b6f42969f,d999be4ad55ab611a78cbaffcee30aa9,delivered,2018-07-02 09:13:20,2018-07-05 16:14:44,2018-07-05 14:00:00,2018-07-10 19:03:38,2018-07-27,1,82cb9f452fe8334df74b22d37824b431,37.5,18.36,2018-07-09 04:30:42,PR,85603,RS,95013,3.199074074074074,5.210856481481481,-16.205810185185186,0,0,on_time,4.0,RS->PR
7efe7d821a28e5891395832097475428,13eecc109755d75fffcf60091efa0661,delivered,2017-04-10 13:30:36,2017-04-10 13:45:18,2017-04-11 12:09:41,2017-04-18 12:30:07,2017-05-04,1,7e1fb0a3ebfb01ffb3a7dae98bf3238d,232.0,29.96,2017-04-14 13:45:18,MG,35162,SP,14403,0.9438078703703704,7.014189814814815,-15.479085648148148,0,0,on_time,1.0,SP->MG
93148127b5171218691072991e78bdbc,ae8d66e811a5685e813d4fabe3b805a6,delivered,2017-05-29 09:39:57,2017-05-29 09:50:21,2017-06-02 14:59:57,2017-06-07 16:55:51,2017-06-19,1,23613d49c3ac2bd302259e55c06c050c,89.9,17.34,2017-06-02 09:50:21,SP,19700,SP,13660,4.222222222222222,5.080486111111111,-11.29454861111111,0,1,on_time,5.0,SP->SP
2325d666957d7dff6712511c743fb2ff,6dce9fbed8fea7b86fa55d91cb8a30b4,delivered,2017-12-13 15:40:19,2017-12-13 15:50:37,2017-12-14 16:28:58,2018-01-12 22:59:10,2018-01-10,1,e5475dcab1e07b63d7f6e902d8f5eda8,38.0,15.1,2017-12-19 15:50:37,RJ,28300,SP,9921,1.0337847222222225,29.270972222222223,2.9577546296296298,1,0,carrier,2.0,SP->RJ
59e2aa6cada46ead4c4520d965785640,bf1723772c5aeb6d78db6f2a6456e417,delivered,2018-07-05 11:39:19,2018-07-05 16:31:07,2018-07-05 14:13:00,2018-07-09 13:41:00,2018-07-24,1,1835b56ce799e6a4dc4eddc053f04066,237.99,14.33,2018-07-09 12:31:06,SP,11055,SP,14940,0.106724537037037,3.977777777777778,-14.42986111111111,0,0,on_time,5.0,SP->SP
7579e83c4b3105eb739458f2e6fee4f8,1678c6ae6e1ee4c4b06f224f7cff0846,delivered,2017-07-23 16:39:24,2017-07-23 16:55:10,2017-07-25 12:33:14,2017-07-28 13:58:14,2017-08-11,1,cca3071e3e9bb7d12640c9fbe2301306,51.92,12.7,2017-07-27 16:55:10,SP,9090,SP,14940,1.829050925925926,3.0590277777777777,-13.417893518518518,0,0,on_time,4.0,SP->SP
6db52864e566d8d4dd332974496a3c67,fd636f2e6a579b3241357a76b71b88e6,delivered,2018-02-01 17:04:46,2018-02-01 17:16:08,2018-02-05 22:58:32,2018-02-15 15:04:49,2018-02-19,1,15aac934c58d886785ac1b17953ea898,22.0,7.94,2018-02-07 17:16:08,RJ,22790,ES,29480,4.245671296296297,9.671030092592591,-3.3716550925925928,0,0,on_time,5.0,ES->RJ
04aecd02392f7ec523e0e3f208d7e890,1b3a5726a67f0222890dc9c922f19809,delivered,2018-04-04 16:37:52,2018-04-04 16:49:52,2018-04-05 20:07:42,2018-04-10 18:44:30,2018-04-16,1,45ba18c210d42734ec52c0c1c574e9ee,103.99,7.59,2018-04-10 16:49:52,SP,11701,SP,18130,1.1457175925925926,4.942222222222222,-5.219097222222223,0,0,on_time,4.0,SP->SP
2bf122032657da71d81f97a2e1e1ce66,84ccde4ae523c9ebc2eb42f7e6211e93,delivered,2017-12-27 20:54:09,2017-12-27 21:07:04,2018-01-02 18:51:46,2018-01-04 15:06:00,2018-01-22,1,1f50f920176fa81dab994f9023523100,49.9,13.37,2018-01-03 21:07:04,SP,9791,SP,15025,5.915011574074074,1.8432175925925929,-17.370833333333334,0,0,on_time,5.0,SP->SP
99bc267f49d76932cd195bfb2a94dd03,a74d22d1fa7ac7e321a09c49fb1b3b15,delivered,2018-02-26 11:25:38,2018-02-26 11:49:41,2018-03-23 20:44:24,2018-04-03 19:26:38,2018-03-20,1,88460e8ebdecbfecb5f9601833981930,149.9,13.18,2018-03-02 11:49:41,SP,13085,PR,87030,25.388032407407408,10.94599537037037,14.810162037037037,1,1,seller,1.0,PR->SP
926355ffa49be1cca35b492f916bb6ca,8db0d5efc870373f918d092930f8e762,delivered,2017-02-12 22:37:05,2017-02-12 22:45:10,2017-02-14 04:04:26,2017-02-16 20:32:10,2017-03-10,1,4e7c18b98d84e05cbae3ff0ff03846c2,199.9,34.44,2017-02-16 22:37:05,SP,9850,SP,14882,1.2273263888888888,2.685925925925926,-21.144328703703703,0,0,on_time,5.0,SP->SP
4676e642aa92a4ba1131e935a2ac6246,145a4deb39fadd4ac6f0c758335f1baf,delivered,2018-07-24 13:41:59,2018-07-24 13:55:23,2018-07-26 12:44:00,2018-07-30 23:59:20,2018-08-15,1,fe1b067411b8c5066e962aa146ccee03,92.99,18.84,2018-07-30 13:53:04,PR,80410,SP,19020,1.9597337962962964,4.468981481481482,-15.000462962962963,0,0,on_time,4.0,SP->PR
23185987a928a964abc85b9dec1f39e2,8915506d8d59fa7dd9213f136fce84f8,delivered,2017-09-23 15:31:05,2017-09-23 15:44:36,2017-09-25 18:55:46,2017-09-30 13:23:55,2017-10-10,1,45d33f715e24d15a6ccf5c17b3a23e3c,87.9,9.36,2017-09-28 15:44:36,SP,4145,SP,18015,2.142141203703704,4.769548611111111,-9.441724537037038,0,0,on_time,3.0,SP->SP
7593ea1c0af8d1c0915e186ec81d236a,10503e40cd8afbb32597f599442f3ae3,delivered,2018-06-10 11:00:13,2018-06-12 04:57:10,2018-06-12 13:39:00,2018-07-10 04:54:33,2018-06-26,1,72c5da29406b4234927b81855e7b64f6,299.99,14.0,2018-06-18 04:57:10,SP,13179,SP,7077,2.110266203703704,27.63579861111111,14.204548611111113,1,0,carrier,1.0,SP->SP
676157c2d1075c88ea0009f8d7d2d389,f6d0beda15d742eb9351737ba24ec199,delivered,2016-10-07 10:18:50,2016-10-07 11:55:27,2016-10-21 12:25:59,2016-11-09 11:51:28,2016-12-13,1,710e3548e02bc1d2831dfc4f1b5b14d4,49.99,26.61,2016-10-11 11:55:28,AL,57017,PR,86600,14.088298611111112,18.97603009259259,-33.50592592592593,0,1,on_time,4.0,PR->AL
88b09aac7b8d279dec75a3a810c21028,2ad663165e9d0bf46c7a41509af06f2f,delivered,2017-06-22 21:09:34,2017-06-24 02:30:23,2017-06-27 13:37:55,2017-06-28 12:19:55,2017-07-05,1,3bdff180c7e1f6551a643b99c265a120,29.9,9.34,2017-06-29 02:30:23,SP,4382,SP,4811,4.686354166666667,0.9458333333333332,-6.486168981481481,0,0,on_time,5.0,SP->SP
f3b6286e074ced4149f83f3b7fd95b3e,05d18f7033aeb69e03888511124a473e,delivered,2018-05-10 14:00:13,2018-05-10 14:16:33,2018-05-16 15:16:00,2018-05-18 01:46:19,2018-05-22,1,6bd69102ab48df500790a8cecfc285c2,1180.0,18.89,2018-05-16 14:16:33,SP,1204,SP,4293,6.052627314814814,1.4377199074074074,-3.9261689814814815,0,1,on_time,5.0,SP->SP
a14b18fc312879f9783d9d6c3f216787,a28d84b0258584bfe43bfe94bd30b657,delivered,2018-05-31 17:39:16,2018-05-31 17:50:47,2018-06-01 13:24:00,2018-06-04 21:14:49,2018-06-26,1,f27e33c6d29b5138fa9967bcd445b6d5,19.9,7.39,2018-06-08 17:50:47,SP,4532,SP,4273,0.8227314814814815,3.3269560185185183,-21.114710648148147,0,0,on_time,5.0,SP->SP
3b4f91054cb9728a62114d3103612374,b78af1eb8561b53cb6b93162ecb34e49,delivered,2017-10-16 21:39:31,2017-10-16 21:50:21,2017-10-27 21:51:03,2017-11-10 00:58:36,2017-11-17,1,7c67e1448b00f6e969d365cea6b010ab,139.99,17.42,2017-10-27 21:50:21,BA,48903,SP,8577,11.00800925925926,13.130243055555557,-6.959305555555556,0,1,on_time,4.0,SP->BA
03abe0f86b91213bd62793ca180b232d,badd985462c8b012533248eef2b4bd86,delivered,2018-07-09 22:03:53,2018-07-09 22:15:17,2018-07-10 10:15:00,2018-07-31 11:28:45,2018-08-03,1,6560211a19b47992c3666cc44a7e94c0,55.0,37.3,2018-07-11 22:15:17,CE,62530,SP,5849,0.5077199074074074,21.05121527777778,-2.521701388888889,0,0,on_time,5.0,SP->CE
abfa62484a4c1688f4f78421626be291,68690939aef665082e350cfa7936aa33,delivered,2017-08-28 14:08:16,2017-08-30 02:11:02,2017-08-30 19:46:12,2017-09-11 17:07:50,2017-09-25,1,5a8e7d5003a1f221f9e1d6e411de7c23,69.9,16.25,2017-09-06 02:11:02,PR,85830,SP,13076,2.234675925925926,11.890023148148147,-13.286226851851852,0,0,on_time,1.0,SP->PR
9fdcbf4559fdbe106a9d0a99db753858,97859d4bc3d358aacfedc0eed918be83,delivered,2017-10-26 21:55:59,2017-10-26 22:10:05,2017-10-27 16:13:14,2017-11-07 01:09:56,2017-11-14,1,a1043bafd471dff536d0c462352beb48,179.99,26.88,2017-11-02 22:10:05,MG,38705,MG,37175,0.7619791666666667,10.372708333333334,-6.951435185185185,0,0,on_time,5.0,MG->MG
4e80d0b6c184e0495126f54469869365,ae23c7a1bdc9a2f228213e9da905fe47,delivered,2018-05-14 15:59:38,2018-05-14 16:14:01,2018-05-15 07:02:00,2018-05-21 21:48:45,2018-06-05,1,381c83fdca332ea6afd896da20bf6e4a,184.0,21.02,2018-05-16 16:14:01,MG,30130,PR,80010,0.6266435185185185,6.615798611111111,-14.091145833333334,0,0,on_time,5.0,PR->MG
a5c81bfe0a74d9a415cff0ed027f468d,0e79189ae07ae153e49329776b5e9304,delivered,2017-05-30 20:44:31,2017-05-30 20:55:10,2017-05-31 11:43:56,2017-06-06 12:22:49,2017-06-26,1,f7720c4fa8e3aba4546301ab80ea1f1b,39.7,16.92,2017-06-05 20:55:10,RJ,20090,PR,81350,0.6245949074074074,6.027002314814815,-19.48415509259259,0,0,on_time,5.0,PR->RJ
f6c08fc8e2fae4534791140858e82621,9a2e6e4343dba3bfaa907007cc0fd15e,delivered,2017-07-17 22:20:27,2017-07-18 22:15:16,2017-07-20 16:27:41,2017-07-28 20:17:53,2017-08-04,1,83e197e95a1bbabc8c75e883ed016c47,129.9,14.5,2017-07-24 22:15:16,RJ,28915,RJ,25900,2.755023148148148,8.15986111111111,-6.154247685185185,0,0,on_time,5.0,RJ->RJ
3634230a0d22927e0e78de347439ff41,8d8b8b4eebbce9d761f6636f50f76560,delivered,2017-08-07 09:32:32,2017-08-07 09:45:17,2017-08-11 19:21:56,2017-08-17 16:07:09,2017-09-12,1,44073f8b7e41514de3b7815dd0237f4f,15.0,15.79,2017-08-22 09:45:17,SP,3383,DF,71070,4.409305555555555,5.864733796296297,-25.328368055555558,0,0,on_time,4.0,DF->SP
8376f6035204b549b6bae5c4a7aa5a44,a2b2a36f8fc933744ce13a81e2a28291,delivered,2017-11-16 19:12:57,2017-11-16 19:35:02,2017-11-20 13:35:31,2017-12-06 21:35:48,2017-12-12,1,406822777a0b9eb5c50e442dd4cd3ec5,55.9,17.64,2017-11-22 19:31:00,PR,80310,SP,18500,3.765671296296296,16.333530092592593,-5.100138888888889,0,0,on_time,5.0,SP->PR
5bb486f174563e721db5e7ba3ecd4fdd,6279699ddc44b1e242aeae46bdee5ee7,delivered,2018-01-31 23:38:13,2018-02-02 02:55:54,2018-02-05 15:49:55,2018-02-15 22:46:46,2018-02-26,1,f457c46070d02cadd8a68551231220dd,89.9,15.38,2018-02-08 02:55:54,SC,88117,PR,87047,4.674791666666667,10.289479166666666,-10.050856481481482,0,0,on_time,5.0,PR->SC
7c7ebd74dd17f0b9acf62f5beed03aa1,6e27397af1baf39e5ab0c68da1860fe3,delivered,2018-06-15 17:36:15,2018-06-15 18:00:46,2018-06-18 19:43:00,2018-06-19 22:54:28,2018-06-28,1,da8622b14eb17ae2831f4ac5b9dab84a,29.9,7.79,2018-06-19 18:00:46,SP,4560,SP,13405,3.088020833333333,1.132962962962963,-8.045509259259259,0,0,on_time,5.0,SP->SP
e956e93f8f14b5ef3b2528d00f4abafa,2eccd7d82da88a214a57a414ffa69a93,delivered,2017-12-09 13:23:29,2017-12-09 13:32:31,2017-12-11 16:49:11,2018-01-05 20:28:30,2018-01-08,1,d673a59aac7a70d8b01e6902bf090a11,29.9,15.1,2017-12-14 13:31:25,ES,29072,SP,14940,2.142847222222222,25.15230324074074,-2.146875,0,0,on_time,3.0,SP->ES
ca860fbc7c3132b89e9e134a00652215,043b3cac6240fc110a721919bd6dea93,delivered,2017-08-25 22:08:13,2017-08-29 04:25:55,2017-08-29 16:23:53,2017-09-12 20:39:56,2017-09-18,1,37be5a7c751166fbc5f8ccba4119e043,195.0,0.0,2017-09-06 04:25:55,RJ,25075,SP,4248,3.76087962962963,14.1778125,-5.138935185185185,0,0,on_time,2.0,SP->RJ
2f9892eb8df4a437d90cc5b1486f3b02,297aeb5959c0876ec66beba1a5202c6c,delivered,2017-07-29 20:26:14,2017-07-29 20:43:30,2017-08-03 18:58:46,2017-08-10 20:09:54,2017-08-22,1,da8622b14eb17ae2831f4ac5b9dab84a,99.9,21.19,2017-08-03 20:43:30,RJ,23066,SP,13405,4.939259259259259,7.049398148148148,-11.159791666666669,0,0,on_time,5.0,SP->RJ
97abddc4ddff2f3df5eeae15b23f8959,3d42c8bfae4c6c3e3e4736eb7a6895d5,delivered,2018-07-26 09:25:14,2018-07-27 09:25:11,2018-07-27 11:32:00,2018-08-04 00:11:28,2018-08-14,1,0951a6e282947e09cd47969f4ed0b47f,74.9,17.45,2018-08-02 09:25:11,BA,40080,SP,6763,1.0880324074074077,7.527407407407407,-9.992037037037036,0,0,on_time,4.0,SP->BA
b8f1089ec747d0bc2fada1ac19b66260,8562f88633b4e552155fc2476c0247af,delivered,2017-04-02 22:05:09,2017-04-02 22:22:37,2017-04-10 18:04:44,2017-05-03 10:44:47,2017-05-16,1,7c67e1448b00f6e969d365cea6b010ab,129.6,25.4,2017-04-13 22:22:37,CE,63170,SP,8577,7.833043981481482,22.694479166666667,-12.552233796296296,0,0,on_time,5.0,SP->CE
0be098c4a208559b0e6c96c3254481a7,fb9905dff73be7499c32a25c99961503,delivered,2018-06-22 10:18:32,2018-06-22 10:36:06,2018-06-26 14:25:00,2018-06-28 15:56:44,2018-07-31,1,612170e34b97004b3ba37eae81836b4c,298.5,17.19,2018-07-05 10:30:46,SP,13015,RS,93542,4.171157407407407,2.063703703703704,-32.335601851851855,0,0,on_time,5.0,RS->SP
5eba6d8afdd49d9208232bbd26e9fd0f,4c80e5d2be0abe809be7d2307881969b,delivered,2018-07-22 13:09:08,2018-07-23 11:32:07,2018-07-23 15:09:00,2018-07-27 11:18:29,2018-08-13,1,955fee9216a65b617aa5c0531780ce60,89.9,26.93,2018-07-25 09:19:12,SC,88980,SP,4782,1.0832407407407407,3.839918981481482,-16.528831018518517,0,0,on_time,5.0,SP->SC
f4e89e886af11935090e0dc7c401ee3a,c0bfd7a4af42e5c34ad72c0e641bdce4,delivered,2017-02-15 19:29:14,2017-02-15 19:43:07,2017-02-17 13:05:15,2017-02-23 12:25:52,2017-03-20,1,066a6914e1ebf3ea95a216c73a986b91,89.99,17.47,2017-02-19 18:29:14,RJ,22440,PR,85863,1.7333449074074074,5.972650462962963,-24.48203703703704,0,0,on_time,4.0,PR->RJ
a49f05cadcb7f056c2725a1463b7d7db,e154aa6c833c997823d31268993dd32d,delivered,2018-01-24 18:10:28,2018-01-24 18:37:38,2018-01-25 17:09:12,2018-02-05 23:22:28,2018-02-21,1,c9c7905cffc4ef9ff9f113554423e671,119.99,14.59,2018-01-30 18:31:54,MS,79110,SP,6871,0.9574537037037038,11.259212962962962,-15.026064814814816,0,0,on_time,1.0,SP->MS
33097b1461e9e4dce6383085eef494b9,821997e264d6487e3ca1bf6df9983a68,delivered,2018-04-29 12:54:20,2018-04-29 13:10:58,2018-04-30 14:43:00,2018-05-05 11:48:48,2018-06-07,1,4b9750c8ad28220fe6702d4ecb7c898f,48.9,19.32,2018-05-04 13:10:58,RJ,21341,SP,13484,1.075462962962963,4.879027777777778,-32.507777777777775,0,0,on_time,5.0,SP->RJ
c52fc1fc33756cfdee5d0cd6fed55765,b2e3d091b5b6524577a1b12c46729c8a,delivered,2018-07-14 22:11:13,2018-07-14 22:25:20,2018-07-16 13:43:00,2018-07-27 16:56:22,2018-08-03,1,d9bd94811c3338dceb4181f3dbc0c73e,159.58,23.05,2018-07-18 22:25:20,BA,47850,SP,4186,1.6470717592592592,11.134282407407408,-6.294189814814815,0,0,on_time,5.0,SP->BA
12a5b8020b9000268a9f108bfe97cbe0,ce0fb071e08e4abd8134fd3401b23456,delivered,2017-05-17 13:35:45,2017-05-17 13:45:10,2017-05-23 15:34:57,2017-05-31 08:52:47,2017-06-16,1,53e4c6e0f4312d4d2107a8c9cddf45cd,149.0,45.5,2017-05-23 13:45:10,MG,35519,SP,13920,6.082777777777777,7.720717592592592,-15.630011574074071,0,1,on_time,1.0,SP->MG
65d20cd74349cb427d7feec3567a6fd0,4df495f45f53d7ffef19adf91a29f177,delivered,2017-07-07 13:06:55,2017-07-07 13:23:15,2017-07-07 19:03:10,2017-07-13 19:28:51,2017-07-24,1,004c9cd9d87a3c30c522c48c4fc07416,179.98,20.08,2017-07-17 13:23:15,SP,15990,SP,14940,0.2473958333333333,6.017835648148148,-10.188298611111112,0,0,on_time,5.0,SP->SP
e470d790c06fa65f0a02de3477502952,7adfb8d0c45a93174efd5b6d3485c433,delivered,2018-05-04 18:10:27,2018-05-08 03:52:52,2018-05-08 10:26:00,2018-05-14 20:41:28,2018-05-23,1,058cb5aeb36d7c0fcae20fc85d5e0a59,92.0,44.31,2018-05-14 03:52:22,RJ,28540,RJ,21635,3.677465277777778,6.427407407407407,-8.13787037037037,0,0,on_time,5.0,RJ->RJ
1c05452697a356ff98c4c3391e207ab6,43467feeda727a70fbb9a44eaa75bbae,delivered,2018-01-22 13:20:56,2018-01-22 14:55:00,2018-01-24 21:34:53,2018-02-07 19:51:50,2018-03-06,1,8f2ce03f928b567e3d56181ae20ae952,599.7,115.62,2018-01-26 14:55:00,PA,68740,SP,5141,2.3430208333333336,13.9284375,-26.172337962962963,0,0,on_time,3.0,SP->PA
c94206a6d6698d5852b7e9e14bdc2e79,0881e1574aa6b621c551a421297af5b8,delivered,2018-06-25 12:06:07,2018-06-25 12:15:25,2018-06-28 13:57:00,2018-06-29 19:24:41,2018-07-05,1,a7d0f8dd44f57ef6de7f7f02e3d82630,29.89,7.47,2018-06-29 12:15:25,SP,1238,SP,3225,3.077002314814815,1.2275578703703705,-5.19119212962963,0,0,on_time,5.0,SP->SP
b52ce41a14821d9fa67f8a77cebb3efc,20d8643f227f32bd4ea7070fb153db32,delivered,2018-02-10 18:24:53,2018-02-11 13:50:26,2018-02-14 15:48:59,2018-03-10 02:08:40,2018-03-09,1,955fee9216a65b617aa5c0531780ce60,210.0,52.69,2018-02-15 13:50:26,TO,77020,SP,4782,3.8917361111111113,23.430335648148148,1.089351851851852,1,0,carrier,4.0,SP->TO
d142e450e61b3eabff86c13e6a89a720,e0b3f7b124e73c8b50ce6ad2bed45362,delivered,2017-09-08 16:38:15,2017-09-08 17:04:22,2017-09-11 17:46:55,2017-09-18 19:34:53,2017-09-29,1,f00e21b1e91a79653163b7fd8f293ff1,99.9,12.83,2017-09-19 17:04:22,MG,36772,SP,37795,3.0476851851851854,7.074976851851852,-10.184108796296297,0,0,on_time,5.0,SP->MG
68354b9bbb79df0863b0138440c9e1b1,c86f7c54e57bc83cdfcb2406c144f038,delivered,2018-06-25 10:02:54,2018-06-25 10:15:23,2018-06-26 08:02:00,2018-06-27 18:06:54,2018-07-12,1,89ad3263c0931c47f976d7c5778e60f6,31.6,7.48,2018-06-29 10:15:23,SP,5734,SP,5127,0.9160416666666666,1.4200694444444444,-14.245208333333334,0,0,on_time,1.0,SP->SP
91691e7a660914bb835e82d2f6b12a2f,8535e7d171732dcdb3de48ff99040f6c,delivered,2018-02-01 17:39:01,2018-02-01 17:53:22,2018-02-02 23:42:11,2018-02-09 15:11:53,2018-02-23,1,6560211a19b47992c3666cc44a7e94c0,45.0,11.85,2018-02-07 17:53:22,SP,15910,SP,5849,1.252199074074074,6.645625,-13.366747685185183,0,0,on_time,5.0,SP->SP
7e582bf07e775814ee561ea660528808,c5208f60e08f7bfe285a7d7f9b179c0a,delivered,2018-04-12 15:09:11,2018-04-13 13:14:19,2018-04-17 21:22:36,2018-04-27 23:48:57,2018-05-08,1,0ddefe3c7a032b91f4e25b9c3a08fca1,15.9,17.93,2018-04-19 13:14:19,RS,94945,SP,9721,5.25931712962963,10.101631944444444,-10.00767361111111,0,0,on_time,5.0,SP->RS
243a969145fd8c5e4b6789857fc5d877,5db6c3bfaa53d6ed2ecfabae96c8039f,delivered,2017-07-07 21:46:44,2017-07-11 03:55:31,2017-07-11 21:14:04,2017-07-13 20:42:38,2017-07-24,1,f8db351d8c4c4c22c6835c19a46f01b0,52.9,9.27,2017-07-17 03:55:31,SP,2401,SP,13324,3.977314814814815,1.9781712962962965,-10.137060185185184,0,0,on_time,5.0,SP->SP
5480f040b65927b72574473cce844a76,3ae0ee80becb5e9de195f3cdd8487ebb,delivered,2017-08-30 17:53:35,2017-08-30 18:07:47,2017-08-31 19:32:28,2017-09-11 20:29:52,2017-09-21,1,45c20d94d9171b0bcfab3c955e47d67b,36.49,15.1,2017-09-05 18:07:47,RJ,20540,SP,13490,1.0686689814814814,11.039861111111112,-9.145925925925926,0,0,on_time,5.0,SP->RJ
ac62d970206a88360318e1eff941c6ec,830743a0ff94437e9454511b28e36380,delivered,2017-11-15 19:55:54,2017-11-15 20:10:36,2017-11-17 16:02:57,2017-11-23 22:55:01,2017-12-05,1,cca3071e3e9bb7d12640c9fbe2301306,52.11,11.86,2017-11-21 20:10:36,SP,18135,SP,14940,1.8382291666666664,6.286157407407408,-11.045127314814817,0,0,on_time,4.0,SP->SP
44d3984d00152b899eff3953948a0124,9cf795ff93fd465c917a295a67712ea6,delivered,2017-07-04 11:22:34,2017-07-04 11:35:15,2017-07-04 14:27:51,2017-07-06 18:25:37,2017-07-24,1,3d871de0142ce09b7081e2b9d1733cb1,48.9,12.69,2017-07-10 11:35:15,SP,13140,SP,13232,0.1286689814814814,2.165115740740741,-17.232210648148147,0,0,on_time,4.0,SP->SP
e80668d1356f3b4f4c77cbdb452adb7b,193067f31282f22e08758beef998c9b0,delivered,2017-10-24 12:56:06,2017-10-24 13:07:26,2017-10-26 20:52:50,2017-11-01 20:35:52,2017-11-14,1,fa1c13f2614d7b5c4749cbc52fecda94,334.8,16.09,2017-10-30 13:07:26,MG,30710,SP,13170,2.3310648148148148,5.9882175925925925,-12.14175925925926,0,0,on_time,4.0,SP->MG
186b94634429b12c00204e57cfaf60ca,2215c3561e7410509f7dcc57154100e0,delivered,2017-11-28 12:46:26,2017-11-28 12:55:24,2017-12-06 00:28:57,2017-12-19 21:49:54,2017-12-20,1,3db66a856d18a9cba7c9241fc5221c50,69.9,16.25,2017-12-04 12:55:24,SP,11045,MG,35430,7.487858796296297,13.889548611111111,-0.0903472222222222,0,1,on_time,5.0,MG->SP
9c91511c612eb17f1db8e983907b803d,b31c810ce3c9ca8efb636a764db82bd3,delivered,2018-05-01 18:24:28,2018-05-01 18:35:28,2018-05-02 16:58:00,2018-05-08 16:35:41,2018-06-06,1,7ad32824caee82087b3e2e5f33b1bf32,299.0,19.97,2018-05-07 18:35:28,RS,95185,SP,14940,0.9399537037037036,5.984502314814815,-28.30855324074074,0,0,on_time,4.0,SP->RS
6d60fdb8565707824a98431255d3183a,dc275c5e585b7c3a3cddef527e34fc19,delivered,2018-05-25 06:19:37,2018-05-25 07:06:30,2018-05-25 08:43:00,2018-05-29 13:28:50,2018-06-13,1,537eb890efff034a88679788b647c564,18.9,7.55,2018-05-29 06:31:03,RJ,26540,RJ,20270,0.0995717592592592,4.19849537037037,-14.438310185185186,0,0,on_time,5.0,RJ->RJ
a101dc8c16d9f1b0217313ca346231c1,e4525ea87ab4389f2281f0624fb619cf,delivered,2018-07-16 20:43:32,2018-07-16 20:55:28,2018-07-20 13:41:00,2018-07-26 16:54:38,2018-08-01,1,688756f717c462a206ad854c5027a64a,118.99,17.96,2018-07-20 20:55:28,MG,37500,SP,7094,3.706574074074074,6.134467592592593,-5.295393518518519,0,0,on_time,5.0,SP->MG
97c404dfeae6c85bdf1e01bee13dddf6,121d975fd057bd1856669b183a42aec3,delivered,2018-06-20 15:25:44,2018-06-21 15:39:14,2018-06-26 14:06:00,2018-07-03 11:44:37,2018-07-20,1,744dac408745240a2c2528fb1b6028f3,945.0,97.1,2018-06-25 15:31:23,SP,18706,PR,83408,5.944629629629629,6.90181712962963,-16.51068287037037,0,1,on_time,4.0,PR->SP
3e8da710b34d2815151f363f08ea11d2,1361cfa4b794a92df80b42811ec332d6,delivered,2018-05-16 18:30:20,2018-05-16 18:57:17,2018-05-17 11:33:00,2018-05-18 20:56:47,2018-05-24,1,116ccb1a1604bc88e4d234a8c23f33de,14.0,7.39,2018-05-18 18:57:17,SP,2910,SP,9850,0.7101851851851851,1.3915162037037037,-5.127233796296296,0,0,on_time,5.0,SP->SP
69098b68934037a3789cf7a303bf7b77,f0084ae957a65d0147411c9dd76b0804,delivered,2017-11-14 09:41:18,2017-11-14 09:55:58,2017-11-14 21:47:53,2017-11-21 19:12:45,2017-12-04,1,10089e9f2fd0c668a8fd4e52e1698888,359.9,22.49,2017-11-21 09:55:28,SP,13084,SP,15061,0.5045717592592592,6.892268518518518,-12.199479166666666,0,0,on_time,5.0,SP->SP
81edaf58687cb71cecc077db78dd57ec,150af294754bba42dcb29e19b7e09c19,delivered,2018-06-16 22:50:20,2018-06-17 22:58:54,2018-06-18 14:10:00,2018-06-25 20:58:40,2018-07-17,1,640e21a7d01df7614a3b4923e990d40c,56.1,19.58,2018-06-21 22:58:54,RJ,24240,SP,14940,1.6386574074074074,7.283796296296296,-21.125925925925927,0,0,on_time,5.0,SP->RJ
951d716448e523309ab6bf46d9850979,8610b520601e1e478e7ae1c351808d7e,delivered,2017-09-13 13:50:04,2017-09-13 14:04:53,2017-09-14 21:10:22,2017-09-19 17:32:14,2017-10-02,1,05f51e13da97139648b8125c31e5f51b,289.9,50.77,2017-09-19 14:04:53,SP,13040,MG,31910,1.305763888888889,4.848518518518518,-12.269282407407408,0,0,on_time,5.0,MG->SP
9a8cd6b0ac8e80fe4e72e9de1aee04cf,6326b06eee393fffe30a79be062bb004,delivered,2018-04-25 11:42:05,2018-04-25 11:55:14,2018-04-26 06:40:00,2018-05-02 23:58:29,2018-05-17,1,3d871de0142ce09b7081e2b9d1733cb1,69.9,13.85,2018-05-02 11:55:14,SP,12243,SP,13232,0.7902199074074074,6.7211689814814815,-14.00105324074074,0,0,on_time,4.0,SP->SP
4b16d0a302a6bd19d22825d08d17d973,112a0336c86d903ae81179c5894232c2,delivered,2017-05-13 11:44:27,2017-05-13 13:02:58,2017-05-17 14:22:13,2017-05-24 18:18:46,2017-06-02,1,04aa0a1c5ce6b222003403a3e11c3cc0,749.0,70.05,2017-05-18 13:02:58,MG,39260,SP,13150,4.1095601851851855,7.164270833333333,-8.236967592592592,0,0,on_time,5.0,SP->MG
ecb29eb956683b4c0a93b0a6ad9da2d9,fe8854b59888e2f4e16fa95a9fde3e27,delivered,2018-06-23 16:36:08,2018-06-23 16:58:58,2018-06-25 13:57:00,2018-07-05 23:48:51,2018-07-20,1,3d5d0dc7073a299e31fa718ce1bc00b6,27.9,23.35,2018-06-28 16:58:58,RS,96010,RJ,22785,1.8894907407407409,10.411006944444445,-14.007743055555556,0,0,on_time,5.0,RJ->RS
1bfa3dbef549cf9ba5c5661ef1b63168,e22bab8950872ef60d229f7d6926b58c,delivered,2017-01-15 14:35:54,2017-01-15 14:45:12,2017-01-16 12:25:16,2017-02-13 08:51:25,2017-02-24,1,c9a06ece156bb057372c68718ec8909b,380.0,39.06,2017-01-19 14:35:54,MG,35503,DF,73020,0.9092824074074074,27.851493055555554,-10.630960648148148,0,0,on_time,5.0,DF->MG
f8a6d03ed88e47a216d244f20d4333b4,f430542e555e325d0dccbbb8410208a1,delivered,2018-05-16 17:31:05,2018-05-16 17:57:52,2018-05-23 13:49:00,2018-06-07 23:18:38,2018-06-11,1,e48cc16ab70bfa09e1401740dce0b3d7,129.99,18.79,2018-05-23 17:57:52,SC,88708,SP,16022,6.845775462962963,15.395578703703704,-3.028726851851852,0,0,on_time,1.0,SP->SC
30c4f4b428ca348c766ab59fbb03cf79,da5cf273e802884eda8cc65e1f27f316,delivered,2017-10-31 15:40:29,2017-11-01 15:35:16,2017-11-03 23:51:46,2017-11-08 22:26:55,2017-11-14,1,e9d99831abad74458942f21e16f33f92,30.0,14.1,2017-11-08 15:33:16,RJ,22280,SP,3542,3.3411689814814816,4.941076388888889,-5.064641203703704,0,0,on_time,4.0,SP->RJ
089896265e5395ee8335f9f417a7f6c0,b76858182a9cd7f6c1ba482c53fdd2ee,delivered,2018-05-30 16:15:51,2018-06-01 18:35:21,2018-06-11 14:33:00,2018-06-18 23:22:29,2018-07-12,1,213b25e6f54661939f11710a6fddb871,151.8,18.94,2018-06-11 18:35:21,GO,75707,SP,13321,11.928576388888889,7.3676967592592595,-23.02605324074074,0,0,on_time,4.0,SP->GO
f32b6e419ad4d1e6b79e4ec5a00ec04b,7b16a7b38ec55ffe9998a48d2b86ca0a,delivered,2018-07-05 12:43:54,2018-07-05 16:14:52,2018-07-06 10:17:00,2018-07-13 20:03:22,2018-07-24,1,8160255418d5aaa7dbdc9f4c64ebda44,109.9,15.08,2018-07-09 13:31:31,SP,8696,SP,14940,0.8979861111111112,7.407199074074074,-10.164328703703704,0,0,on_time,5.0,SP->SP
cb794d74f80c0dff5257f123400a063c,2bf0b7d39b5ee8eb16853ad8f037c7fe,delivered,2017-12-01 12:18:05,2017-12-02 02:38:26,2017-12-06 23:28:43,2018-01-29 19:56:55,2017-12-29,1,da8622b14eb17ae2831f4ac5b9dab84a,79.9,16.32,2017-12-07 02:38:26,RJ,23942,SP,13405,5.4657175925925925,53.852916666666665,31.83119212962963,1,0,carrier,1.0,SP->RJ
64b81667bcaa20ee36e42ba4997349f5,4aed2bbfa47e5b6053f2f2156ea28e17,delivered,2017-07-16 15:47:15,2017-07-16 16:03:33,2017-07-17 20:05:38,2017-07-27 16:43:59,2017-08-08,1,7a67c85e85bb2ce8582c35f2203ad736,69.99,17.74,2017-07-20 16:03:33,RJ,25650,SP,3426,1.1794328703703705,9.859965277777778,-11.302789351851851,0,0,on_time,3.0,SP->RJ
546bb10cd086a577f9bbb4027d79c0f2,15b2eac395043e2fc2577903cef35ffa,delivered,2017-08-17 16:59:53,2017-08-18 02:26:16,2017-08-18 18:05:13,2017-08-30 22:42:48,2017-09-19,1,aaed1309374718fdd995ee4c58c9dfcd,99.9,36.02,2017-08-24 02:26:16,MT,78032,SC,89120,1.0453703703703705,12.192766203703703,-19.05361111111111,0,0,on_time,4.0,SC->MT
25991ff9d06bf9a881b1e293b7187065,9d0ac9f668494a6a1d242c6a89c39c36,delivered,2018-06-24 17:58:12,2018-06-24 18:15:19,2018-06-25 13:58:00,2018-06-28 21:27:49,2018-07-17,1,edb1ef5e36e0c8cd84eb3c9b003e486d,149.65,19.15,2018-06-26 18:15:19,SP,5409,RJ,25957,0.8331944444444445,3.3123726851851854,-18.10568287037037,0,0,on_time,5.0,RJ->SP
84a4ebdaf1a5e3706587f226cc804dfa,72d50ebc689114498efcdd7b68c81d04,delivered,2018-05-12 17:45:26,2018-05-12 18:10:31,2018-05-14 14:39:00,2018-05-25 17:56:29,2018-05-30,1,a066df7361163e7ddc5d7452dd17448b,19.9,18.23,2018-05-15 18:10:31,RJ,24445,SP,14401,1.8705324074074077,11.137141203703704,-4.25244212962963,0,0,on_time,5.0,SP->RJ
404a1674e5af404b38dc64387e9e6e58,21673a91810b66d39fe5d5661b8f0565,delivered,2018-05-10 13:06:53,2018-05-10 13:35:43,2018-05-11 13:43:00,2018-06-02 14:54:40,2018-06-14,1,dc4a0fc896dc34b0d5bfec8438291c80,59.9,38.47,2018-05-22 13:31:21,CE,62870,SP,14940,1.0250810185185186,22.04976851851852,-11.378703703703705,0,0,on_time,5.0,SP->CE
6299bb8e855289b411394e216495f96f,9851deda7779662b5efe8b5242911c9f,delivered,2018-07-05 17:52:32,2018-07-05 21:15:19,2018-07-10 09:44:00,2018-07-17 00:41:09,2018-08-08,1,09f952a5f58d2285b0372551ae8f9b01,334.0,37.94,2018-07-10 21:15:19,RJ,23570,SP,9725,4.66074074074074,6.623020833333333,-21.97142361111111,0,0,on_time,5.0,SP->RJ
67b8be73433478a113a8de62614329a7,70868ddda788fcb4c2b9f49958ce130e,delivered,2018-04-03 10:59:50,2018-04-03 17:28:49,2018-04-05 17:58:28,2018-04-14 16:45:42,2018-04-25,1,4869f7a5dfa277a7dca6462dcf3b52b2,168.0,13.62,2018-04-09 17:28:49,SP,9321,SP,14840,2.2907175925925927,8.949467592592592,-10.301597222222222,0,0,on_time,3.0,SP->SP
a42c28ee1f328251e9e8ae60f7963571,6539aa9c6e57c945c4c2c0773b68e939,delivered,2017-11-26 21:41:38,2017-11-26 21:54:20,2017-12-05 21:32:11,2017-12-21 20:28:39,2017-12-22,1,37515688008a7a40ac93e3b2e4ab203f,24.5,15.1,2017-11-30 21:54:20,SC,89120,SP,17900,8.9934375,15.95587962962963,-0.1467708333333333,0,1,on_time,3.0,SP->SC
3efb7f6339ec54c071e9fa5feab78356,d9dfb0c45526f228a5e68b9b4ca40738,delivered,2017-04-28 00:43:40,2017-05-03 11:32:52,2017-05-04 12:58:58,2017-05-08 15:28:57,2017-05-24,1,7008613ea464bad5cb9b83456e1e6a8f,29.5,14.52,2017-05-09 11:30:52,SP,14020,SC,89460,6.510625,4.104155092592593,-15.354895833333334,0,0,on_time,4.0,SC->SP
27ad3cde457631774a337c7d7bad4285,bc0f4c2538125d909fe157f49492cfd3,delivered,2018-05-11 20:07:49,2018-05-11 20:30:27,2018-05-16 15:14:00,2018-05-19 13:42:03,2018-05-23,1,4b9750c8ad28220fe6702d4ecb7c898f,48.9,9.26,2018-05-17 20:30:27,SP,4847,SP,13484,4.7959606481481485,2.936145833333333,-3.4291319444444444,0,0,on_time,5.0,SP->SP
00f2a3509bd600bd1a06a48353788d93,37dafcdee86df7843f93d4b4d5325dde,delivered,2018-02-25 12:08:45,2018-02-25 12:29:23,2018-02-28 15:34:52,2018-03-01 16:58:54,2018-03-26,1,d91fb3b7d041e83b64a00a3edfb37e4f,38.4,9.27,2018-03-01 12:29:23,SP,4306,SP,11704,3.143136574074074,1.0583564814814814,-24.292430555555555,0,0,on_time,5.0,SP->SP
c23d373d2ee0dcb52fd8af1174ee8502,6106eee0095cacb0f76f09443b14bf31,delivered,2017-11-17 23:55:44,2017-11-18 00:10:44,2017-11-23 17:46:41,2017-12-05 22:26:36,2017-12-14,1,0c7533c71df861ec58ad7ff999ed0e8d,12.9,15.1,2017-11-23 00:10:44,SC,88590,SP,13270,5.743715277777778,12.194386574074072,-8.064861111111112,0,1,on_time,5.0,SP->SC
b7077d240d1449882a2aa143b428b8b2,db41b8d7ff23d40f4002903e0109a136,delivered,2017-10-19 12:50:23,2017-10-21 03:07:34,2017-10-23 19:59:19,2017-11-03 17:04:58,2017-11-08,1,3504c0cb71d7fa48d967e0e4c94d59d9,48.9,16.6,2017-10-26 03:07:34,PR,81320,SP,9350,4.2978703703703705,10.87892361111111,-4.288217592592592,0,0,on_time,4.0,SP->PR
a1b442b97cb70e7207abe3f32a01e3d0,127220f5fd65f325977f3c96d2538ea7,delivered,2018-08-01 00:29:18,2018-08-01 00:44:06,2018-08-01 11:06:00,2018-08-03 13:41:00,2018-08-06,1,ffc470761de7d0232558ba5e786e57b7,26.68,8.35,2018-08-03 00:44:06,SP,9666,SP,7091,0.4421527777777778,2.107638888888889,-2.4298611111111112,0,0,on_time,5.0,SP->SP
33a5adbe3c5999ca418351ca4cd8bbdc,b77e938de842c3d2122d4e36db72d743,delivered,2018-02-26 20:43:12,2018-02-27 22:35:32,2018-03-02 00:08:36,2018-03-29 18:22:11,2018-03-19,1,7139dc5186aa238b006e066d8fbab2e4,39.0,16.11,2018-03-05 22:35:32,RJ,20520,SP,13901,3.142638888888889,27.75943287037037,10.765405092592593,1,0,carrier,1.0,SP->RJ
f1f0a8670b0a8efc20b2d185daf5e3ee,cdb1a97c4e99cd8bdfa8c7e9ee41060d,delivered,2018-03-17 14:21:29,2018-03-17 14:30:29,2018-03-19 09:49:44,2018-04-05 18:12:51,2018-04-17,1,5f7300535881cef3b625fd683cf7d145,89.17,19.59,2018-03-22 14:30:29,SP,11930,RS,92020,1.811284722222222,17.349386574074074,-11.241076388888889,0,0,on_time,5.0,RS->SP
aab3b583efdded9a5a8214c4edfc387b,ce26ced2b3dbcd2e283ad3c688021fec,delivered,2018-02-03 13:58:31,2018-02-06 04:32:15,2018-02-06 21:41:57,2018-02-26 20:56:40,2018-03-08,1,c826c40d7b19f62a09e2d7c5e7295ee2,159.77,16.88,2018-02-12 03:51:19,GO,75860,SP,7133,3.321828703703704,19.96855324074074,-9.127314814814817,0,0,on_time,5.0,SP->GO
792bdd812e278bfca0ea7699d5f25bb3,ea0530a3fa098e811ba50170b74226eb,delivered,2018-01-01 18:29:33,2018-01-01 18:47:14,2018-01-03 17:38:52,2018-01-16 18:52:42,2018-02-06,1,bfd27a966d91cfaafdb25d076585f0da,279.0,46.41,2018-01-05 18:47:14,RS,96075,SP,13930,1.9648032407407408,13.051273148148148,-20.213402777777777,0,0,on_time,1.0,SP->RS
e4757cbf56d456e12fe04d675a220f1b,6ce2db4475128f5286e92f4361334644,delivered,2017-12-29 16:31:00,2017-12-29 17:07:31,2018-01-10 15:32:26,2018-01-12 12:16:04,2018-01-18,1,6481e96574816ead57975da2c0f6d80d,241.8,25.6,2018-01-05 17:07:31,SP,13209,SP,18072,11.959328703703704,1.8636342592592592,-5.488842592592593,0,1,on_time,5.0,SP->SP
2b57b14ff0ef2e1af9f426e11610babc,d884c81ceade1c9e5a676e754256697a,delivered,2017-12-07 15:50:13,2017-12-12 03:58:29,2017-12-13 11:36:50,2017-12-26 20:09:27,2017-12-26,1,3c7c4a49ec3c6550809089c6a2ca9370,33.8,15.56,2017-12-18 03:58:29,SP,11704,SP,3804,5.824039351851852,13.355983796296297,0.8398958333333333,1,0,carrier,5.0,SP->SP
a5db68fbdade236961fa0c90c8264898,9897cc2745dee2567ebdd9c8e997f6d1,delivered,2017-06-25 22:59:52,2017-06-25 23:15:12,2017-06-30 14:07:12,2017-07-11 20:10:15,2017-07-20,1,5563732abe64c3036cb97ad924128dd1,64.0,15.21,2017-06-29 23:15:12,DF,71010,SP,7192,4.630092592592592,11.252118055555556,-8.159548611111111,0,1,on_time,4.0,SP->DF
f1cefe8e64d1771be13b8fd8360385e3,11ab17e4c92e820e3f148f8d420736b3,delivered,2017-06-01 08:51:21,2017-06-01 09:05:18,2017-06-01 12:32:26,2017-06-02 13:15:12,2017-06-14,1,0db783cfcd3b73998abc6e10e59a102f,99.0,9.44,2017-06-07 09:05:18,SP,6729,SP,11010,0.1535300925925926,1.029699074074074,-11.447777777777778,0,0,on_time,5.0,SP->SP
a67834f7995c8979f0268a60dc5ddae4,6937b8b182ca7d01553e2eb0d8cbb429,delivered,2017-06-24 19:28:59,2017-06-26 11:09:52,2017-06-30 16:52:40,2017-07-20 23:11:50,2017-08-07,1,7c67e1448b00f6e969d365cea6b010ab,119.6,49.86,2017-07-06 21:32:33,PE,55500,SP,8577,5.891446759259259,20.263310185185187,-17.033449074074074,0,0,on_time,5.0,SP->PE
acd068ae67c781f99b759f3ddb1c5d57,635ce7cacd8a8962bb1281ad48353fd3,delivered,2017-08-02 11:17:49,2017-08-02 11:30:20,2017-08-02 21:17:28,2017-08-07 16:48:32,2017-09-01,1,d98eec89afa3380e14463da2aabaea72,24.99,21.15,2017-08-08 11:30:20,ES,29166,RS,90010,0.4164236111111111,4.813240740740741,-24.299629629629628,0,0,on_time,5.0,RS->ES
67519e1fe10bb3e4a5b416a24f846f8e,f8291e8b8489bfd516ec56628058a810,delivered,2017-06-07 10:33:25,2017-06-07 10:45:36,2017-06-26 16:43:53,2017-07-03 15:08:47,2017-06-28,1,538caafddff204241cecbf3a02e6b3cf,15.9,11.85,2017-06-13 10:45:36,SP,15045,SP,4516,19.25726851851852,6.933958333333333,5.631099537037037,1,1,seller,1.0,SP->SP
bcd3f0c10ca729cd572b499317d287d8,5a158dfc1554dd2b4fe7f3c2581993bd,delivered,2018-04-21 20:54:40,2018-04-24 18:06:13,2018-04-23 21:57:48,2018-04-25 23:04:31,2018-05-17,1,0dd184061fb0eaa7ca37932c68ab91c5,79.0,23.09,2018-04-25 21:30:46,PR,82960,SP,7031,2.0438425925925925,2.0463310185185186,-21.03853009259259,0,0,on_time,5.0,SP->PR
dc0b827df3db237adaa4fb6c4a770096,4b6e5308034f677e7b503aaa30ca7726,delivered,2017-10-04 13:30:24,2017-10-04 13:49:08,2017-10-05 19:41:13,2017-10-10 14:42:45,2017-10-23,1,7a67c85e85bb2ce8582c35f2203ad736,59.99,11.73,2017-10-10 13:49:08,SP,3918,SP,3426,1.257511574074074,4.792731481481481,-12.386979166666666,0,0,on_time,5.0,SP->SP
2c6d7710827b473b87550d228500098d,b94afa1536154b937c32785ad8263141,delivered,2017-05-01 12:25:44,2017-05-01 13:05:26,2017-05-02 07:57:11,2017-05-25 12:42:22,2017-05-31,1,134a288e7de827ec5ec62e3ec9c3a295,88.5,11.23,2017-05-08 13:05:26,SP,13841,SP,3168,0.8135069444444445,23.198043981481483,-5.470578703703704,0,0,on_time,4.0,SP->SP
27ba5b776eb297cc91015bae7bce34d0,b12c5e5e31a5b8f0035560c564330dce,delivered,2018-08-10 09:23:52,2018-08-10 09:35:19,2018-08-10 13:44:00,2018-08-11 17:43:31,2018-08-17,1,6560211a19b47992c3666cc44a7e94c0,35.0,7.51,2018-08-14 09:35:19,SP,11070,SP,5849,0.1806481481481481,1.1663310185185185,-5.261446759259259,0,0,on_time,5.0,SP->SP
aca32a744ead78cb64a902170bf3147e,147d57c32f7addc4a7d0f123e7cc9c16,delivered,2018-05-21 11:49:15,2018-05-21 15:12:17,2018-05-25 14:45:00,2018-06-02 10:03:46,2018-06-12,1,70c27847eca8195c983ed7e798c56743,124.99,13.86,2018-05-25 15:12:17,MG,36080,RJ,20930,4.122048611111111,7.804699074074074,-9.580717592592592,0,0,on_time,1.0,RJ->MG
36771b8397722fea49a6ea5a0255c985,d0f6ac8b0f2bae53a8b2319b222862ab,delivered,2018-05-09 22:32:47,2018-05-09 22:53:50,2018-05-17 15:33:00,2018-05-21 18:04:24,2018-05-21,1,a49928bcdf77c55c6d6e05e09a9b4ca5,89.9,11.25,2018-05-15 22:53:50,SP,3462,SP,3017,7.708483796296297,4.105138888888889,0.7530555555555556,1,1,seller,4.0,SP->SP
ef93be4e062f4f0f65f6d5251fe0ea40,e56decd9a37f6d32ecbf12d3ce1801b1,delivered,2017-05-08 18:46:53,2017-05-08 19:02:18,2017-05-09 09:22:48,2017-05-16 15:39:51,2017-05-30,1,6a0cbc8af2e8abd1bdfb777943d174c6,82.4,17.29,2017-05-15 19:02:18,SP,15997,SP,14312,0.608275462962963,7.261840277777778,-13.347326388888888,0,0,on_time,5.0,SP->SP
8536dc31867441665e91bd1884575788,8db9c462ce300fb145b845e406e967c8,delivered,2018-02-02 10:48:49,2018-02-02 11:55:32,2018-03-02 00:04:40,2018-03-07 20:28:58,2018-02-26,1,f419677537694f0462a91990df6ca44f,29.95,12.69,2018-02-08 11:55:32,SP,17603,SP,9750,27.55267361111111,5.850208333333334,9.853449074074074,1,1,seller,1.0,SP->SP
864c35df1adf744f8b1aed55f947f192,6f40a2defdd5b7721f83ea57d31f3007,delivered,2018-03-18 21:57:15,2018-03-20 03:30:55,2018-03-22 20:51:05,2018-03-29 22:21:09,2018-04-05,1,f5f1f2c5f923f36ad79ea1d07185ddc9,115.9,13.25,2018-03-26 03:30:55,SP,13603,SP,19820,3.9540509259259258,7.062546296296296,-6.068645833333333,0,0,on_time,5.0,SP->SP
375fd64923cdf29ddd54724395e80b69,82602246a1f4807a352295050e4eb4d0,delivered,2018-07-10 17:05:11,2018-07-10 17:32:18,2018-07-26 15:10:00,2018-07-31 16:03:08,2018-08-14,1,7c67e1448b00f6e969d365cea6b010ab,119.98,58.92,2018-07-30 17:25:45,MG,37720,SP,8577,15.920011574074074,5.036898148148148,-13.331157407407408,0,0,on_time,5.0,SP->MG
cd1d0fcb30750e22b9aa142cefdd532c,342e317a94e99f9100ce447a1ea53fb1,delivered,2018-05-13 12:06:03,2018-05-13 12:32:54,2018-05-17 15:06:00,2018-05-23 22:51:44,2018-06-08,1,d6b1ce66b035a475f00c017792ff9769,96.0,18.55,2018-05-17 12:31:41,RS,93037,SP,13327,4.124965277777778,6.323425925925926,-15.047407407407407,0,1,on_time,5.0,SP->RS
0886b681f437971243d241ece6cf21d9,acb3ac39728553eac82ec6934218ce3d,delivered,2017-11-04 12:02:41,2017-11-07 07:30:49,2017-11-07 18:47:33,2017-11-20 10:43:44,2017-11-30,1,6560211a19b47992c3666cc44a7e94c0,129.0,15.65,2017-11-13 04:10:54,MG,39628,SP,5849,3.2811574074074072,12.664016203703705,-9.552962962962964,0,0,on_time,5.0,SP->MG
9d4f64a1f986f46f1a1b1ffe3237c5d8,0b654c00a7c2ec822f72fb88fb0510f2,delivered,2017-07-06 13:35:07,2017-07-06 13:50:13,2017-07-07 15:11:24,2017-07-19 17:14:29,2017-07-28,1,5dceca129747e92ff8ef7a997dc4f8ca,259.9,86.98,2017-07-12 13:50:13,SC,88505,SP,13450,1.066863425925926,12.085474537037037,-8.281608796296297,0,0,on_time,5.0,SP->SC
94df1f9b9ae08c944036a4ef894be868,6b98e2694f54c88081d697a859f2eb1a,delivered,2018-03-05 09:45:00,2018-03-05 10:40:36,2018-03-09 01:07:25,2018-04-14 00:25:36,2018-04-03,1,709e16e2b25c7474d980076c6bfc4806,43.9,15.1,2018-03-09 10:31:06,RS,98240,SP,16200,3.6405671296296296,35.97096064814815,11.017777777777775,1,0,carrier,5.0,SP->RS
7e47240215d1672082248c49887b245a,b916419c11af91b5f41d6c227c2562d7,delivered,2017-10-13 14:45:04,2017-10-17 04:24:39,2017-10-20 11:26:57,2017-10-24 19:46:11,2017-11-03,1,cca3071e3e9bb7d12640c9fbe2301306,212.33,82.58,2017-10-23 04:24:39,MG,31545,SP,14940,6.862418981481482,4.346689814814815,-9.176261574074074,0,0,on_time,5.0,SP->MG
6a6c30136e870dc8e8338fbb826ee41e,318168026c8d63d150f69ebd54c3d887,delivered,2018-07-05 21:34:17,2018-07-05 21:51:44,2018-07-06 08:28:00,2018-07-13 20:12:07,2018-08-07,1,8fb791022c1fc8909664f48ab7dc636d,1399.99,98.47,2018-07-11 21:51:44,RS,95500,SP,3976,0.4539699074074074,7.488969907407407,-24.158252314814813,0,0,on_time,5.0,SP->RS
3311bcf8b85d70179b7a3addec72e5cb,ee4fb78170d564d965ac4d1cb80f5dd3,delivered,2018-06-18 08:56:07,2018-06-18 09:13:59,2018-06-19 11:21:00,2018-06-22 21:42:02,2018-07-05,1,7a67c85e85bb2ce8582c35f2203ad736,209.97,51.65,2018-06-20 09:13:59,MG,31010,SP,3426,1.100613425925926,3.431273148148148,-12.095810185185185,0,0,on_time,1.0,SP->MG
b1e7ea6ef4104c3bcd94c0b9260717b2,54de4cb60651cd1a662722a1d14702b6,delivered,2018-07-10 14:29:23,2018-07-10 14:46:14,2018-07-11 14:21:00,2018-07-12 13:03:19,2018-07-18,1,7210cd29727d674c00741e5e387b3ccd,64.99,8.62,2018-07-16 14:46:14,SP,9635,SP,3279,0.9941782407407408,0.9460532407407408,-5.456030092592592,0,0,on_time,5.0,SP->SP
5dd4ba32ddd49be56001b6436d8ef44c,574d62d458f862a40cc12c3f41418c3b,delivered,2018-05-16 16:19:18,2018-05-16 16:38:52,2018-06-01 14:03:00,2018-06-05 20:19:00,2018-06-08,1,7c67e1448b00f6e969d365cea6b010ab,89.98,20.67,2018-06-01 16:31:20,SP,6020,SP,8577,15.905347222222222,4.261111111111111,-2.1534722222222222,0,0,on_time,4.0,SP->SP
cc3ce3d2de338034139dce933aa0194a,d52f718ffe570d3b13b03311bde3a13a,delivered,2018-01-15 23:17:02,2018-01-15 23:30:00,2018-01-17 21:41:14,2018-02-06 16:22:56,2018-02-08,1,3d871de0142ce09b7081e2b9d1733cb1,29.9,15.1,2018-01-21 23:30:00,RJ,25715,SP,13232,1.9334722222222225,19.77895833333333,-1.3174074074074074,0,0,on_time,4.0,SP->RJ
ea08d6964c36fe88296fb1f063a854c4,0dcc5ef57fa1ced9eefd67ddff8d4cb3,delivered,2017-11-29 08:28:23,2017-11-29 09:30:20,2017-11-30 17:54:34,2017-12-01 23:05:30,2017-12-13,1,da8622b14eb17ae2831f4ac5b9dab84a,279.9,17.36,2017-12-05 09:30:20,SP,13211,SP,13405,1.3931828703703704,1.215925925925926,-11.037847222222222,0,0,on_time,4.0,SP->SP
5e5766c3a748a45bb1cf4d930a06e26c,8a80473d5bd79f9961f1c23e548eb1bb,delivered,2017-09-14 19:37:37,2017-09-14 19:50:11,2017-09-18 18:03:41,2017-09-26 20:55:39,2017-10-04,1,cc419e0650a3c5ba77189a1882b7556a,58.99,16.66,2017-09-21 19:50:11,DF,72225,SP,9015,3.9347685185185184,8.119421296296297,-7.128020833333333,0,0,on_time,5.0,SP->DF
71b6b0dbcea45b0b6225395f940402a3,a44066ff32f585bbd59d17e7d6433d92,delivered,2018-03-18 10:59:21,2018-03-18 11:10:27,2018-03-23 21:16:54,2018-04-09 20:47:33,2018-04-10,1,b2ba3715d723d245138f291a6fe42594,67.9,19.45,2018-03-22 11:10:27,RJ,28400,SP,3470,5.4288541666666665,16.979618055555555,-0.1336458333333333,0,1,on_time,5.0,SP->RJ
c7024b0259d1e73df96b2f98d588b19c,f65fd8fe4095317b5aa176ee72300f02,delivered,2018-03-01 12:34:50,2018-03-03 02:51:13,2018-03-23 20:51:54,2018-03-28 18:05:07,2018-03-29,1,85d9eb9ddc5d00ca9336a2219c97bb13,38.9,12.48,2018-03-20 02:51:13,MG,37120,MG,31255,22.345185185185183,4.884178240740741,-0.2464467592592592,0,1,on_time,3.0,MG->MG
36e2a95392e7e15e80e0937066007a56,0e7a526b73f0342ab3cd037f4b4a2249,delivered,2018-03-16 16:33:19,2018-03-16 16:50:33,2018-03-19 22:57:44,2018-04-10 14:28:32,2018-04-12,1,4830e40640734fc1c52cd21127c341d4,39.0,22.06,2018-03-22 16:50:33,BA,44571,SP,3573,3.2669560185185187,21.64638888888889,-1.3968518518518518,0,0,on_time,5.0,SP->BA
8c038fb4554281ef77e4f7c448295fd7,22c6f71e7f9441e3dc583b0ba8b3a584,delivered,2017-10-20 16:36:14,2017-10-20 17:49:25,2017-10-24 11:28:36,2017-10-27 16:03:38,2017-11-13,1,ce7d1888639e6fb06b2749cbfdac1ff7,138.0,25.81,2017-10-26 17:49:25,SP,3153,MG,37443,3.7863657407407407,3.1909953703703704,-16.330810185185186,0,0,on_time,3.0,MG->SP
8be6c4274ca6e725ec732002b95ccab5,2a488b993ba9794cb757436f398489d8,delivered,2018-03-05 21:23:10,2018-03-05 21:30:36,2018-03-06 20:13:33,2018-03-09 23:58:53,2018-03-29,1,d91fb3b7d041e83b64a00a3edfb37e4f,130.0,9.32,2018-03-11 21:30:36,SP,5207,SP,11704,0.9516550925925926,3.1564814814814817,-19.000775462962963,0,0,on_time,1.0,SP->SP
d14319b7a9ffe116c1ba706238d3cd27,e93a01a8ad2d943db17fa596e51d93cc,delivered,2018-06-29 10:58:34,2018-06-30 02:35:17,2018-07-03 07:18:00,2018-07-07 11:54:41,2018-07-23,1,955fee9216a65b617aa5c0531780ce60,160.0,23.92,2018-07-03 02:35:17,MG,35010,SP,4782,3.846828703703704,4.192141203703704,-15.503692129629629,0,1,on_time,3.0,SP->MG
071516a72b8a838c15842568d1b995f9,f9de22ef0f044b7f27d5023343857b77,delivered,2018-06-11 18:43:32,2018-06-11 19:02:53,2018-06-12 15:23:00,2018-06-14 17:56:25,2018-06-28,1,530ec6109d11eaaf87999465c6afee01,135.0,16.02,2018-06-13 19:02:53,PR,85415,PR,85807,0.8607407407407407,2.106539351851852,-13.252488425925923,0,0,on_time,5.0,PR->PR
09b866628e60ce05f3e25fcfde9722c4,7d4ebb5d17f45bb406048c8566bdc18b,delivered,2017-07-31 15:18:44,2017-08-02 02:55:40,2017-08-02 21:03:51,2017-08-09 14:55:38,2017-08-22,1,4ba52dfeba874da5b9ee7b17c7494f04,329.0,28.62,2017-08-08 02:55:40,PR,84050,SP,8790,2.239664351851852,6.744293981481482,-12.378032407407408,0,0,on_time,5.0,SP->PR
a01a08ca0d8cf4c03ffd23029c091210,d9195d0325ce43bed923ee3edd6547e4,delivered,2018-05-28 18:56:39,2018-05-29 18:51:35,2018-06-04 16:03:00,2018-06-05 19:41:25,2018-07-16,1,2eb70248d66e0e3ef83659f71b244378,124.9,9.23,2018-06-22 18:51:35,SP,4469,SP,13101,6.879409722222222,1.1516782407407409,-40.17957175925926,0,0,on_time,3.0,SP->SP
b3a2d97ad344891edc2cd82ea19c2d56,fe87bf86b81f9298937213e5c23d7707,delivered,2018-05-02 11:49:46,2018-05-02 12:14:37,2018-05-03 15:09:00,2018-05-04 20:16:56,2018-05-21,1,6560211a19b47992c3666cc44a7e94c0,39.0,7.39,2018-05-08 12:14:37,SP,3816,SP,5849,1.1383564814814815,1.2138425925925926,-16.154907407407407,0,0,on_time,4.0,SP->SP
ddd2d769f053c55c39e69fcace5f5eb5,7c2bc48ba5bee6418d508edf9d76953e,delivered,2018-01-04 10:04:05,2018-01-04 10:14:26,2018-01-04 17:28:49,2018-01-08 22:49:13,2018-01-22,1,8648b1e89e9b349e32d3741b30ec737e,73.9,9.34,2018-01-10 10:14:26,SP,13329,SP,12308,0.3088425925925926,4.2225,-13.049155092592592,0,0,on_time,5.0,SP->SP
9bc65ad3f5f3bf9731bb7c9d73ac3756,ae71b6eabceb10fc65bd4c7edb0b24a1,delivered,2018-01-03 11:17:39,2018-01-03 11:28:25,2018-01-04 14:39:25,2018-01-09 16:25:02,2018-01-26,1,e333046ce6517bd8bb510291d44f0130,79.0,13.57,2018-01-09 11:28:25,SP,13301,SP,18950,1.1401157407407407,5.073344907407408,-16.315949074074073,0,0,on_time,5.0,SP->SP
4c5ac0db9e6945c127bede87a8a1bf7d,06c3432a700a69e743fa666027996994,delivered,2018-05-24 21:29:21,2018-05-26 02:31:54,2018-05-30 11:15:00,2018-06-06 19:41:40,2018-06-19,1,977f9f63dd360c2a32ece2f93ad6d306,141.12,13.43,2018-05-30 02:31:24,SP,7175,SP,14910,5.573368055555555,7.351851851851852,-12.179398148148149,0,1,on_time,5.0,SP->SP
565a27fae0aca550060e0f90a54495ef,0ac81c0790cd08bb157bdc505f4ab215,delivered,2018-06-20 18:58:05,2018-06-20 19:19:00,2018-06-21 13:07:00,2018-06-28 15:28:56,2018-07-20,1,c33847515fa6305ce6feb1e818569f13,149.0,41.33,2018-06-26 19:19:00,MS,79117,SC,88359,0.7561921296296297,7.098564814814814,-21.354907407407406,0,0,on_time,5.0,SC->MS
5f6d7bc44eb2d1588b7cb6ac202d63a0,e759db1bd97e2c1f97c134b192acc0ba,delivered,2018-06-06 12:55:20,2018-06-06 13:13:21,2018-06-08 14:17:00,2018-06-11 10:28:33,2018-07-04,1,53e4c6e0f4312d4d2107a8c9cddf45cd,96.0,17.76,2018-06-14 13:13:21,SP,13212,SP,13920,2.056712962962963,2.841354166666666,-22.563506944444445,0,0,on_time,3.0,SP->SP
a187a55e25f2e2c152c294a12a9da0d0,cd985227e7e8ceab7d42757b44a5039f,delivered,2018-05-29 22:36:36,2018-05-29 22:54:30,2018-05-30 15:33:00,2018-06-06 19:22:48,2018-06-21,1,1e8b33f18b4f7598d87f5cbee2282cc2,156.99,9.45,2018-06-06 22:54:30,SP,13219,SP,2066,0.7058333333333333,7.159583333333333,-14.1925,0,0,on_time,4.0,SP->SP
4b4d1573d0fb4a347214a8172a51fc16,c330c9cae22ab51f243bea0bc1310dec,delivered,2018-05-22 12:32:24,2018-05-22 12:56:18,2018-05-22 19:04:00,2018-06-05 23:42:29,2018-06-05,1,c70c1b0d8ca86052f45a432a38b73958,95.0,7.85,2018-05-28 12:56:18,SP,12301,SP,13186,0.2719444444444444,14.193391203703705,0.9878356481481482,1,0,carrier,5.0,SP->SP
c04c611743c9b96f3727019802413a24,d41c15458ba1e878ff39e7cf6dbc8a73,delivered,2017-09-14 23:40:51,2017-09-15 00:20:17,2017-09-21 15:09:47,2017-09-22 19:58:44,2017-09-26,1,ea8482cd71df3c1969d7b9473ff13abc,18.9,7.78,2017-09-21 00:20:17,SP,4039,SP,4160,6.645092592592593,1.2006597222222222,-3.167546296296296,0,1,on_time,5.0,SP->SP
d433c4d11b5681a6d64064f3ceb4c5a4,1cb344df36a1c186ed3526270cad5fdc,delivered,2018-05-04 11:08:53,2018-05-05 03:10:30,2018-05-09 09:08:00,2018-05-14 20:02:51,2018-05-30,1,f457c46070d02cadd8a68551231220dd,86.0,13.72,2018-05-10 03:10:30,SP,13560,PR,87047,4.916053240740741,5.454756944444444,-15.1646875,0,0,on_time,5.0,PR->SP
1831a71825a5c61b74815e606e7db61e,b9c12408ef798dd1f72cb1c1a396a49c,delivered,2018-04-28 11:20:23,2018-04-28 12:13:20,2018-04-30 13:13:00,2018-05-04 19:48:47,2018-06-07,1,fffd5413c0700ac820c7069d66d98c89,39.8,38.4,2018-05-04 12:13:20,PA,68455,SP,13908,2.0782060185185185,4.274849537037037,-33.17445601851852,0,0,on_time,4.0,SP->PA
8259a05b7ec596413201d74e896333d1,9afaa5e5c2efd5958a5fa0b04652085e,delivered,2017-07-25 13:20:47,2017-07-26 02:23:57,2017-07-26 17:36:53,2017-07-31 17:48:05,2017-08-16,1,6560211a19b47992c3666cc44a7e94c0,49.0,15.1,2017-08-01 02:23:57,MG,38720,SP,5849,1.1778472222222225,5.007777777777778,-15.258275462962963,0,0,on_time,5.0,SP->MG
c6f44ba4b2b07a646635d107f3b88100,eaae32a3d066609f7783b36861c7a133,delivered,2017-11-27 21:24:09,2017-11-29 02:22:34,2017-11-29 16:51:58,2017-12-12 19:51:50,2017-12-20,1,670c26e0f1bf8d0576271d5cfaec6d2b,54.9,25.66,2017-12-05 02:22:34,DF,71590,PR,87025,1.810983796296296,13.124907407407408,-7.172337962962963,0,0,on_time,5.0,PR->DF
79ac824c2c87ae595b94b069e1c78aa0,ce7415c21823c7a96d8f00f437557106,delivered,2018-05-17 16:59:15,2018-05-18 01:17:36,2018-05-22 16:29:00,2018-06-04 18:15:32,2018-06-18,1,b32be1695eb7ec5f10f72d9610a12527,139.0,23.55,2018-05-28 01:17:36,SP,9710,RS,95012,4.978993055555556,13.073981481481482,-13.239212962962965,0,0,on_time,3.0,RS->SP
091bd68043b7a721b0d82b5ff36304fa,64951dc059928ade3849eec4adbb689b,delivered,2017-03-03 18:02:51,2017-03-03 18:15:13,2017-03-06 18:53:43,2017-03-13 17:13:58,2017-03-24,1,7722b1df1b0e383e000397b2c11e3e19,89.9,14.8,2017-03-09 18:15:13,MG,30411,SP,9715,3.035324074074074,6.930729166666667,-10.281967592592592,0,0,on_time,5.0,SP->MG
513b9e2bda619338700b04bdfc97f0f4,d632b70a707a6d9e5ec9c17ce43818f4,delivered,2017-12-02 20:37:34,2017-12-02 20:56:09,2017-12-07 20:22:32,2017-12-19 00:55:02,2017-12-27,1,da8622b14eb17ae2831f4ac5b9dab84a,179.9,17.97,2017-12-07 20:56:09,SP,13495,SP,13405,4.989560185185185,11.18923611111111,-7.961782407407408,0,0,on_time,4.0,SP->SP
d9fa42dd4d9ba1b1ff2b371a141c8b82,19f78b3cea440daf3c75a48f8bb231e1,delivered,2017-08-14 17:11:24,2017-08-14 17:30:15,2017-08-24 22:25:00,2017-08-31 20:23:55,2017-09-18,1,7c67e1448b00f6e969d365cea6b010ab,219.99,82.63,2017-08-28 17:30:15,ES,29945,SP,8577,10.217777777777778,6.915914351851852,-17.15005787037037,0,0,on_time,5.0,SP->ES
e16e5b4572640ddc3de053a9b0f6432b,5fe9534ea2fcc99fcd42e7d1d8ab9910,delivered,2018-03-05 15:34:40,2018-03-05 16:40:25,2018-03-09 15:38:36,2018-03-17 00:05:56,2018-04-02,1,7c67e1448b00f6e969d365cea6b010ab,192.99,37.45,2018-03-19 16:31:05,SP,4704,SP,8577,4.002731481481481,7.3523148148148145,-15.995879629629629,0,0,on_time,4.0,SP->SP
949c80f001e60528e8bc8c30b312ac5c,d27e0eb44e14b91d3c5912734571b1c6,delivered,2017-07-10 16:09:38,2017-07-10 16:24:09,2017-07-13 18:48:43,2017-07-17 18:10:24,2017-08-01,1,05f51e13da97139648b8125c31e5f51b,60.9,15.18,2017-07-14 16:24:09,SP,15804,MG,31910,3.110474537037037,3.973391203703704,-14.242777777777778,0,0,on_time,5.0,MG->SP
cb5c1ad1fb0068c83523238259a8e930,732b3392e5516cb60017547792c7e141,delivered,2018-05-29 08:10:45,2018-05-31 03:10:13,2018-06-05 07:06:00,2018-06-19 18:58:40,2018-07-13,1,d6b1ce66b035a475f00c017792ff9769,169.99,37.88,2018-06-08 03:10:13,PE,51030,SP,13327,6.955034722222222,14.494907407407409,-23.20925925925926,0,0,on_time,4.0,SP->PE
b1ec6c247af2e78825a5cee5cacc925e,8e3b1bf0cf223b37529be8d1e951e0a6,delivered,2018-07-26 08:15:53,2018-07-26 08:35:13,2018-07-31 13:20:00,2018-08-03 21:44:43,2018-08-16,1,e51f22821f0c12a16ad5c020cdcd55e9,215.0,20.7,2018-08-01 08:31:39,MG,36970,SP,6341,5.211192129629629,3.3504976851851853,-12.09394675925926,0,0,on_time,5.0,SP->MG
b19b043b39624f9f3c32b26aed8bedf1,4eec78743d83caef716a0c3d16bfa843,delivered,2018-04-06 16:39:56,2018-04-06 16:50:26,2018-04-09 23:38:39,2018-04-18 15:58:32,2018-04-30,1,cc419e0650a3c5ba77189a1882b7556a,79.99,15.38,2018-04-12 16:50:26,MG,30441,SP,9015,3.290775462962963,8.680474537037037,-11.334351851851851,0,0,on_time,5.0,SP->MG
957e60e8b06f5c61044ad86aa626cd49,d1fdd448f8dccdf1fd1eef2008573b42,delivered,2017-11-27 23:35:57,2017-11-27 23:49:47,2017-12-04 17:58:06,2018-01-27 15:12:18,2017-12-28,1,3d871de0142ce09b7081e2b9d1733cb1,79.0,38.1,2017-12-03 23:49:47,PB,58036,SP,13232,6.765381944444444,53.88486111111112,30.633541666666662,1,1,seller,1.0,SP->PB
09ba762d7b29d3771a788d7d039159fa,124b8498222b87507f630671dcf95385,delivered,2017-03-01 12:54:25,2017-03-01 13:05:14,2017-03-08 15:43:17,2017-03-17 15:25:18,2017-03-24,1,620c87c171fb2a6dd6e8bb4dec959fc6,289.9,17.73,2017-03-07 13:05:14,SC,89052,RJ,25645,7.117268518518519,8.987511574074073,-6.357430555555555,0,1,on_time,5.0,RJ->SC
d54233c194fdd8970ee0e9f44af097c0,f4dfa976955e05d8f25d9d1262a65f36,delivered,2017-10-12 13:56:51,2017-10-12 14:10:08,2017-10-13 17:54:44,2017-10-21 15:28:48,2017-11-08,1,86ccac0b835037332a596a33b6949ee1,168.9,17.62,2017-10-18 15:10:08,RJ,23040,SC,89041,1.1651967592592594,7.898657407407407,-17.355,0,0,on_time,5.0,SC->RJ
b6ada13d6a3410de57d6f0268420de95,b49bc6198b41271f01eb19d926735803,delivered,2017-12-04 21:51:54,2017-12-05 10:30:50,2017-12-06 21:39:30,2017-12-07 19:32:35,2017-12-20,1,ea8482cd71df3c1969d7b9473ff13abc,29.99,7.78,2017-12-11 09:21:59,SP,7044,SP,4160,1.9913888888888889,0.911863425925926,-12.185706018518518,0,0,on_time,5.0,SP->SP
5a07e91ff0df440fc9e39922aa973b9d,b3a700964f6f6afd6d7df555d6e088a0,delivered,2017-10-21 21:59:17,2017-10-21 22:14:19,2017-11-03 21:13:32,2017-11-13 20:46:44,2017-11-23,1,7142540dd4c91e2237acb7e911c4eba2,169.8,35.68,2017-11-06 22:14:19,RJ,21765,SP,16301,12.968229166666667,9.981388888888889,-9.134212962962962,0,0,on_time,4.0,SP->RJ
59e9079196bab6c6a1634387ec66167f,32c608689172699f708eca9ad42b373d,delivered,2017-09-21 00:28:13,2017-09-21 00:46:06,2017-09-22 17:27:04,2017-10-09 17:58:16,2017-10-19,1,cc419e0650a3c5ba77189a1882b7556a,84.99,15.35,2017-09-28 00:46:06,SC,88135,SP,9015,1.707534722222222,17.02166666666667,-9.251203703703704,0,0,on_time,5.0,SP->SC
84cc0b9ea8f19ff32dea95e790c954b2,125d0c1b04052d062b22674949e86de6,delivered,2018-06-15 14:58:45,2018-06-15 15:20:38,2018-06-18 08:36:00,2018-06-29 20:38:50,2018-07-24,1,7e3f87d16fb353f408d467e74fbd8014,75.6,16.72,2018-06-19 15:20:38,RJ,22755,SP,4809,2.7342013888888888,11.501967592592592,-24.139699074074077,0,0,on_time,5.0,SP->RJ
742ba39f629d08705cf64769ff41dd3e,3453cda7c1f2565886229607f31e7ce1,delivered,2017-12-28 16:34:07,2017-12-28 16:47:22,2018-01-03 23:22:58,2018-01-04 17:52:23,2018-01-19,1,53243585a1d6dc2643021fd1853d8905,599.0,27.76,2018-01-04 16:47:22,BA,40140,BA,42738,6.283923611111111,0.7704282407407408,-14.255289351851852,0,0,on_time,4.0,BA->BA
7d3c4b4fac234f9e6d4f11b87cbbfeaf,7b8965a4cad877c5c7e3a07f7ded23d0,delivered,2018-06-18 21:45:06,2018-06-18 21:58:21,2018-06-22 12:53:00,2018-07-04 23:21:44,2018-07-13,1,c9c7905cffc4ef9ff9f113554423e671,79.99,19.75,2018-06-20 21:58:21,MS,79840,SP,6871,3.6304861111111113,12.43662037037037,-8.026574074074073,0,1,on_time,4.0,SP->MS
8e80c9ae33f2cff714311666eb2e71b1,abb870bab45c948810c0625816e0de41,delivered,2018-04-27 14:27:13,2018-04-27 14:52:18,2018-04-27 14:35:00,2018-05-07 17:44:47,2018-05-28,1,1a3df491d1c4f1589fc2b934ada68bf2,148.9,33.23,2018-05-08 14:52:18,DF,72415,SC,89224,0.0054050925925925,10.13179398148148,-20.260567129629628,0,0,on_time,5.0,SC->DF
f2b9ba22ee2c63afa897fbd904851168,768233c1b23f5b36d4c6ade6538027f6,delivered,2018-03-29 09:28:06,2018-03-29 09:47:53,2018-03-29 22:11:40,2018-04-02 21:46:39,2018-04-11,1,7681ef142fd2c19048da7430856b5588,78.0,13.45,2018-04-04 09:47:53,SP,4126,SP,7074,0.5302546296296297,3.982627314814815,-8.092604166666666,0,0,on_time,5.0,SP->SP
6d207818bcd4cc24c3dcda21dc7ceb1f,a712ebf5bf5ad342a5ada632582d477c,delivered,2017-11-09 21:09:16,2017-11-09 21:31:40,2017-11-14 11:54:49,2017-11-24 20:12:08,2017-12-08,1,50c9975695009e5e6473912e83a6d1da,85.7,59.61,2017-11-16 21:31:37,ES,29230,MG,35530,4.614965277777777,10.345358796296296,-13.15824074074074,0,0,on_time,5.0,MG->ES
403965e12316a38230092283b46060d5,260067e704311386301ca2e8a2a67b81,delivered,2018-02-19 16:43:43,2018-02-19 16:50:40,2018-02-21 20:46:57,2018-03-12 20:52:32,2018-03-23,1,cc419e0650a3c5ba77189a1882b7556a,79.99,35.88,2018-02-27 16:50:40,RN,59890,SP,9015,2.168912037037037,19.00387731481481,-10.130185185185184,0,0,on_time,5.0,SP->RN
6d14889fa5a291bfb158f84de31cc0e9,ce7bb4d2cf76d2692bf39ad988f7ecd4,delivered,2018-06-06 20:53:22,2018-06-06 21:15:49,2018-06-07 09:02:00,2018-06-11 17:42:19,2018-07-03,1,6560211a19b47992c3666cc44a7e94c0,78.0,7.41,2018-06-14 21:15:49,SP,13160,SP,5849,0.5059953703703703,4.361331018518518,-21.262280092592597,0,0,on_time,4.0,SP->SP
1313bcad758bb2cb6766488e4448de3f,2ac2adcfaf901e151a527d97985e3fc7,delivered,2017-06-08 13:24:53,2017-06-08 13:35:21,2017-06-09 09:31:14,2017-06-14 13:26:15,2017-07-03,1,f8db351d8c4c4c22c6835c19a46f01b0,25.9,15.1,2017-06-14 13:35:21,RJ,22290,SP,13324,0.8377430555555555,5.163206018518519,-18.440104166666668,0,0,on_time,5.0,SP->RJ
c39b6a1fcbbad48578181950509b1330,ace64991a599a2eb952809697325b096,delivered,2018-07-29 00:43:55,2018-07-30 18:31:19,2018-08-02 14:03:00,2018-08-03 18:25:43,2018-08-13,1,8a432f4e5b471f8da497d7dc517666e2,55.0,13.97,2018-08-01 16:15:10,SP,5021,SP,19042,4.554918981481482,1.1824421296296297,-9.232141203703703,0,1,on_time,3.0,SP->SP
b8ddae4d27ce2071902b4172ec37c7ca,a3c378b866e6c466476a3d4a8b919629,delivered,2017-11-29 17:43:54,2017-11-29 18:31:00,2017-12-01 19:44:42,2017-12-11 13:28:17,2017-12-20,1,f7ba60f8c3f99e7ee4042fdef03b70c4,325.0,16.02,2017-12-05 18:17:26,PR,80250,SP,9628,2.0838888888888887,9.738599537037038,-8.43869212962963,0,0,on_time,4.0,SP->PR
53f691559a46605daffc49da7f178bee,822a47d8360c4c5a75af684ecbe5c9e0,delivered,2018-05-18 18:07:57,2018-05-18 18:19:39,2018-05-23 15:02:00,2018-06-02 10:38:40,2018-06-07,1,7ade73f1b9b4e965f9009a4c3a7e2c15,39.0,12.79,2018-05-24 18:19:39,SP,2046,SP,17051,4.870868055555556,9.81712962962963,-4.556481481481481,0,0,on_time,5.0,SP->SP
6c3416485c9a6bcd0118e636c4083591,70a9efc5396b189e1992166fbe612bde,delivered,2018-04-05 20:12:22,2018-04-06 22:49:06,2018-04-09 19:32:38,2018-04-11 13:10:35,2018-04-23,1,7bac63f6603d382cc8d0832eb6c100a8,699.0,17.33,2018-04-11 22:49:06,SP,19015,SP,5713,3.972407407407408,1.7346875,-11.450983796296295,0,0,on_time,5.0,SP->SP
0d5fb8614978748bcfbef448c8a74a17,33a3023585bff9c06044bdcd92c95b4b,delivered,2018-08-06 10:00:44,2018-08-06 10:15:30,2018-08-07 15:47:00,2018-08-15 21:19:33,2018-09-06,1,17e34d8224d27a541263c4c64b11a56b,181.5,20.46,2018-08-10 10:15:30,RS,92500,SP,14085,1.2404629629629629,8.2309375,-21.11142361111111,0,0,on_time,5.0,SP->RS
25b5b0ea53b7d5a2d5712a0d9d0b3649,dd171c5cd21429f0a17605d2428d2bf0,delivered,2017-08-31 00:47:54,2017-08-31 01:06:16,2017-09-05 21:10:32,2017-09-06 19:17:03,2017-09-13,1,85d9eb9ddc5d00ca9336a2219c97bb13,31.9,8.11,2017-09-06 01:06:16,MG,30250,MG,31255,5.849050925925926,0.9211921296296296,-6.196493055555556,0,0,on_time,5.0,MG->MG
c8258090bca7cc6a62c1e15d7fd995d4,7155051815aa96d970a1a40583f95e8b,delivered,2016-10-08 21:58:32,2016-10-09 23:48:46,2016-11-01 18:15:52,2016-11-08 14:24:44,2016-12-02,1,e8f6dc8e6a1dcde89d20e3995c8d90b3,134.9,16.09,2016-10-13 23:48:47,RJ,22440,SP,3476,23.84537037037037,6.83949074074074,-23.39949074074074,0,1,on_time,5.0,SP->RJ
be18b8aecc40c580699c87905e6578dc,4a7efd81b4b3dce1ec5523c7b0f5730d,delivered,2017-03-28 07:23:16,2017-03-28 07:35:13,2017-03-29 09:10:57,2017-04-12 12:43:40,2017-04-26,1,d73cbd89533ce8b041a9190241453ac8,28.9,19.05,2017-04-03 07:35:13,BA,45828,MG,36525,1.0747800925925926,14.147719907407408,-13.469675925925928,0,0,on_time,5.0,MG->BA
7f6aacad04768429ee0301c97da50b35,524735cfd75059d221644c56eb7bbbf2,delivered,2017-11-16 18:03:55,2017-11-16 18:36:19,2017-11-22 18:38:31,2017-12-05 22:58:53,2017-12-11,1,5b664594895aefb418afaee6d40a9a23,77.8,30.2,2017-11-22 18:31:16,PR,87303,RJ,25750,6.0240277777777775,13.180810185185186,-5.04244212962963,0,1,on_time,4.0,RJ->PR
e0eaf809859a6844fa893ae9c9af2ddc,7029a3107d8d456eec9c11bb8684c1b3,delivered,2017-10-11 19:33:33,2017-10-11 19:49:13,2017-10-16 09:49:56,2017-10-25 16:43:06,2017-11-03,1,a1043bafd471dff536d0c462352beb48,149.99,40.38,2017-10-18 20:49:13,RJ,22281,MG,37175,4.594710648148149,9.286921296296295,-8.303402777777778,0,0,on_time,4.0,MG->RJ
c85fdce6723ece9066d59f3a049c683d,21a049a6d84d04fe9d105aebb810d753,delivered,2017-07-27 12:48:29,2017-07-28 08:35:26,2017-07-28 17:44:01,2017-08-07 19:21:52,2017-08-18,1,391fc6631aebcf3004804e51b40bcf1e,49.5,32.22,2017-08-03 08:35:26,RJ,21341,SP,14940,1.2052314814814815,10.067951388888888,-10.193148148148149,0,0,on_time,5.0,SP->RJ
cee7c7cdaff69064ef0c806f168a9269,5a141d03e70c4c36cfcce2d07cc42f72,delivered,2017-10-10 13:00:05,2017-10-10 13:14:31,2017-10-11 17:45:48,2017-10-23 21:25:37,2017-11-03,1,bfd27a966d91cfaafdb25d076585f0da,76.0,17.78,2017-10-17 14:14:31,DF,70355,SP,13930,1.1984143518518515,12.152650462962963,-10.107210648148149,0,0,on_time,4.0,SP->DF
6649d935be7a1df58b2dc3754fb17379,756fdeca18f4b3e84fa1123a3b967a26,delivered,2017-07-23 13:03:42,2017-07-23 13:15:20,2017-07-26 15:53:49,2017-08-01 18:18:54,2017-08-11,1,4c2b230173bb36f9b240f2b8ac11786e,25.9,11.85,2017-07-27 13:15:20,SP,18300,SP,3933,3.118136574074074,6.100752314814815,-9.236875,0,0,on_time,5.0,SP->SP
469bf2fdc06cac665ecf178281ecffbe,de5fc49b0e1b56af06fd208b4db4c631,delivered,2017-07-27 17:48:15,2017-07-27 18:03:29,2017-07-28 19:52:11,2017-08-07 16:09:23,2017-08-22,1,f67efa3f0b6761102a7f8c6b7b571f5d,84.99,19.83,2017-08-02 18:03:29,RJ,27251,PR,82300,1.0860648148148149,9.845277777777778,-14.32681712962963,0,0,on_time,5.0,PR->RJ
b59cf01a46ed2ffd1319e181d3ac2217,3b90bb11f66915b3f23a14637ba4f96a,delivered,2017-03-05 15:35:01,2017-03-05 15:45:15,2017-03-06 11:20:11,2017-03-15 11:35:45,2017-04-03,1,669ae81880e08f269a64487cfb287169,65.0,17.88,2017-03-10 15:45:15,DF,70385,SC,89160,0.8230324074074075,9.010810185185186,-18.516840277777774,0,0,on_time,5.0,SC->DF
97ced3e3cf95caad623ab243c019a554,780aeac9aca8a8b475c06d5e58543c9c,delivered,2018-02-08 17:37:00,2018-02-08 18:32:25,2018-02-09 23:06:44,2018-02-28 00:28:29,2018-03-06,1,8b321bb669392f5163d04c59e235e066,12.25,21.15,2018-02-14 17:51:36,MA,65054,SP,1212,1.2289814814814817,18.05677083333333,-5.980219907407408,0,0,on_time,5.0,SP->MA
065be848b8cc9a907f12d443b2e4df7f,3dea56595e675d6e69c342d6c6999a28,delivered,2017-10-15 09:05:49,2017-10-17 04:24:39,2017-10-17 18:47:51,2017-10-18 19:05:10,2017-10-26,1,b6d44737c043328708f6749c2dbe50bd,69.9,13.08,2017-10-23 04:24:39,SP,5054,SP,9230,2.404189814814815,1.012025462962963,-7.204745370370371,0,0,on_time,4.0,SP->SP
9ff047a1638917c70a538d0aa9cdb6d3,f7c4276a2a1197f38b8a1c037aa11711,delivered,2018-08-02 12:06:18,2018-08-04 04:15:30,2018-08-07 15:14:00,2018-08-17 15:19:09,2018-08-24,1,ff1e15b778c700abdd4d239b81ac466d,54.9,23.1,2018-08-09 04:15:30,BA,41810,PR,81260,5.130347222222222,10.003576388888888,-6.361701388888889,0,0,on_time,5.0,PR->BA
8ee4479875cbd96e7ce155e3c9199147,bf58599771d9b32347c871f98d4bb4e9,delivered,2017-06-21 09:18:25,2017-06-22 02:30:24,2017-06-23 13:32:58,2017-06-27 15:34:26,2017-07-10,1,a673821011d0cec28146ea42f5ab767f,119.9,35.0,2017-07-04 02:30:24,SP,3820,SP,3809,2.1767708333333333,4.084351851851852,-12.351087962962962,0,0,on_time,5.0,SP->SP
a9aa7a1967b25653be2df8c6bdba2fd2,e5d315b5b2233173aa7966525862866c,delivered,2017-09-18 19:43:47,2017-09-18 19:55:09,2017-09-19 14:42:47,2017-10-03 20:26:25,2017-10-10,1,a1043bafd471dff536d0c462352beb48,99.0,38.21,2017-09-22 19:55:09,GO,74593,MG,37175,0.7909722222222222,14.23863425925926,-6.148321759259259,0,0,on_time,5.0,MG->GO
4d9d0b428174582a413b99766ffcb53c,dcde5d9823057e075bcad8edf118f4ff,delivered,2017-07-13 17:53:51,2017-07-13 18:05:19,2017-07-14 20:33:59,2017-07-20 21:13:21,2017-08-02,1,4a3ca9315b744ce9f8e9374361493884,69.9,11.99,2017-07-19 18:05:19,SP,13223,SP,14940,1.1112037037037037,6.027337962962963,-12.115729166666666,0,0,on_time,5.0,SP->SP
79d78a9ea5d396742c0efb562c68e2ed,1ca50e7d622f289e9001345532e2dea3,delivered,2018-07-25 12:26:27,2018-07-27 02:24:31,2018-07-27 14:03:00,2018-08-02 12:56:48,2018-08-13,1,9f505651f4a6abe901a56cdc21508025,19.99,18.24,2018-07-31 02:24:31,SC,89220,SP,4102,2.0670486111111117,5.954027777777778,-10.460555555555556,0,0,on_time,4.0,SP->SC
25ed8cc8c43f4ebcabd60fc31840c401,8a498c95d77ec0e09c2472e3e97412a3,delivered,2017-08-08 17:40:13,2017-08-10 03:15:30,2017-08-11 13:36:58,2017-08-12 11:42:20,2017-08-24,1,cc419e0650a3c5ba77189a1882b7556a,56.99,8.72,2017-08-21 03:15:30,SP,12246,SP,9015,2.831076388888889,0.9203935185185184,-11.51226851851852,0,0,on_time,5.0,SP->SP
a614d00ec4aae901097a6c85ad8033b7,77e0f0971d7d7e680b258472dab6b01b,delivered,2017-06-14 11:50:36,2017-06-14 12:05:42,2017-06-19 13:09:17,2017-06-23 11:06:40,2017-07-07,1,fc906263ca5083d09dce42fe02247800,39.9,14.1,2017-06-20 12:05:42,SP,13208,MG,31030,5.054641203703704,3.914849537037037,-13.537037037037036,0,0,on_time,4.0,MG->SP
4c66bf9c016db115ad9cffa6300cb809,1f354267f54a1ee829ee41e7e8c9bdf4,delivered,2018-04-10 22:19:12,2018-04-11 17:55:20,2018-04-12 23:24:40,2018-04-23 19:58:52,2018-05-08,1,850f4f8af5ea87287ac68de36e29107f,98.0,36.46,2018-04-17 17:55:20,SC,89255,SP,4367,2.045462962962963,10.857083333333334,-14.167453703703703,0,0,on_time,5.0,SP->SC
2cac7fc55f916e66710cb9db3fec5d56,1b348935b102ffd1e372f8754a6f20aa,delivered,2018-02-13 14:34:17,2018-02-13 15:07:52,2018-02-15 19:03:37,2018-02-19 20:32:50,2018-03-06,1,1f50f920176fa81dab994f9023523100,49.9,13.37,2018-02-19 14:07:52,SP,14090,SP,15025,2.187037037037037,4.061956018518519,-14.143865740740742,0,0,on_time,4.0,SP->SP
acf63fc70f653d6bd063dafc3701eafe,382ba68dec58c88eeb698f87a50d2740,delivered,2017-09-22 11:28:46,2017-09-22 11:44:35,2017-09-22 17:04:57,2017-10-03 17:27:01,2017-10-16,1,1da3aeb70d7989d1e6d9b0e887f97c23,149.99,19.93,2017-09-28 11:44:35,SP,14730,SP,4265,0.2334606481481481,11.015324074074076,-12.272905092592593,0,0,on_time,5.0,SP->SP
2db959b538f9d43d4e42321f2c1bf61d,4cacb8a14806d01a3197100d486be80f,delivered,2017-05-20 13:35:44,2017-05-21 13:42:26,2017-05-24 17:43:11,2017-05-29 11:07:53,2017-06-20,1,5dceca129747e92ff8ef7a997dc4f8ca,259.9,86.98,2017-05-25 13:42:26,GO,72820,SP,13450,4.171840277777778,4.725486111111112,-21.53619212962963,0,0,on_time,5.0,SP->GO
c9005699b095802a8c29533ef432d578,504b1f32fab0729c552a28e3db5e0d4a,delivered,2018-01-29 22:18:06,2018-01-29 22:30:22,2018-02-27 18:19:17,2018-03-09 18:04:45,2018-03-29,1,e81e1f9c3e762e620f3fb60a51499e16,380.0,18.42,2018-03-04 21:30:22,SP,2044,SC,89520,28.834155092592592,9.989907407407408,-19.246701388888887,0,0,on_time,5.0,SC->SP
a5a1a9c036a5213d2833ca3b19de15dd,abd89f3a9b428d61119d1c7710cb01e0,delivered,2018-01-04 11:22:25,2018-01-05 02:38:38,2018-01-23 22:34:21,2018-02-02 23:19:04,2018-02-05,1,3be634553519fb6536a03e1358e9fdc7,29.9,15.1,2018-01-11 02:38:38,SC,89240,SP,8275,19.46662037037037,10.03105324074074,-2.028425925925926,0,1,on_time,2.0,SP->SC
9351027800b2ca5df75c6d6999cd5774,432e843186d4ed1be1c754d8fea8c14a,delivered,2018-01-10 12:47:41,2018-01-11 03:08:40,2018-01-16 19:42:58,2018-01-17 15:48:55,2018-01-29,1,a673821011d0cec28146ea42f5ab767f,99.9,34.86,2018-01-17 03:08:40,SP,12234,SP,3809,6.288391203703704,0.8374652777777778,-11.341030092592591,0,0,on_time,5.0,SP->SP
47dc0ac51de82d69a50b926808fa9720,c7041f9f3e88d79bf3c9f3bd1d9e6786,delivered,2017-05-21 11:53:21,2017-05-23 04:10:24,2017-05-25 09:32:50,2017-06-09 10:49:31,2017-06-05,1,cc419e0650a3c5ba77189a1882b7556a,56.99,8.72,2017-05-30 04:10:24,SP,4937,SP,9015,3.902418981481482,15.053252314814817,4.451053240740741,1,0,carrier,1.0,SP->SP
23cb56e66a2abb69511896a6aef2aa67,49b712be39af04ef4a73cdcb83cf3ac8,delivered,2018-02-06 23:56:13,2018-02-07 00:10:39,2018-02-08 19:59:25,2018-02-21 11:44:55,2018-03-13,1,855668e0971d4dfd7bef1b6a4133b41b,25.0,15.1,2018-02-13 00:10:39,RS,95900,SP,13257,1.835555555555556,12.656597222222222,-19.51047453703704,0,0,on_time,4.0,SP->RS
7d9a71f7ac9e3a44b7a1b07570b605b0,70fc0ba9b537837220a6b446bf9ef1dd,delivered,2018-08-02 23:06:59,2018-08-02 23:15:16,2018-08-03 14:02:00,2018-08-08 15:06:49,2018-08-15,1,8e8a7ce9f2f970dc00e2acf6f6e199f6,129.0,19.0,2018-08-06 23:15:16,MG,35420,RJ,24710,0.6215393518518518,5.045011574074074,-6.370266203703704,0,0,on_time,3.0,RJ->MG
8250f4901ec804e830f26ef6fc285138,34c77e04dfcf650b34a877d30b89bbf5,delivered,2018-05-22 22:37:09,2018-05-22 22:56:09,2018-05-24 13:29:00,2018-05-25 20:51:38,2018-05-30,1,955fee9216a65b617aa5c0531780ce60,110.0,15.67,2018-05-24 22:56:09,SP,3379,SP,4782,1.6193402777777777,1.3073842592592593,-4.130810185185185,0,0,on_time,5.0,SP->SP
b2fc720676930e0f9f3c1e472e8cddad,5d146b89f4c6cca290b3470a4bb12bcf,delivered,2017-10-17 11:28:18,2017-10-17 12:06:54,2017-10-24 20:52:03,2017-11-03 16:17:59,2017-11-16,1,5058e8c1e82653974541e83690655b4a,24.99,19.84,2017-10-26 12:06:54,RS,90010,SP,8583,7.391493055555555,9.809675925925928,-12.320844907407407,0,0,on_time,5.0,SP->RS
d92a01f95189ea01e9fb980d9620cbe0,75618470cf7feeb7fdd120d26a766555,delivered,2018-05-14 18:10:06,2018-05-14 18:37:30,2018-05-15 11:34:00,2018-05-21 17:36:38,2018-06-12,1,259f7b5e6e482c230e5bfaa670b6bb8f,39.0,17.93,2018-05-16 18:31:24,RJ,21920,SP,8550,0.7249305555555555,6.251828703703704,-21.26622685185185,0,0,on_time,5.0,SP->RJ
798a8105c87bcc1f35bc710d5b31278f,e8299043927a80150a49daed412b9ac9,delivered,2018-07-17 14:31:04,2018-07-17 14:45:16,2018-07-18 10:04:00,2018-07-24 20:41:44,2018-08-01,1,28f10b1c5e5abb9d4857745bede6147c,141.0,27.29,2018-07-23 14:45:16,RJ,25680,SP,4250,0.8145370370370371,6.44287037037037,-7.137685185185185,0,0,on_time,4.0,SP->RJ
fb6f921f7362a60a75e0a4cd6acc5f2e,66811796b183faf53681923d97087d85,delivered,2018-08-20 21:21:37,2018-08-20 21:35:21,2018-08-21 16:09:00,2018-08-23 01:12:15,2018-08-24,1,bd149ed516d4c5d418d5781f8e18919f,69.0,12.78,2018-08-23 21:35:21,SP,13331,SP,7241,0.7829050925925926,1.3772569444444445,-0.9498263888888888,0,0,on_time,5.0,SP->SP
04075153ea747446984b909a58edef85,c3f1f14135a14fa76da70e04a0ac530f,delivered,2018-07-20 20:48:35,2018-07-21 10:15:26,2018-07-24 10:27:00,2018-07-27 20:46:29,2018-08-08,1,1025f0e2d44d7041d6cf58b6550e0bfa,70.0,27.66,2018-07-27 10:15:26,SP,18185,SP,3204,3.568344907407408,3.430196759259259,-11.134386574074076,0,0,on_time,5.0,SP->SP
d1841aabfefc61ddc63d1113e5f766e8,c8a6be2c61ccd0a754f9050ba710bf67,delivered,2018-06-10 18:39:02,2018-06-10 19:12:22,2018-06-11 11:05:00,2018-06-12 15:32:13,2018-06-26,1,40d54b51e962dbe09cabbcfd33298dee,26.1,8.29,2018-06-14 19:12:22,SP,4576,SP,9230,0.684699074074074,1.1855671296296295,-13.352627314814814,0,0,on_time,5.0,SP->SP
d92a01f95189ea01e9fb980d9620cbe0,75618470cf7feeb7fdd120d26a766555,delivered,2018-05-14 18:10:06,2018-05-14 18:37:30,2018-05-15 11:34:00,2018-05-21 17:36:38,2018-06-12,1,259f7b5e6e482c230e5bfaa670b6bb8f,39.0,17.93,2018-05-16 18:31:24,RJ,21920,SP,8550,0.7249305555555555,6.251828703703704,-21.26622685185185,0,0,on_time,5.0,SP->RJ
89f3db58a5290d65a2f5a8ac62089da4,c0b62ded4a9a252d4cae2c4c735cd797,delivered,2018-04-28 17:01:03,2018-04-28 17:15:15,2018-04-30 13:14:00,2018-05-26 16:54:34,2018-06-07,1,a1043bafd471dff536d0c462352beb48,119.0,17.6,2018-05-04 17:15:15,RJ,20961,MG,37175,1.842326388888889,26.153171296296296,-11.295439814814817,0,0,on_time,3.0,MG->RJ
52a96c4082dfe660d01acfdc740c4f61,6dbc1688502d1c05c3022748d524d8e0,delivered,2018-04-24 01:00:28,2018-04-24 18:11:13,2018-04-24 17:51:06,2018-05-09 20:56:37,2018-05-23,1,a1043bafd471dff536d0c462352beb48,119.0,46.08,2018-04-30 01:31:27,ES,29560,MG,37175,0.7018287037037036,15.128831018518518,-13.127349537037038,0,0,on_time,1.0,MG->ES
51dfe9f034afda72c27c6b01e98526f6,7356ed923effb67be04df8bdbfcb49c8,delivered,2018-02-09 22:44:39,2018-02-15 03:55:52,2018-02-16 19:08:54,2018-03-28 18:05:49,2018-03-28,1,b2479f944e1b90cf8a5de1bbfde284d6,43.98,36.0,2018-02-21 02:55:52,PA,68005,SP,14940,6.850173611111111,39.95619212962963,0.7540393518518519,1,0,carrier,3.0,SP->PA
3952808713e11b033a67e9dddb6872f9,beabad0a90f659fbd73b571183bab1ec,delivered,2017-08-08 09:04:21,2017-08-08 09:40:08,2017-08-08 18:06:51,2017-08-11 16:43:06,2017-09-13,1,b1ac6ea7895bc3dd6f0f6f4abbdd2821,99.0,18.0,2017-08-15 09:31:29,SP,9971,RS,92030,0.3767361111111111,2.9418402777777777,-32.30340277777778,0,0,on_time,5.0,RS->SP
f6557fb0a00716c9af72d15943e20704,8085cf5cf44c314a513087f25cccfd38,delivered,2017-09-19 13:22:06,2017-09-19 13:35:38,2017-09-22 18:46:37,2017-09-29 20:04:37,2017-09-29,1,b2ba3715d723d245138f291a6fe42594,64.9,7.78,2017-09-25 13:35:38,SP,13088,SP,3470,3.2253587962962964,7.054166666666666,0.8365393518518518,1,0,carrier,5.0,SP->SP
d6e3732aea036f7d71b44db75163e2f4,0e030dda2e8d63beb191f52346ac0fbe,delivered,2018-07-03 09:45:53,2018-07-05 16:27:57,2018-07-04 14:03:00,2018-07-05 15:21:52,2018-07-20,1,45ba18c210d42734ec52c0c1c574e9ee,169.89,12.92,2018-07-09 10:31:06,SP,6429,SP,18130,1.1785532407407406,1.0547685185185185,-14.359814814814817,0,0,on_time,5.0,SP->SP
17be127e33c5c47d99de1dd43f35c951,c6961250979dfd4fb65cd0e7802d3cee,delivered,2018-08-08 22:33:02,2018-08-08 22:45:12,2018-08-09 14:42:00,2018-08-13 15:48:42,2018-08-29,1,e58a5b390e28abc0b216cfb0e07d27d7,319.0,25.03,2018-08-14 22:45:12,SP,18195,RJ,22640,0.6728935185185185,4.046319444444444,-15.341180555555557,0,0,on_time,5.0,RJ->SP
bc96d9386fbde750e2b3f97c57b9e270,ebf475d6d14d876da50f4887ee1fc239,delivered,2018-03-06 19:02:10,2018-03-06 19:10:30,2018-03-07 21:52:41,2018-03-19 21:33:21,2018-03-27,1,e59aa562b9f8076dd550fcddf0e73491,410.0,28.95,2018-03-12 19:10:30,SP,11446,PR,82810,1.118414351851852,11.986574074074074,-7.101840277777778,0,0,on_time,4.0,PR->SP
7bb345539ace4f961167f1cf740679eb,d308e62191603a4c18790024ca6da6f1,delivered,2017-12-01 13:28:30,2017-12-01 13:35:24,2017-12-05 23:18:53,2017-12-11 18:29:22,2017-12-19,1,ea8482cd71df3c1969d7b9473ff13abc,29.89,7.78,2017-12-07 13:35:24,SP,13085,SP,4160,4.409988425925926,5.798946759259259,-7.229606481481482,0,0,on_time,2.0,SP->SP
82cb6c717dba0525c42ec35ab00e7f11,b66e89cdf91390434e02035aafcf4183,delivered,2018-02-28 11:19:54,2018-02-28 12:01:45,2018-03-02 00:08:56,2018-03-07 19:42:27,2018-03-21,1,4830e40640734fc1c52cd21127c341d4,138.0,32.48,2018-03-07 11:30:59,MG,36037,SP,3573,1.5340509259259258,5.81494212962963,-13.178854166666667,0,0,on_time,1.0,SP->MG
18448ffe871a865ac41ace28ce8e5079,781a5c8c63eb1e84f28fa2e051f7f24f,delivered,2017-06-14 06:49:48,2017-06-17 03:18:58,2017-06-20 08:15:36,2017-06-22 15:33:03,2017-08-16,1,dd2bdf855a9172734fbc3744021ae9b9,59.9,13.44,2017-07-27 03:18:58,MG,35545,MG,31255,6.059583333333333,2.3037847222222223,-54.35204861111111,0,0,on_time,5.0,MG->MG
1e94bea629f2a9ad149fc751e9880aab,1ec9ed4ef12aeabae2c3adb1f514006d,delivered,2017-09-28 10:44:18,2017-09-28 10:56:16,2017-09-29 19:55:04,2017-10-09 21:08:09,2017-10-25,1,46dc3b2cc0980fb8ec44634e21d2718e,279.99,18.21,2017-10-04 10:56:16,DF,71906,RJ,22240,1.3824768518518518,10.050752314814815,-15.119340277777775,0,0,on_time,5.0,RJ->DF
1b7926dafeead0e19837ca6b7764e1f1,b866be3f3db9c467d60fa850efdfeecd,delivered,2018-04-28 23:55:15,2018-04-30 13:12:14,2018-05-02 14:18:00,2018-05-11 13:57:48,2018-05-25,1,edb1ef5e36e0c8cd84eb3c9b003e486d,149.65,18.93,2018-05-07 13:12:14,PR,80430,RJ,25957,3.5991319444444443,8.985972222222221,-13.418194444444444,0,0,on_time,5.0,RJ->PR
31e16c0b68bf061881fbd1d124697dd4,95d33f6a49bb667c2cb2f9bb87e149c3,delivered,2018-03-07 22:23:50,2018-03-09 02:30:59,2018-03-15 15:51:52,2018-03-29 21:18:54,2018-04-03,1,1f50f920176fa81dab994f9023523100,53.9,27.11,2018-03-15 02:30:48,MT,78055,SP,15025,7.727800925925925,14.22710648148148,-4.111875,0,1,on_time,4.0,SP->MT
dbadf0264f5a2b239bea146da1b1f567,b5dd5010cf3b3b1178a8e596d7114266,delivered,2017-08-08 19:41:27,2017-08-10 19:43:56,2017-08-11 19:37:52,2017-08-18 20:15:41,2017-08-30,1,1771297ac436903d1dd6b0e9279aa505,70.78,28.2,2017-08-16 19:43:56,MG,30360,SP,7025,2.997511574074074,7.026261574074074,-11.155775462962962,0,0,on_time,5.0,SP->MG
0755976647cbb58f1c4aeabeed997490,c056ec712e18300c0e2d49101fca0a80,delivered,2017-07-10 20:00:48,2017-07-10 20:15:14,2017-07-11 18:09:33,2017-07-31 11:23:45,2017-08-11,1,897060da8b9a21f655304d50fd935913,42.9,37.9,2017-07-14 20:15:14,RO,76948,SP,14092,0.9227430555555556,19.71819444444445,-10.52517361111111,0,0,on_time,5.0,SP->RO
32be8f17cc988f8a0a52deaa64576dc2,8547b99982b4f351a1ad78a61be2e44a,delivered,2017-09-06 17:55:36,2017-09-06 18:05:12,2017-09-08 15:50:01,2017-09-11 20:04:03,2017-09-19,1,7d76b645482be4a332374e8223836592,19.9,7.78,2017-09-13 18:05:12,SP,7867,SP,1511,1.912789351851852,3.176412037037037,-7.163854166666667,0,0,on_time,,SP->SP
6c3808960b526766ea7a00ae22c020ab,30475771653cbc88a01817e3af381214,delivered,2018-05-16 09:39:07,2018-05-16 09:57:16,2018-05-21 08:34:00,2018-06-09 15:03:18,2018-06-26,1,ceaec5548eefc6e23e6607c5435102e7,439.98,44.67,2018-05-28 09:57:16,RJ,22715,SP,3821,4.954780092592593,19.270347222222224,-16.372708333333332,0,0,on_time,5.0,SP->RJ
29667756c1c215acb0eb87fa48bde75f,46a72099107f631c76922dca8c19a204,delivered,2018-06-25 17:31:38,2018-06-25 17:57:44,2018-06-26 11:42:00,2018-06-29 22:50:34,2018-07-05,1,6560211a19b47992c3666cc44a7e94c0,69.0,7.74,2018-06-27 17:57:44,SP,6445,SP,5849,0.757199074074074,3.4642824074074072,-5.048217592592593,0,0,on_time,5.0,SP->SP
3d23ac3ba9442ed723a59fa3f89b516c,d3bda5762e7a02e5d0c6b5fb6ef70d1f,delivered,2018-02-08 16:10:22,2018-02-08 17:05:52,2018-02-09 22:12:38,2018-02-16 20:52:12,2018-03-02,1,4869f7a5dfa277a7dca6462dcf3b52b2,209.9,14.49,2018-02-14 16:31:27,SP,19025,SP,14840,1.2515740740740742,6.944143518518518,-13.130416666666669,0,0,on_time,5.0,SP->SP
54df475b621101259545a784f1bdfcf8,9563f0aff8ddc568e70a2814455598c6,delivered,2017-05-06 22:22:58,2017-05-06 23:30:20,2017-05-16 13:54:02,2017-05-26 10:19:39,2017-05-29,1,440dd6ab244315c632130ecfb63827b1,97.5,13.7,2017-05-10 23:30:20,SP,2185,SP,15502,9.646574074074074,9.851122685185183,-2.5696875,0,1,on_time,5.0,SP->SP
b57410d258461ade68673ab75276e66d,bb248ad930ce8aa8dc295b01218e383f,delivered,2017-02-26 19:31:56,2017-02-26 19:45:10,2017-03-03 08:29:34,2017-03-13 17:09:12,2017-03-22,1,e8f6dc8e6a1dcde89d20e3995c8d90b3,19.9,14.52,2017-03-02 19:45:10,PR,83405,SP,3476,4.540023148148149,10.360856481481482,-8.285277777777777,0,1,on_time,5.0,SP->PR
0019c29108428acffd089c36103c9440,5f6bbac628ae418db4e0f92932f899c1,delivered,2018-03-06 06:40:28,2018-03-06 06:50:26,2018-03-07 01:20:05,2018-03-16 22:34:53,2018-04-11,1,77530e9772f57a62c906e1c21538ab82,59.9,19.95,2018-03-12 06:50:26,MG,37580,PR,80310,0.7775115740740741,9.885277777777778,-25.059108796296297,0,0,on_time,5.0,PR->MG
38abfeb6bcb069a97c3d5e8100f94715,ce0914328932472d11605cd48a1a99ea,delivered,2018-07-16 10:22:16,2018-07-16 16:30:53,2018-07-20 14:43:00,2018-07-25 19:18:22,2018-08-09,1,c31eff8334d6b3047ed34bebd4d62c36,99.99,23.5,2018-07-25 16:30:53,MG,36081,SP,13322,4.181064814814815,5.191226851851852,-14.195578703703704,0,0,on_time,5.0,SP->MG
80ff8e4db69c66d000da0845f52408f5,054b63b8606d2faa194328b09033b53c,delivered,2018-02-04 20:53:03,2018-02-04 21:09:55,2018-02-05 18:56:35,2018-03-14 20:48:20,2018-03-06,1,b6d44737c043328708f6749c2dbe50bd,85.0,21.08,2018-02-08 21:09:55,MG,37600,SP,9230,0.9191203703703704,37.07760416666667,8.866898148148149,1,0,carrier,5.0,SP->MG
14f81abb54984ba116bc1994d6a34b9d,bb8bc452c4adb3027f2d7e6c47663e1a,delivered,2018-06-26 11:41:33,2018-06-26 11:57:12,2018-06-27 06:23:00,2018-07-09 16:12:47,2018-07-17,1,8b321bb669392f5163d04c59e235e066,15.9,15.23,2018-06-28 11:57:12,ES,29055,SP,1212,0.7787847222222222,12.40957175925926,-7.324456018518519,0,0,on_time,1.0,SP->ES
ebaa42a79f2add158467770ca61a11e0,f3908b6f7fb3faf818a27d8deaa73560,delivered,2018-06-13 08:50:25,2018-06-13 09:16:21,2018-06-19 15:19:00,2018-06-22 22:32:41,2018-07-12,1,db2956745b3a8e9f3785c99f34b5d25e,189.0,13.98,2018-06-19 09:16:21,SP,16010,SP,11600,6.269849537037037,3.301168981481481,-19.060636574074078,0,1,on_time,4.0,SP->SP
9f0a75259f61f692aadf8400a97e46a7,de70193bb084d0d3b180fe80e3aab2c1,delivered,2017-10-09 18:53:48,2017-10-09 19:14:25,2017-10-11 11:34:07,2017-10-16 16:17:55,2017-10-20,1,7ddcbb64b5bc1ef36ca8c151f6ec77df,25.99,7.78,2017-10-16 20:14:25,SP,4835,SP,4403,1.6946643518518518,5.1970833333333335,-3.320891203703704,0,0,on_time,5.0,SP->SP
74ebbb8c3eef6b29921c0022d89812f1,c05b6c7a545cce943ad58c96add11b1a,delivered,2017-04-26 21:24:28,2017-04-26 21:35:10,2017-05-05 19:56:43,2017-05-17 15:41:23,2017-06-02,1,b2ba3715d723d245138f291a6fe42594,24.9,14.11,2017-05-10 21:35:10,RJ,21070,SP,3470,8.9390625,11.822685185185184,-15.346261574074074,0,0,on_time,5.0,SP->RJ
fde5931c072d09a2a89da86b20ab0451,029a95a46e81be7eb7b4f875e160528d,delivered,2017-03-15 18:53:36,2017-03-15 18:53:36,2017-03-16 10:34:29,2017-03-24 19:04:03,2017-04-04,1,76d5af76d0271110f9af36c92573f765,29.6,10.96,2017-03-22 18:53:36,SP,11705,SP,3194,0.6533912037037037,8.35386574074074,-10.205520833333331,0,0,on_time,5.0,SP->SP
582da9422bddcddbee36fd48edfac489,7a8401e1da2a596fa58956567b4cdeec,delivered,2018-05-08 11:18:15,2018-05-10 03:09:52,2018-05-16 05:27:00,2018-05-19 13:38:59,2018-05-25,1,7d13fca15225358621be4086e1eb0964,99.9,0.0,2018-05-16 03:09:52,SP,6804,SP,14050,7.756076388888889,3.3416550925925925,-5.431261574074074,0,1,on_time,5.0,SP->SP
903886b8e51bd659e2826a72c3eb5c5d,375294729b1e449f98d072de7869002b,delivered,2018-07-30 18:41:35,2018-07-30 20:00:22,2018-07-31 13:08:00,2018-08-07 16:48:47,2018-08-24,1,39a5005f2605cbdb4f9ac14485cabfd1,129.01,19.0,2018-08-02 20:00:22,SC,89025,SP,14780,0.7683449074074075,7.153321759259259,-16.29945601851852,0,0,on_time,5.0,SP->SC
bf44408de1d05eef70fb026ba64a90ea,96054b94409f7712eeffe8edfa6959a6,delivered,2017-01-06 21:30:38,2017-01-10 03:10:35,2017-01-10 11:53:06,2017-01-12 09:43:56,2017-02-14,1,b76dba6c951ab00dc4edf0a1aa88037e,10.49,10.96,2017-01-10 21:30:38,SP,13270,SP,3237,3.5989351851851854,1.9103009259259256,-32.59449074074074,0,0,on_time,5.0,SP->SP
df07571cefaed71337a66295010ddb44,357ea86137051c554e5a5f673ad8e14a,delivered,2017-09-30 15:04:50,2017-09-30 15:14:25,2017-10-03 17:17:34,2017-10-10 19:23:03,2017-10-19,1,cc419e0650a3c5ba77189a1882b7556a,59.99,9.34,2017-10-06 15:14:25,SP,5510,SP,9015,3.092175925925926,7.087141203703704,-8.192326388888889,0,0,on_time,4.0,SP->SP
22d041eb8aacc1c62569f7e903a64f52,b32de211be666fe1ff430c4a18a1810e,delivered,2017-08-22 09:50:57,2017-08-22 18:32:45,2017-08-24 20:03:04,2017-08-29 21:53:48,2017-09-22,1,55a5b51f93f2b70ea513f5a047b0262a,99.7,25.98,2017-08-28 18:26:00,RS,91360,MG,36301,2.4250810185185183,5.076898148148148,-23.08763888888889,0,0,on_time,5.0,MG->RS
08fa07327488ff39829511ce36ed3e32,06323e75b664e167bba52921c091ab2c,delivered,2018-01-04 14:46:20,2018-01-04 14:57:23,2018-01-08 14:58:01,2018-01-16 22:26:44,2018-02-02,1,620c87c171fb2a6dd6e8bb4dec959fc6,69.9,17.74,2018-01-11 14:57:23,MG,38411,RJ,25645,4.008113425925926,8.311608796296296,-16.06476851851852,0,0,on_time,4.0,RJ->MG
7d4bbd720f893f2ce3f6e19f95c4249a,9f9ced8eb6ca98352e7f4851b6890cd4,delivered,2018-05-24 11:30:54,2018-05-25 11:37:01,2018-05-25 11:15:00,2018-05-29 15:17:35,2018-06-29,1,06a2c3af7b3aee5d69171b0e14f0ee87,119.99,29.87,2018-06-06 11:31:15,SP,3174,MA,65072,0.9889583333333334,4.168460648148148,-30.36278935185185,0,0,on_time,5.0,MA->SP
b87c9466fb7a6b04a632222b07c1922d,f69987b9f125768a2cf3243679536a80,delivered,2017-09-15 11:59:48,2017-09-15 12:10:17,2017-10-10 19:39:53,2017-10-20 21:42:47,2017-10-04,1,633ecdf879b94b5337cca303328e4a25,109.9,15.52,2017-09-21 12:10:17,RJ,25635,SP,4438,25.319502314814816,10.085347222222222,16.904710648148146,1,1,seller,,SP->RJ
4f62d593acae92cea3c5662c76122478,dfb941d6f7b02f57a44c3b7c3fefb44b,delivered,2017-07-18 23:10:58,2017-07-18 23:23:26,2017-07-20 19:00:02,2017-07-21 16:19:40,2017-07-31,1,1da3aeb70d7989d1e6d9b0e887f97c23,13.99,7.78,2017-07-24 23:23:26,SP,4045,SP,4265,1.8257407407407409,0.8886342592592592,-9.319675925925926,0,0,on_time,5.0,SP->SP
422028dba1a4879bb69bd195fe7063fc,b4373843d1fd375a9b9a2da2ff39ebd0,delivered,2017-04-25 14:06:47,2017-04-25 14:22:21,2017-04-26 14:48:56,2017-05-02 16:21:25,2017-05-19,1,3db66a856d18a9cba7c9241fc5221c50,69.9,11.88,2017-05-02 14:22:21,MG,31555,MG,35430,1.0292708333333334,6.064224537037037,-16.318460648148147,0,0,on_time,5.0,MG->MG
40f8df5351ca042862168f31bd853103,b008592aaf5565d7b24c16d319c278a7,delivered,2018-03-07 21:31:17,2018-03-08 14:08:22,2018-03-12 20:32:12,2018-03-22 14:44:47,2018-04-06,1,ccc4bbb5f32a6ab2b7066a4130f114e3,349.9,59.0,2018-03-19 14:08:22,BA,45028,PR,80310,4.958969907407408,9.758738425925928,-14.38556712962963,0,0,on_time,5.0,PR->BA
ed7fc7aafd6ebca5daa21eaa5274d536,14ae92ef4c5da09f8158657a1531eda1,delivered,2018-01-23 14:09:05,2018-01-24 02:52:38,2018-01-25 21:52:38,2018-01-31 18:24:38,2018-02-15,1,4869f7a5dfa277a7dca6462dcf3b52b2,189.0,12.82,2018-01-30 02:52:38,SP,13561,SP,14840,2.3219097222222222,5.855555555555555,-14.232893518518518,0,0,on_time,5.0,SP->SP
2950c71359ad6e41415903d763381882,bfca88bf816c31d01923b1da0fdea9ae,delivered,2017-09-10 21:28:52,2017-09-11 21:35:35,2017-09-20 18:33:28,2017-10-05 14:32:43,2017-10-05,1,522620dcb18a6b31cd7bdf73665113a9,165.2,18.73,2017-09-18 21:33:17,RJ,26193,PR,85801,9.878194444444444,14.8328125,0.6060532407407407,1,1,seller,4.0,PR->RJ
c19e19a8551bdd68c5a4d75fb4c6f4fa,1c2f4342582fd039e9914d710576234f,delivered,2018-01-24 17:53:23,2018-01-25 02:57:32,2018-01-30 15:16:50,2018-02-08 16:18:52,2018-02-23,1,7008613ea464bad5cb9b83456e1e6a8f,58.0,25.25,2018-01-31 02:57:32,SP,13560,SC,89460,5.891284722222222,9.043078703703705,-14.320231481481482,0,0,on_time,5.0,SC->SP
b218e6afdf3f52598df377661fbd530e,531becfc93ec1ae0c830d67da0a594b7,delivered,2017-11-12 16:56:26,2017-11-12 17:10:26,2017-11-16 13:51:56,2017-12-03 12:28:46,2017-12-12,1,08d2d642cf72b622b14dde1d2f5eb2f5,58.0,16.17,2017-11-17 17:10:26,RS,96065,SP,17512,3.871875,16.94224537037037,-8.480023148148149,0,0,on_time,3.0,SP->RS
ca3ead5d3a8a5aa51de698e8a6f6f51f,489e0aa96f25d98e59fa81b16ab96789,delivered,2017-10-11 19:11:12,2017-10-11 19:25:50,2017-10-17 19:37:54,2017-10-20 15:50:09,2017-10-30,1,7aa4334be125fcdd2ba64b3180029f14,86.99,13.63,2017-10-18 20:25:50,SP,1311,SP,18500,6.018541666666667,2.8418402777777776,-9.340173611111112,0,0,on_time,5.0,SP->SP
f538ab1833873a6a10bf9e563867c4cc,0bd0b101f44fe42c7046dbfdc9d22376,delivered,2018-06-25 10:43:42,2018-06-25 10:55:30,2018-06-25 13:13:00,2018-06-26 11:18:36,2018-07-05,1,6560211a19b47992c3666cc44a7e94c0,55.0,7.65,2018-06-27 10:55:30,SP,4815,SP,5849,0.1036805555555555,0.9205555555555556,-8.52875,0,0,on_time,3.0,SP->SP
08f47d708b29e500be7ee1576343f2f9,ae8dce2bd3be3a25622d54adbaf92a27,delivered,2017-10-17 10:30:04,2017-10-18 03:14:39,2017-10-23 17:22:17,2017-10-26 18:41:54,2017-10-27,1,19e0f40a907ec568c34bfac15de4f4a1,44.5,7.78,2017-10-24 03:14:39,SP,7790,SP,13478,6.286261574074074,3.055289351851852,-0.2209027777777777,0,0,on_time,5.0,SP->SP
5d508403951477c6ca3f8fb41f351658,29588af43a7f8d1ac968a59f8a504036,delivered,2018-03-13 23:37:18,2018-03-14 00:20:29,2018-03-16 16:34:39,2018-03-28 17:48:26,2018-04-11,1,b32be1695eb7ec5f10f72d9610a12527,998.0,50.57,2018-03-20 00:20:29,SP,12570,RS,95012,2.706493055555556,12.051238425925924,-13.258032407407407,0,0,on_time,4.0,RS->SP
7122be37b1b21797619ed0a6cf64f043,35cc79f94883e64adef77f344e09b7ec,delivered,2018-04-09 21:35:35,2018-04-10 21:35:17,2018-04-13 15:03:18,2018-05-09 22:47:31,2018-05-08,1,397c4d0c005b6f41f90098ac724e28cb,1190.0,178.11,2018-04-16 21:31:18,CE,63150,SP,9182,3.7275810185185194,26.322372685185183,1.949664351851852,1,0,carrier,4.0,SP->CE
2ac42594eaf273ef34edd063db0ebdac,277fa8f202308757afb3cb05f8dcefe2,delivered,2017-04-05 09:32:45,2017-04-05 09:45:14,2017-04-05 14:14:20,2017-04-12 07:17:39,2017-04-28,1,6cd68b3ed6d59aaa9fece558ad360c0a,55.9,14.56,2017-04-11 09:45:14,SP,8640,MG,31255,0.1955439814814814,6.710636574074074,-15.696076388888889,0,0,on_time,5.0,MG->SP
2e69eb402e990dd7df2f12806dc38a4a,fdad7da94289d3521ce425b4edfbfc60,delivered,2017-12-15 00:55:29,2017-12-15 01:12:22,2017-12-19 00:16:07,2017-12-20 19:33:54,2018-01-05,1,955fee9216a65b617aa5c0531780ce60,75.0,13.08,2017-12-22 01:12:22,SP,18055,SP,4782,3.972662037037037,1.804016203703704,-15.184791666666667,0,0,on_time,5.0,SP->SP
0494bfa608beaca61486b71439135973,d66608953619ee144d97bc31d4309228,delivered,2017-04-30 21:07:30,2017-04-30 21:22:26,2017-05-04 11:52:54,2017-05-11 13:58:04,2017-05-23,1,e26901d5ab434ce92fd9b5c256820a4e,79.9,11.17,2017-05-04 21:22:26,SP,7791,SP,9350,3.6148611111111113,7.086921296296296,-11.41800925925926,0,0,on_time,5.0,SP->SP
6c073a22ff6009da282ea6c30102f996,fd21e05c87eb8feb0e94bb41b85efcf4,delivered,2018-05-24 09:19:42,2018-05-26 02:18:29,2018-05-30 14:48:00,2018-06-07 23:41:00,2018-07-02,1,bbad7e518d7af88a0897397ffdca1979,35.9,23.28,2018-05-31 02:18:29,MT,78820,SP,1512,6.227986111111111,8.370138888888889,-24.013194444444444,0,0,on_time,5.0,SP->MT
da335e512c5172e253ee80cb42acf8aa,d1c7f1091325d6c6dd7c4512b6ded91f,delivered,2018-05-16 18:29:14,2018-05-18 12:31:43,2018-05-22 08:43:00,2018-06-09 01:02:42,2018-06-07,1,2e90cb1677d35cfe24eef47d441b7c87,103.9,10.25,2018-05-22 10:56:37,RS,91787,SP,2285,5.592893518518519,17.680347222222224,2.0435416666666666,1,0,carrier,4.0,SP->RS
767b76997bafc4391a3018711fd833a9,5d67e31aa8cdc36c984e4079a287a60c,delivered,2017-11-26 12:29:41,2017-11-26 12:51:50,2017-11-29 13:05:31,2017-12-13 19:59:15,2017-12-21,1,a1043bafd471dff536d0c462352beb48,179.99,45.72,2017-11-30 12:51:50,RJ,24410,MG,37175,3.024884259259259,14.287314814814817,-7.1671875,0,0,on_time,5.0,MG->RJ
dad151e92378667093156fc66f981742,5d86fbca7c39699079b3d456e7040af5,delivered,2017-04-21 20:05:40,2017-04-21 20:15:08,2017-04-24 13:08:46,2017-05-09 09:26:55,2017-05-24,1,c3867b4666c7d76867627c2f7fb22e21,218.0,23.46,2017-04-28 20:15:08,AL,57602,SP,14580,2.710486111111111,14.8459375,-14.60630787037037,0,0,on_time,2.0,SP->AL
da8e92c95f6211d869cc1ed980065ed0,b3d7539a250e20ae9c55ce217deb3fda,delivered,2018-04-30 21:09:25,2018-05-01 03:15:38,2018-05-04 14:16:00,2018-05-10 10:18:31,2018-05-30,1,440dd6ab244315c632130ecfb63827b1,227.0,44.17,2018-05-07 03:15:38,RS,95745,SP,15502,3.712905092592592,5.835081018518519,-19.57047453703704,0,0,on_time,4.0,SP->RS
7ad3a0c4bc283dc5bdb749f66752270d,4dab1a97149117165228acb8a404acaf,delivered,2018-03-20 20:24:15,2018-03-20 20:35:22,2018-03-22 21:37:51,2018-03-29 23:18:43,2018-04-10,1,643214e62b870443ccbe55ab29a4dccf,19.9,18.23,2018-03-26 20:31:26,MG,35044,SP,2134,2.051111111111111,7.070046296296296,-11.02866898148148,0,0,on_time,5.0,SP->MG
0a275b76a325d0ea648f62a087597d85,ba41199b46562b87c3d00a2f85bdf386,delivered,2017-08-03 19:02:29,2017-08-03 19:15:20,2017-08-11 18:47:55,2017-08-15 15:23:42,2017-08-30,1,6a51fc556dab5f766ced6fbc860bc613,194.9,13.7,2017-08-09 19:15:20,SP,4904,SP,17500,7.989884259259259,3.85818287037037,-14.358541666666667,0,1,on_time,4.0,SP->SP
1a760f4fb7016db883f1d801994c557d,395806f68e98a2dfa5a4929a243fb666,delivered,2018-05-02 21:08:12,2018-05-02 21:35:25,2018-05-08 11:06:00,2018-05-14 18:42:07,2018-05-28,1,06a2c3af7b3aee5d69171b0e14f0ee87,119.99,38.89,2018-05-08 21:31:30,BA,45037,MA,65072,5.581805555555556,6.316747685185185,-13.220752314814815,0,0,on_time,5.0,MA->BA
ddc1ad74baf8bdaaaf50180cccb24d71,f9b659b91eeb363feb311c590fe4c9f8,delivered,2017-12-22 18:06:06,2017-12-22 18:29:35,2017-12-26 16:56:58,2018-01-04 21:07:43,2018-01-29,1,620c87c171fb2a6dd6e8bb4dec959fc6,159.9,20.36,2018-01-03 18:29:35,MS,79890,RJ,25645,3.9519907407407406,9.174131944444444,-24.119641203703704,0,0,on_time,5.0,RJ->MS
a848ecb46fe108b35dd5bd7bf4fdddca,9deb8336dd9a075a90ad8adb3459e4fe,delivered,2018-05-02 19:55:38,2018-05-02 20:38:58,2018-05-03 15:09:00,2018-05-18 00:14:29,2018-05-24,1,cfb1a033743668a192316f3c6d1d2671,169.8,27.27,2018-05-08 20:38:58,RJ,28400,SP,18110,0.8009490740740741,14.37880787037037,-5.98994212962963,0,0,on_time,2.0,SP->RJ
8deef23d1fd8c6c5f9f3d449baec0648,ca10c299564ec71ffc062f199e380815,delivered,2018-02-12 14:31:23,2018-02-13 15:07:52,2018-02-19 23:08:10,2018-03-05 13:08:38,2018-03-12,1,ca3bd7cd9f149df75950150d010fe4a2,231.2,66.6,2018-02-27 14:07:52,SC,88036,SP,4361,7.358877314814815,13.583657407407408,-6.452337962962963,0,0,on_time,1.0,SP->SC
69f6c952c081cc5dcc49173473630516,ae4c4beb11e7a4b395a9acc4ea3ee895,delivered,2017-07-02 13:02:39,2017-07-02 13:23:37,2017-07-03 16:40:53,2017-07-14 18:03:53,2017-07-25,1,dbc22125167c298ef99da25668e1011f,102.9,17.97,2017-07-06 13:23:37,RJ,28055,MG,37564,1.151550925925926,11.057638888888889,-10.247303240740742,0,0,on_time,5.0,MG->RJ
bb953a084ab406da9e19dfdc06df0245,152b39d7f829538d9a25281cc20b0af6,delivered,2018-07-29 13:54:51,2018-07-29 14:24:20,2018-07-30 15:24:00,2018-08-13 19:08:37,2018-09-03,1,530ec6109d11eaaf87999465c6afee01,41.9,23.44,2018-07-31 14:24:20,RJ,22631,PR,85807,1.0619097222222222,14.155983796296296,-20.20234953703704,0,0,on_time,5.0,PR->RJ
f2d78e5d17d66ca25ccafaec01ccdff9,51cb4856db49f27e75b8d74da948ff43,delivered,2018-05-07 09:20:56,2018-05-08 04:55:19,2018-05-08 12:02:00,2018-05-16 12:03:18,2018-05-24,1,a1043bafd471dff536d0c462352beb48,119.0,7.64,2018-05-14 04:55:19,MG,38408,MG,37175,1.111851851851852,8.000902777777778,-7.497708333333334,0,0,on_time,5.0,MG->MG
6dc3e3b2cee53031d832943548d16db9,3946e462dbdea5c684aa376441820496,delivered,2017-11-13 18:10:59,2017-11-13 18:30:49,2017-11-17 15:42:53,2017-11-27 18:45:04,2017-12-07,1,128639473a139ac0f3e5f5ade55873a5,19.9,12.48,2017-11-20 18:30:31,SP,18550,PR,87050,3.897152777777778,10.126516203703703,-9.218703703703705,0,0,on_time,5.0,PR->SP
008dd5e80ebf8f849aa0c5bf4e22ce7a,3c138c472fb6f243ea59fa2589b20440,delivered,2018-03-20 20:31:23,2018-03-22 02:56:19,2018-03-22 23:48:27,2018-03-23 18:04:16,2018-04-02,1,7ad32824caee82087b3e2e5f33b1bf32,199.0,8.74,2018-03-28 02:56:19,SP,17053,SP,14940,2.136851851851852,0.7609837962962963,-9.247037037037035,0,0,on_time,1.0,SP->SP
f30fa14e2b0495b15843f4fa7e1287b1,039afda3072825c183a2ec67468cf1b7,delivered,2017-03-11 00:27:23,2017-03-11 00:27:23,2017-03-14 11:42:48,2017-03-17 13:22:18,2017-04-10,1,36a968b544695394e4e9d7572688598f,41.8,21.92,2017-03-27 00:27:23,SP,1241,SP,11010,3.469039351851852,3.069097222222222,-23.442847222222223,0,0,on_time,1.0,SP->SP
6308e2b09c21b19ba8950c494a9468d6,9890729ffc125b12b99d8bb4814b1ce0,delivered,2018-06-02 23:42:33,2018-06-03 00:35:20,2018-06-05 07:02:00,2018-06-10 10:54:23,2018-07-05,1,955fee9216a65b617aa5c0531780ce60,55.0,13.75,2018-06-11 00:35:20,SP,15075,SP,4782,2.305173611111111,5.161377314814815,-24.545567129629628,0,0,on_time,5.0,SP->SP
d8f4cab2c25988993e96c6c02a837ec9,51ec9c71b8a1fa7cfbdcd29bcbdeea39,delivered,2018-02-26 15:59:29,2018-02-26 16:32:22,2018-02-27 20:34:14,2018-03-20 18:26:32,2018-03-27,1,1025f0e2d44d7041d6cf58b6550e0bfa,38.4,26.89,2018-03-05 16:31:21,TO,77470,SP,3204,1.190798611111111,20.911319444444445,-6.231574074074074,0,0,on_time,1.0,SP->TO
065d95bb9e6d5bbc0a5a2c40579b16e5,e92376215b80c2c97a67489e50927147,delivered,2018-05-08 09:38:47,2018-05-08 09:55:32,2018-05-10 19:05:00,2018-05-11 23:04:51,2018-05-21,1,c70c1b0d8ca86052f45a432a38b73958,95.0,7.53,2018-05-14 09:55:32,SP,3111,SP,13186,2.3932060185185184,1.1665625,-9.038298611111111,0,0,on_time,5.0,SP->SP
a6dfab363a9e239287c4b1e3c275fb93,5e81e1b0b6164c14269bb934e9c43c3d,delivered,2017-01-26 09:11:37,2017-01-27 10:41:58,2017-02-05 12:43:54,2017-02-14 13:35:05,2017-03-14,1,620c87c171fb2a6dd6e8bb4dec959fc6,309.9,26.66,2017-01-30 09:11:37,MA,65920,RJ,25645,10.14741898148148,9.035543981481482,-27.43396990740741,0,1,on_time,5.0,RJ->MA
c58ffed0450c483623e8de5090e2e8b4,3a34ee3f747fd27b981481c34f6f0ba8,delivered,2017-09-15 18:07:21,2017-09-15 18:25:22,2017-09-18 18:20:07,2017-09-19 19:43:55,2017-09-27,1,0ea22c1cfbdc755f86b9b54b39c16043,19.9,8.11,2017-09-21 18:24:52,MG,30830,MG,35700,3.008865740740741,1.0581944444444444,-7.1778356481481485,0,0,on_time,4.0,MG->MG
b7db45f8be850ed08d9790e874772966,61fe8bb74fbc2eac555010a7bbe4914f,delivered,2017-12-19 15:54:00,2017-12-19 16:10:16,2017-12-20 20:25:22,2018-01-08 19:27:36,2018-01-23,1,b33e7c55446eabf8fe1a42d037ac7d6d,149.0,26.32,2017-12-26 16:10:16,CE,60442,SP,14850,1.188449074074074,18.95988425925926,-14.189166666666669,0,0,on_time,5.0,SP->CE
738c536e3bfc3c99dddffed112e89349,c38f238897e6413a43a0f302bf8b7b9e,delivered,2018-03-01 16:12:35,2018-03-01 16:30:10,2018-03-02 17:42:52,2018-03-05 16:59:34,2018-03-13,1,9f505651f4a6abe901a56cdc21508025,269.0,10.08,2018-03-07 16:30:10,SP,4041,SP,4102,1.062696759259259,2.9699305555555555,-7.291967592592592,0,0,on_time,5.0,SP->SP
a10b332599146f5dbbbb25f38dd85fc1,7663f2fefb813c164a83a2cf5b653e6b,delivered,2017-07-09 22:36:56,2017-07-09 22:50:14,2017-07-11 14:06:30,2017-07-18 19:13:16,2017-08-02,1,cc419e0650a3c5ba77189a1882b7556a,56.99,15.15,2017-07-16 22:50:14,RJ,28040,SP,9015,1.6455324074074074,7.213032407407407,-14.19912037037037,0,0,on_time,4.0,SP->RJ
80b9515e62b3dcb4da3c324967e6af86,9581e5cc4b6d9ea32cf3065424d42daf,delivered,2017-05-22 16:16:13,2017-05-22 16:25:10,2017-05-23 08:52:20,2017-05-25 15:55:33,2017-06-02,1,4992e76a42cb3aad7a7047e0d3d7e729,59.8,18.68,2017-05-26 16:25:10,SP,7114,SP,3334,0.6917476851851851,2.293900462962963,-7.336423611111111,0,0,on_time,5.0,SP->SP
440210629ba4e9e0358429778cefe8b0,3d8d6040155a88249b41c00fde1e7629,delivered,2018-05-10 08:48:18,2018-05-11 12:17:05,2018-05-21 23:10:00,2018-05-25 21:18:48,2018-05-22,1,c3acdfac4e3e97ff87529454fbc03642,1399.0,16.66,2018-05-17 12:17:05,SP,3806,SP,5705,11.598402777777778,3.9227777777777777,3.8880555555555554,1,1,seller,1.0,SP->SP
1126e8ce51fcc395870c8fabcf7de709,223a9aa3954976590fb34edd7ad9ef63,delivered,2018-08-01 21:53:01,2018-08-03 02:43:59,2018-08-06 15:02:00,2018-08-08 20:22:36,2018-08-07,1,4a1f694197d05fe70026b016a7316b41,42.99,11.32,2018-08-08 02:43:59,SP,5089,SP,13920,4.714571759259259,2.222638888888889,1.8490277777777775,1,0,carrier,3.0,SP->SP
4b53f2920ae3d24446cf49d6e51cb469,9a55783651fb1156efffd12fed3f9b28,delivered,2018-03-13 14:05:01,2018-03-13 14:15:41,2018-03-14 22:12:28,2018-03-26 22:42:48,2018-04-04,1,ea8482cd71df3c1969d7b9473ff13abc,27.99,18.23,2018-03-19 14:15:41,MG,36700,SP,4160,1.3385069444444444,12.021064814814816,-8.053611111111111,0,0,on_time,5.0,SP->MG
bdc82a7dd7a5afa642e590e280475da0,33dc04a1e7c748a2722c3f87f5b23416,delivered,2018-07-28 13:27:34,2018-07-30 16:05:17,2018-07-31 11:58:00,2018-08-09 18:27:50,2018-08-20,1,f7ba60f8c3f99e7ee4042fdef03b70c4,330.0,21.22,2018-08-01 16:05:17,PA,66093,SP,9628,2.937800925925926,9.270717592592591,-10.230671296296295,0,0,on_time,5.0,SP->PA
ea418b9e7145f9d09282bcd0f281b2c5,0ebb41b53df7726b1f2b00a27a169ae1,delivered,2018-01-13 21:04:16,2018-01-13 21:15:28,2018-01-18 19:12:50,2018-01-27 01:52:33,2018-02-15,1,ea8482cd71df3c1969d7b9473ff13abc,37.99,17.63,2018-01-18 21:15:28,CE,61600,SP,4160,4.922615740740741,8.277581018518518,-18.92184027777778,0,0,on_time,5.0,SP->CE
2625837a3a5e1335d606929a3cf154a8,53170878264b262f67dd44eae6f6998d,delivered,2018-01-17 02:18:29,2018-01-18 02:31:00,2018-01-18 23:48:39,2018-01-25 17:28:41,2018-02-07,1,955fee9216a65b617aa5c0531780ce60,29.5,15.98,2018-01-24 02:31:00,SP,19900,SP,4782,1.895949074074074,6.736134259259259,-12.271747685185185,0,0,on_time,4.0,SP->SP
826221f0c1a1915308dccb83b841eb2f,aa4c9ebf1ab4d645556cc96679f4cb92,delivered,2017-07-21 00:45:07,2017-07-21 01:03:27,2017-07-21 18:09:54,2017-07-24 16:33:55,2017-08-07,1,b4ffb71f0cb1b1c3d63fad021ecf93e1,16.1,7.78,2017-07-31 01:03:27,SP,9070,SP,3880,0.7255439814814815,2.9333449074074074,-13.309780092592591,0,0,on_time,5.0,SP->SP
8ee8c0426394f8fb52861464aa0b4b40,04ccf04b81dec817ff694f6af34a2a59,delivered,2017-11-19 09:21:27,2017-11-19 09:35:25,2017-11-22 19:58:38,2017-11-24 19:17:39,2017-12-07,1,fbc14c0cf93505ef89f64665ffa4a7b5,1106.99,25.64,2017-11-23 09:35:25,SP,1311,SP,14150,3.442488425925926,1.971539351851852,-12.196076388888889,0,0,on_time,5.0,SP->SP
8a57df5bc496d7439886b2f23b58f56e,15afbf8ac67202642376cff3d3a5843b,delivered,2018-08-02 17:58:29,2018-08-02 18:30:52,2018-08-03 12:54:00,2018-08-06 19:56:24,2018-08-07,1,f125f3a310c2e5f822d116147de1e474,151.3,12.08,2018-08-06 18:10:18,SP,6700,SP,3068,0.7885532407407407,3.293333333333333,-0.1691666666666666,0,0,on_time,4.0,SP->SP
4cd45eb856471e6d7d1f85e585b81041,279a316b31aac761c16483859fa9d33b,delivered,2018-06-28 10:05:44,2018-06-28 10:15:11,2018-06-28 14:20:00,2018-06-29 13:11:06,2018-07-12,1,8648b1e89e9b349e32d3741b30ec737e,78.5,8.29,2018-07-02 10:15:11,SP,4003,SP,12308,0.176574074074074,0.9521527777777776,-12.450625,0,0,on_time,4.0,SP->SP
f4cfe242b2a63f75c59446a0f5a8ee94,8e9bba8e9800a9bdf85291c468b3607f,delivered,2018-03-06 11:18:32,2018-03-07 11:15:55,2018-03-08 17:27:19,2018-03-17 19:22:08,2018-04-02,1,a1043bafd471dff536d0c462352beb48,159.0,67.48,2018-03-13 11:15:55,RJ,26433,MG,37175,2.256099537037037,9.079733796296296,-15.192962962962962,0,0,on_time,4.0,MG->RJ
10b0cc08700da34fd2c2778af9ab388b,698db0bcb90cedf04468cb9e52e8c146,delivered,2018-03-11 22:12:18,2018-03-11 22:28:08,2018-03-12 17:06:55,2018-03-15 19:32:37,2018-03-23,1,da8622b14eb17ae2831f4ac5b9dab84a,109.9,12.1,2018-03-15 22:28:08,SP,13830,SP,13405,0.7879282407407407,3.101180555555556,-7.18568287037037,0,0,on_time,4.0,SP->SP
d3f188004b9a9be7084c1f771e594963,e6b4ac526bc0cffe935360815bf63a8d,delivered,2018-02-03 17:15:30,2018-02-03 17:30:03,2018-02-05 20:12:26,2018-02-07 01:07:59,2018-02-21,1,6edacfd9f9074789dad6d62ba7950b9c,54.9,8.72,2018-02-08 17:30:03,SP,8501,SP,7135,2.12287037037037,1.2052430555555556,-13.952789351851852,0,0,on_time,5.0,SP->SP
bb9a1bc465b8456a8d36e06370273b58,2268cb48c219a752fc0a039a2c365568,delivered,2018-03-27 20:42:07,2018-03-27 20:55:28,2018-04-09 23:23:29,2018-04-23 13:41:37,2018-04-19,1,06a2c3af7b3aee5d69171b0e14f0ee87,61.99,60.49,2018-04-02 20:55:28,SP,14790,MA,65072,13.112060185185186,13.595925925925926,4.570567129629629,1,1,seller,4.0,MA->SP
5cdbffacc3b645aab7040623006efe52,47274ab84d1b20ca707a3d849699e0b4,delivered,2018-06-14 20:06:44,2018-06-14 20:15:43,2018-06-18 08:28:00,2018-06-29 17:48:57,2018-07-16,1,f3da5b2ff499efb8d4a6d371d175d7dd,69.9,22.77,2018-06-18 20:15:43,PE,52070,SP,2407,3.5147685185185185,11.389548611111111,-16.257673611111112,0,0,on_time,5.0,SP->PE
9c983856364a24ce56bf39aea9bb118a,05b0e6924c6fed9b001e0469aae1ce06,delivered,2017-09-13 14:02:31,2017-09-14 03:05:51,2017-09-18 22:12:29,2017-10-04 13:08:04,2017-10-10,1,4d6d651bd7684af3fffabd5f08d12e5a,119.8,33.72,2017-09-20 03:05:51,BA,46470,SP,17209,5.34025462962963,15.62193287037037,-5.452731481481481,0,0,on_time,5.0,SP->BA
7db4fb166f6ce2f0c77657c4c78683d9,6d5b4c9ce06ab89ee2984745c1cf699a,delivered,2017-12-08 14:04:16,2017-12-08 14:14:45,2017-12-12 16:35:26,2017-12-21 16:37:15,2017-12-27,1,fa1c13f2614d7b5c4749cbc52fecda94,198.9,8.65,2017-12-14 14:14:45,SP,3984,SP,13170,4.104976851851852,9.001261574074075,-5.307465277777778,0,0,on_time,3.0,SP->SP
fae3bd74427278464a08777366ab3f66,bb81bfe0445d732ce9f4593e7c82e2f0,delivered,2018-08-17 20:31:07,2018-08-21 04:29:47,2018-08-21 13:15:00,2018-08-28 19:03:05,2018-09-13,1,ffc470761de7d0232558ba5e786e57b7,54.0,15.48,2018-08-23 04:29:47,RS,94965,SP,7091,3.697141203703704,7.241724537037037,-15.20619212962963,0,0,on_time,5.0,SP->RS
eeb5a5b729f6a175765204cb5c364ee5,788bac7c5c5f205ccd71fcc1033cc29f,delivered,2018-06-16 16:02:47,2018-06-19 06:35:46,2018-06-19 13:06:00,2018-06-22 23:03:29,2018-07-11,1,edb1ef5e36e0c8cd84eb3c9b003e486d,97.65,18.78,2018-06-21 06:31:18,MG,30270,RJ,25957,2.8772337962962964,3.414918981481481,-18.039247685185185,0,0,on_time,5.0,RJ->MG
1eea4fee5608c3a7087b63a20a3c7b18,4f3a9acfe1e04480b30e5a5dc97d8388,delivered,2018-05-17 02:57:05,2018-05-17 03:35:22,2018-05-17 13:51:00,2018-06-01 17:14:35,2018-06-07,1,955fee9216a65b617aa5c0531780ce60,63.0,26.52,2018-05-21 03:35:22,RJ,28800,SP,4782,0.4541087962962963,15.141377314814816,-5.281539351851852,0,0,on_time,5.0,SP->RJ
30c5c38cb890960278d9a04521f5fff7,1ce7d8b38f4bdfb50ba3cc9136eb0917,delivered,2017-11-30 20:48:07,2017-12-01 09:30:58,2017-12-06 18:28:37,2017-12-21 19:47:48,2018-01-11,1,725af026f869236a8dd0ceb98564d156,92.7,25.49,2017-12-19 21:17:27,SP,5051,MG,35530,5.903125,15.054988425925924,-20.17513888888889,0,0,on_time,5.0,MG->SP
be91ce89605c63dbe7f8d347a665e19b,ae404bf53c8dbbf8902f33c6756bcf6f,delivered,2017-07-14 16:29:06,2017-07-14 16:44:40,2017-07-19 18:33:24,2017-07-28 11:46:37,2017-08-03,1,4a3ca9315b744ce9f8e9374361493884,89.9,12.13,2017-07-20 16:44:40,SP,9990,SP,14940,5.086319444444444,8.717511574074074,-5.509293981481481,0,0,on_time,5.0,SP->SP
935d6aae386503723d2adea444ebc781,708d1f01ac396e775f27fd02b4820aad,delivered,2018-06-22 21:28:59,2018-06-22 21:58:42,2018-07-03 05:55:00,2018-07-09 14:11:45,2018-07-24,1,92eb0f42c21942b6552362b9b114707d,12.47,18.23,2018-06-27 21:58:42,GO,75900,SP,3504,10.351400462962962,6.344965277777778,-14.408506944444444,0,1,on_time,3.0,SP->GO
9b34787245866523a491f855ebc4e8fe,c7a776ecdf532ea82ef9c3f6ce3027e4,delivered,2018-03-15 22:35:02,2018-03-15 22:50:29,2018-03-19 18:36:38,2018-03-26 17:26:35,2018-04-10,1,af4a0e4cfe1d9c26b6712b1be25a72e5,314.91,25.13,2018-03-21 22:50:29,PR,80030,MG,35670,3.834444444444444,6.9513541666666665,-14.273206018518518,0,0,on_time,5.0,MG->PR
15bc19aabe8d08cb8e00f86c31f85682,97592acdaafe25b9a5aeb8d5f85aac11,delivered,2018-03-08 10:09:59,2018-03-08 10:28:40,2018-03-09 00:10:54,2018-03-23 21:48:50,2018-03-26,1,1025f0e2d44d7041d6cf58b6550e0bfa,250.0,37.61,2018-03-14 10:28:40,SP,15500,SP,3204,0.5839699074074074,14.901342592592592,-2.091087962962963,0,0,on_time,5.0,SP->SP
8821146ecf8a1eb441aa052b371f1814,6d41885118d1c89e00b8a67eb3e74653,delivered,2018-08-11 08:47:48,2018-08-11 09:04:28,2018-08-13 16:21:00,2018-08-15 16:26:52,2018-08-16,1,2953ce3a88f5e3c3b696d77fc9e4c8eb,25.0,8.34,2018-08-14 09:04:28,SP,5577,SP,4270,2.314722222222222,2.004074074074074,-0.3146759259259259,0,0,on_time,5.0,SP->SP
efabea2bf6185e12d09484abcc4bff85,42590c6b9aff7258e8cd3ee9de871e64,delivered,2017-07-24 01:16:13,2017-07-24 01:30:12,2017-07-26 04:41:55,2017-07-31 22:10:07,2017-08-11,1,de23c3b98a88888289c6f5cc1209054a,119.99,13.86,2017-07-28 01:30:12,SP,19970,SP,5530,2.142847222222222,5.727916666666666,-10.076307870370371,0,0,on_time,4.0,SP->SP
9f6930c9edfd58a44a267fc734980a1e,9b10f767a186dc9110eb360dfe138bc4,delivered,2017-08-29 08:24:44,2017-08-29 08:44:37,2017-08-30 12:17:47,2017-09-01 15:36:41,2017-09-12,1,cc419e0650a3c5ba77189a1882b7556a,56.99,8.72,2017-09-05 08:44:37,SP,5860,SP,9015,1.161840277777778,2.138125,-10.349525462962964,0,0,on_time,5.0,SP->SP
6caac7177852a39300388dfbb599a5dc,804456856b385e3dee4c1916b64d55ab,delivered,2018-01-13 19:12:27,2018-01-13 19:29:44,2018-01-17 15:58:50,2018-01-22 23:12:59,2018-02-05,1,a3e9a2c700480d9bb01fba070ba80a0e,43.0,13.37,2018-01-18 19:29:44,SP,7181,SP,14940,3.8655439814814816,5.301493055555556,-13.032650462962962,0,0,on_time,4.0,SP->SP
3d242cd631044a419d68e504892eacda,0509cd76cbe3a75f898826c212bb3b83,delivered,2017-09-04 14:53:31,2017-09-04 15:10:18,2017-09-05 19:22:29,2017-09-11 14:22:37,2017-09-21,1,a6fe7de3d16f6149ffe280349a8535a0,59.9,11.92,2017-09-11 15:10:18,SP,6310,SP,14401,1.1867824074074074,5.791759259259259,-9.400960648148148,0,0,on_time,5.0,SP->SP
89e704d6ea7fe7f345aa355d6581ab93,98e06d190334a14891b95e3a5d9082cf,delivered,2018-04-10 13:45:55,2018-04-10 13:55:24,2018-04-19 17:36:33,2018-04-24 15:52:45,2018-05-02,1,8444e55c1f13cd5c179851e5ca5ebd00,269.0,16.73,2018-04-16 13:55:24,SP,13820,MG,37584,9.160162037037036,4.9279166666666665,-7.338368055555556,0,1,on_time,1.0,MG->SP
23c7702588b2b08f1bf4fbdd15f19343,06b423fab94edc97504290952ef19d97,delivered,2017-03-22 17:52:17,2017-03-30 19:10:20,2017-04-03 14:12:49,2017-04-11 13:06:32,2017-04-12,1,b17b679f4f5ce2e03ce6968c62648246,49.97,15.56,2017-04-05 19:10:20,MG,36039,SP,14090,11.847592592592592,7.953969907407408,-0.4537962962962963,0,0,on_time,5.0,SP->MG
b0e27a07c49f580ee1a2c6418cd7a5cf,30e340f9b4d036a1cd6b39ae26aa301e,delivered,2018-07-01 18:16:52,2018-07-01 18:30:23,2018-07-10 08:26:00,2018-07-13 19:23:54,2018-07-26,1,b14db04aa7881970e83ffa9426897925,59.0,23.35,2018-07-09 18:30:21,SP,13233,SP,18048,8.589675925925926,3.456875,-12.191736111111112,0,1,on_time,5.0,SP->SP
bf294e9fc4071077ff5ffbeb803602fd,b3f8d2940b0f088e5daaf83ceb11a8e7,delivered,2018-08-10 16:21:47,2018-08-10 16:35:08,2018-08-13 14:34:00,2018-08-16 00:18:44,2018-08-16,1,7c4618c82226628831613e95e9c22f44,33.9,7.98,2018-08-14 16:35:08,SP,5724,SP,18136,2.925150462962963,2.406064814814815,0.0130092592592592,1,0,carrier,3.0,SP->SP
7f1a31c40930c708c3439ddaff502b79,b4a9a78b5a1cd18b866c9dd6b4055765,delivered,2018-04-01 12:31:35,2018-04-02 12:30:21,2018-04-04 18:42:15,2018-04-05 19:48:30,2018-04-12,1,ea8482cd71df3c1969d7b9473ff13abc,29.98,7.39,2018-04-06 12:30:21,SP,9271,SP,4160,3.2574074074074075,1.0460069444444444,-6.174652777777778,0,0,on_time,4.0,SP->SP
6f8d53661cb6c0103f103915644d0a06,0d45270e541b3d3140d7240434b324c8,delivered,2017-06-07 12:09:46,2017-06-07 13:15:35,2017-06-08 09:47:46,2017-06-09 12:00:54,2017-06-22,1,0eaa7e33d73809f1f925f7d07c506cbd,69.0,9.34,2017-06-14 13:15:35,SP,6428,SP,9111,0.9013888888888888,1.0924537037037036,-12.499375,0,0,on_time,2.0,SP->SP
9db142d94f2d44a068cfb9ea5da54456,2fdfa48086825561ab78672c8513dba8,delivered,2018-03-07 14:31:46,2018-03-07 14:49:46,2018-03-09 03:28:30,2018-03-26 18:19:01,2018-04-04,1,c3867b4666c7d76867627c2f7fb22e21,193.0,27.43,2018-03-14 14:49:46,SC,88132,SP,14580,1.5393981481481482,17.61841435185185,-8.236793981481481,0,0,on_time,5.0,SP->SC
6ff14c785c89530b9a33206e62253d05,fe96dfd861c4c42a3f4d7668a3e22900,delivered,2018-08-18 16:42:46,2018-08-18 16:55:26,2018-08-23 19:02:00,2018-08-24 15:59:34,2018-08-29,1,c70c1b0d8ca86052f45a432a38b73958,220.64,16.06,2018-08-27 16:55:26,SP,4216,SP,13186,5.096689814814815,0.8733101851851852,-4.333634259259259,0,0,on_time,5.0,SP->SP
b72bbd4502484b848fd005ad2511a685,f004cbd2065a2ddf42d12b6d339e8da3,delivered,2017-08-29 22:22:41,2017-08-29 23:00:16,2017-08-30 16:47:51,2017-08-31 13:13:42,2017-09-11,1,8bd0f31cf0a614c658f6763bd02dea69,37.99,11.73,2017-09-04 23:00:16,SP,1103,SP,1222,0.7674768518518519,0.8512847222222222,-10.448819444444444,0,0,on_time,4.0,SP->SP
86c0dd8bf457a10687920d54ee6fb12e,872f45bf74c4adcd409346897aadbba8,delivered,2017-05-19 15:20:58,2017-05-19 15:30:12,2017-05-20 10:15:04,2017-05-30 15:57:45,2017-06-12,1,0bae85eb84b9fb3bd773911e89288d54,42.9,17.6,2017-05-25 15:30:12,SP,3820,SP,88301,0.7875694444444444,10.237974537037037,-12.334895833333333,0,0,on_time,5.0,SP->SP
ad570565d539dc76d6573905696f1a0d,5b0d3d9c76c0a60b0391d4d9de71636d,delivered,2018-04-01 22:08:09,2018-04-02 15:32:30,2018-04-03 18:38:55,2018-04-21 18:18:43,2018-04-30,1,33a6f4b1e7cdc205511e76ba1b6e0186,230.0,47.48,2018-04-10 15:31:17,BA,48970,SP,7084,1.854699074074074,17.985972222222223,-8.237002314814815,0,0,on_time,5.0,SP->BA
a1cadef58ea9a00d7e27089a29644883,35ce0878563c58ae6204141b827a6b86,delivered,2018-03-23 16:36:35,2018-03-24 02:07:55,2018-03-26 22:08:44,2018-03-29 01:29:44,2018-04-05,1,c8b3445d737de6befde0c88ede534a5e,29.99,8.29,2018-03-29 02:07:55,SP,13272,SP,5734,3.230659722222222,2.1395833333333334,-6.9376851851851855,0,0,on_time,5.0,SP->SP
71eb50917f5fc3dad71d5db670959dc5,cac1bebaac8369cf3c90084ad62bc4cf,delivered,2017-07-01 10:34:45,2017-07-01 10:45:19,2017-07-03 13:27:00,2017-07-06 15:46:01,2017-07-21,1,3d871de0142ce09b7081e2b9d1733cb1,49.0,12.69,2017-07-06 10:45:19,SP,13571,SP,13232,2.119618055555556,3.096539351851852,-14.34304398148148,0,0,on_time,5.0,SP->SP
244e91c4c416908e17829094e3eb7aa6,fde06130cde1fec674a5470155f9dcaa,delivered,2017-03-28 09:24:55,2017-03-29 02:10:54,2017-03-30 07:48:32,2017-04-05 13:22:56,2017-04-19,1,3bdff180c7e1f6551a643b99c265a120,26.9,15.56,2017-04-04 02:10:54,MG,36280,SP,4811,1.9330671296296296,6.232222222222222,-13.442407407407408,0,0,on_time,5.0,SP->MG
e040525fe5bd72959057d9d5dcec81f6,f734bc25bd9630f74781066f38b6bb45,delivered,2018-06-28 20:33:23,2018-06-30 03:22:13,2018-07-02 10:05:00,2018-07-06 17:32:01,2018-07-23,1,c7bb64409aa480bb7d0335faaaf3d242,13.9,18.23,2018-07-06 02:52:24,PR,87302,SC,89218,3.563622685185185,4.310428240740741,-16.26943287037037,0,0,on_time,4.0,SC->PR
ea1c943b92b11b5d15ba43481b4e3ab8,bc4317b200fdce5449bf64bfb17cdcf7,delivered,2018-05-15 12:10:21,2018-05-15 14:35:08,2018-05-15 13:49:00,2018-05-21 20:36:49,2018-06-01,1,516e7738bd8f735ac19a010ee5450d8d,53.8,36.46,2018-05-22 14:30:47,MG,38022,RJ,22230,0.0685069444444444,6.283206018518518,-10.141099537037038,0,0,on_time,5.0,RJ->MG
0a11e1f5811dda6f2921ea5b87f67475,e68d2e59d2daddbd8f3c601ef50d987d,delivered,2018-06-05 20:07:43,2018-06-05 20:32:58,2018-06-06 09:05:00,2018-06-14 10:02:09,2018-07-25,1,d9e7e7778b32987280a6f2cb9a39c57d,87.5,38.66,2018-06-13 20:32:11,PE,55555,SP,3304,0.5397800925925926,8.0396875,-40.58184027777778,0,0,on_time,5.0,SP->PE
8a6871df7fc00fc959c5bcfc7160bb29,9f8fe5fc454a0b34d309a057800ee44a,delivered,2017-08-24 22:52:15,2017-08-25 02:55:30,2017-08-29 16:29:09,2017-08-30 16:57:49,2017-09-06,1,aae3bfea055532c57fb453ed3ec80b30,28.99,7.78,2017-08-31 02:55:30,SP,4337,SP,9271,4.733958333333334,1.0199074074074077,-6.29318287037037,0,0,on_time,3.0,SP->SP
a2ec9e724d3526894d9d1a8868623e9b,247221ff3f92128e610419fa3f63dc1c,delivered,2017-07-18 19:42:47,2017-07-18 19:55:20,2017-07-28 20:29:29,2017-08-04 15:02:17,2017-08-04,1,7c67e1448b00f6e969d365cea6b010ab,159.94,19.84,2017-07-28 19:55:20,SP,13088,SP,8577,10.032430555555557,6.772777777777778,0.6265856481481481,1,1,seller,5.0,SP->SP
570065bfd340aecea7e2c960ec530b6f,0c3f9fbb8f56db0aa2128edf30ebe544,delivered,2017-12-01 15:39:48,2017-12-01 16:00:20,2017-12-05 01:03:01,2017-12-12 22:57:51,2018-01-08,1,897060da8b9a21f655304d50fd935913,45.65,15.1,2017-12-07 16:00:20,RS,96760,SP,14092,3.391122685185185,7.913078703703704,-26.04315972222222,0,0,on_time,5.0,SP->RS
84a29ed9a83dd55591f24898abc6f1c7,f216989f29fffd9bdbb0debc76afe3f7,delivered,2017-05-29 21:09:38,2017-05-29 21:22:43,2017-05-30 09:12:36,2017-05-31 14:21:34,2017-06-09,1,f8db351d8c4c4c22c6835c19a46f01b0,32.9,8.27,2017-06-04 21:22:43,SP,12922,SP,13324,0.5020601851851851,1.2145601851851853,-8.401689814814814,0,0,on_time,5.0,SP->SP
7730e06abd27a0f67b9f462ad9bad838,8007b5598d9908bca93e9755793634de,delivered,2018-07-20 23:03:32,2018-07-20 23:15:11,2018-07-23 11:37:00,2018-07-27 20:48:33,2018-08-06,1,8a432f4e5b471f8da497d7dc517666e2,64.0,14.03,2018-07-24 23:15:11,SP,11432,SP,19042,2.5232407407407407,4.383020833333333,-9.13295138888889,0,0,on_time,4.0,SP->SP
32ef380c758846764ca11d7f07672ee2,60eeade25d247c12ed374aae5574282f,delivered,2018-03-19 15:33:29,2018-03-19 15:50:58,2018-03-23 01:32:01,2018-03-27 23:03:44,2018-04-05,1,6a8b085f816a1f75f92dbac6eb545f8f,16.9,12.79,2018-03-23 15:50:58,SP,15470,SP,14709,3.415648148148148,4.897025462962963,-8.039074074074074,0,0,on_time,5.0,SP->SP
a02c551c16a4f354b94361e1c6e0e283,bf84e7f1cf36cd90c6f27186dc787abd,delivered,2018-02-17 18:32:17,2018-02-17 18:46:43,2018-02-19 19:59:09,2018-02-27 13:59:20,2018-03-19,1,0df3984f9dfb3d49ac6366acbd3bbb85,88.9,34.42,2018-02-22 17:46:43,MA,65413,MG,32604,2.060324074074074,7.750127314814815,-19.41712962962963,0,0,on_time,5.0,MG->MA
d264d651c8218bc064f4b44d3c06d9a3,ea66b28b66ee0d9ed6cc4fee30a704bc,delivered,2018-07-25 15:34:15,2018-07-25 15:50:17,2018-07-26 12:57:00,2018-07-30 18:41:49,2018-08-13,1,0176f73cc1195f367f7b32db1e5b3aa8,139.9,58.06,2018-08-01 15:50:17,SP,7081,SP,14940,0.8907986111111111,4.239456018518519,-13.220960648148148,0,0,on_time,5.0,SP->SP
cac7e309df39d1f200b8ca086c4ab624,a8a9e48facf3dc7bdd3bb6d63c4efa54,delivered,2017-05-21 13:51:37,2017-05-21 14:05:16,2017-05-25 16:09:30,2017-06-03 08:32:36,2017-06-12,1,4a3ca9315b744ce9f8e9374361493884,220.0,13.04,2017-05-26 14:05:16,SP,13504,SP,14940,4.095752314814815,8.682708333333334,-8.644027777777778,0,0,on_time,4.0,SP->SP
fd367f6c9ff07dedbdbf5c44b23d209a,5ddb3dc4aee7f86a48f39e2d1b836a41,delivered,2018-04-19 11:17:13,2018-04-20 07:31:40,2018-04-26 18:54:00,2018-04-28 00:16:56,2018-05-04,1,f1b93673502375d491780bb49d615dbc,288.02,40.24,2018-04-26 07:30:52,SP,13330,SP,12228,7.317210648148148,1.2242592592592592,-5.988240740740741,0,1,on_time,5.0,SP->SP
d18d75604ee9a0be083eeb6e9f86cd65,92050d1a779b0ab74ae3352731dc2374,delivered,2017-11-26 15:42:22,2017-11-26 15:55:01,2017-12-01 17:27:02,2017-12-21 19:58:55,2018-01-02,1,4d6d651bd7684af3fffabd5f08d12e5a,69.9,20.0,2017-11-30 15:55:01,RS,95599,SP,17209,5.072685185185185,20.10547453703704,-11.16741898148148,0,1,on_time,5.0,SP->RS
b233cccf8622f1f4fea0bb355b1488ee,48059e59369b7aa132510079add79bef,delivered,2018-08-09 15:52:42,2018-08-10 03:15:21,2018-08-10 15:36:00,2018-08-14 00:50:50,2018-08-20,1,530ec6109d11eaaf87999465c6afee01,135.0,23.75,2018-08-14 03:15:21,SP,2951,PR,85807,0.9884027777777776,3.385300925925926,-5.964699074074074,0,0,on_time,4.0,PR->SP
35c31bbf66e9a7ff9c29f0e1ff07af3c,37000e0d03f1d8fccec6cac3a8020850,delivered,2017-07-14 22:37:11,2017-07-14 22:45:28,2017-07-18 17:51:23,2017-07-22 14:04:37,2017-08-04,1,70a12e78e608ac31179aea7f8422044b,85.0,12.09,2017-07-20 22:45:28,SP,13603,SP,12327,3.801527777777778,3.842523148148148,-12.413460648148147,0,0,on_time,5.0,SP->SP
8b9869c224811a696cf8d65ebeb40c8a,e1d4edae73206177f7f95b5417066584,delivered,2017-12-26 18:33:00,2017-12-27 04:09:48,2017-12-27 16:34:12,2018-01-04 17:42:06,2018-01-24,1,3d871de0142ce09b7081e2b9d1733cb1,79.0,17.8,2018-01-03 04:09:48,MG,30535,SP,13232,0.9175,8.047152777777777,-19.26243055555556,0,0,on_time,5.0,SP->MG
2584c861bb72f285ca7a7a702a9accf2,264ddecf8839127528b72b2bb47cfb19,delivered,2017-12-28 23:58:34,2017-12-29 00:31:57,2018-01-02 17:13:44,2018-01-04 19:38:32,2018-01-17,1,45d33f715e24d15a6ccf5c17b3a23e3c,119.87,10.05,2018-01-05 00:31:57,SP,13602,SP,18015,4.718865740740741,2.100555555555556,-12.181574074074074,0,0,on_time,5.0,SP->SP
60e67382f21910dba1cafc875da0c1ee,be7b8905ffb39a2116e2fbcf8ecea2f8,delivered,2018-04-19 09:04:08,2018-04-19 09:15:10,2018-04-19 23:41:19,2018-04-21 00:32:51,2018-05-08,1,5a8e7d5003a1f221f9e1d6e411de7c23,69.9,8.88,2018-04-25 09:15:10,SP,3147,SP,13076,0.6091550925925926,1.035787037037037,-16.9771875,0,0,on_time,5.0,SP->SP
5b50a37bcb60ebf07ba7013df48b11c4,fb65e3e167bf3b2f7d2ba5b7a140e045,delivered,2017-08-21 15:32:45,2017-08-21 15:45:50,2017-08-28 21:32:53,2017-08-31 17:42:57,2017-09-13,1,128639473a139ac0f3e5f5ade55873a5,18.9,12.48,2017-08-25 15:45:50,SP,1019,PR,87050,7.250092592592592,2.8403240740740743,-12.261840277777775,0,1,on_time,3.0,PR->SP
3a55ce70e083a313526038fabb9b626f,11c70faf3288eebd047af567c657e428,delivered,2017-09-22 19:54:54,2017-09-26 04:14:17,2017-09-26 21:22:16,2017-10-03 19:28:08,2017-10-18,1,7e93a43ef30c4f03f38b393420bc753a,399.99,18.56,2017-10-02 04:14:17,PR,86050,SP,6429,4.060671296296296,6.920740740740741,-14.188796296296296,0,0,on_time,5.0,SP->PR
e51c3cf4bfd09ebd8f6d0174af3ed628,6ad4a3dde17f5ebffcee1589413b5a82,delivered,2017-05-03 10:30:37,2017-05-04 03:02:53,2017-05-04 13:55:51,2017-05-14 22:48:35,2017-05-31,1,dbc22125167c298ef99da25668e1011f,49.9,10.96,2017-05-10 03:02:53,MG,38794,MG,37564,1.142523148148148,10.369953703703704,-16.049594907407407,0,0,on_time,1.0,MG->MG
d4dcec44106e7301b362ee4b771b7ff3,2154edd1de40ff360dfd3aa55932a64b,delivered,2018-08-22 14:18:02,2018-08-22 14:30:23,2018-08-23 16:03:00,2018-08-30 19:44:28,2018-09-24,1,6b243f80ed07b10f0e8aa0f21a205f3c,104.9,20.68,2018-08-24 14:30:23,RJ,21635,PR,81825,1.0728935185185184,7.153796296296297,-24.177453703703705,0,0,on_time,1.0,PR->RJ
77bef84f0c2e69b9412164d5a95d402a,bdc451bc0bb56979976f1c65ee98368a,delivered,2017-11-10 20:12:56,2017-11-10 20:30:19,2017-11-16 20:52:40,2017-11-22 21:28:49,2017-11-30,1,9b00ed88b7fdb95d6ff76e27c1b52d16,40.0,11.85,2017-11-17 20:30:19,SP,14810,SP,8215,6.027592592592592,6.025104166666667,-7.104988425925926,0,0,on_time,4.0,SP->SP
9afb4dbb97ba2e4b69f72df48c4cf901,1f3e5065ebd28abed905c82bd83b4594,delivered,2018-08-14 10:01:17,2018-08-14 10:15:25,2018-08-14 13:54:00,2018-08-16 16:05:42,2018-08-17,1,7ff588a03c2aeae4fbd23f9ae64b760d,69.7,9.24,2018-08-16 10:15:25,SP,11365,SP,7183,0.1616087962962963,2.091458333333333,-0.329375,0,0,on_time,4.0,SP->SP
ee9dfabed586581a184f72e03544b4a2,1b566b82a558c61bab2da9bdb9ba2e97,delivered,2018-01-28 00:28:27,2018-01-28 00:37:25,2018-02-16 15:08:03,2018-03-11 18:38:27,2018-03-19,1,8444e55c1f13cd5c179851e5ca5ebd00,289.0,18.5,2018-02-12 00:37:25,SP,4258,MG,37584,19.61083333333333,23.14611111111111,-7.223298611111111,0,1,on_time,2.0,MG->SP
32fdcc586467aa637465758e27c36f6c,f9db12713a1ee58b8ecbfef4943a95d6,delivered,2017-08-13 14:22:44,2017-08-15 03:50:21,2017-08-16 17:04:38,2017-08-29 18:05:18,2017-09-11,1,cc419e0650a3c5ba77189a1882b7556a,23.99,15.1,2017-08-24 03:50:21,SC,89160,SP,9015,3.112430555555556,13.04212962962963,-12.246319444444444,0,0,on_time,3.0,SP->SC
d248a26c7a58d74a85d6baf93e5bf772,fd475098454916759d0c3d5a9d8996c2,delivered,2018-03-20 16:00:09,2018-03-20 16:10:32,2018-03-21 19:12:04,2018-04-10 15:28:56,2018-04-11,1,fde0cc9ea29c8ccfc0a2c22256a58c71,99.0,24.82,2018-03-26 16:10:32,RS,90670,PR,81650,1.1332754629629629,19.845046296296296,-0.3549074074074074,0,0,on_time,5.0,PR->RS
bfcf0485f27b28982b084d1d0a4c34f0,2229b1fd66ed094404ca3e3e803eee11,delivered,2018-02-13 16:56:07,2018-02-13 17:05:34,2018-02-15 00:33:05,2018-03-05 20:46:39,2018-03-09,1,562fc2f2c2863ab7e79a9e4388a58a14,29.99,14.1,2018-02-19 16:05:34,GO,74660,SP,13070,1.317337962962963,18.84275462962963,-3.1342708333333333,0,0,on_time,4.0,SP->GO
91fbaf43eacf41ac78b17d7b7ff38156,a96bef626f62b1c5a027f808cd0e4198,delivered,2017-07-26 15:32:56,2017-07-26 15:45:18,2017-07-27 18:33:25,2017-08-01 23:06:40,2017-08-17,1,7ddcbb64b5bc1ef36ca8c151f6ec77df,34.99,14.1,2017-08-01 15:45:18,MG,30514,SP,4403,1.1253356481481482,5.1897569444444445,-15.037037037037036,0,0,on_time,3.0,SP->MG
f779f822cb55bce6ada1933a729cc2b4,37ea849d5d11357d5c20de8b32a17bac,delivered,2018-01-22 17:45:21,2018-01-23 03:37:22,2018-01-24 17:49:16,2018-01-31 20:04:02,2018-02-20,1,620c87c171fb2a6dd6e8bb4dec959fc6,49.9,16.79,2018-01-29 03:37:22,MS,79130,RJ,25645,2.002719907407408,7.093587962962963,-19.16386574074074,0,0,on_time,5.0,RJ->MS
1eea943a6165c6e0e51951bb76ec90a1,d3f3de2780c9d4dc54d116314cb4aa46,delivered,2017-09-14 01:35:12,2017-09-14 01:50:06,2017-09-14 18:59:29,2017-09-26 21:03:34,2017-10-06,1,6560211a19b47992c3666cc44a7e94c0,49.0,16.79,2017-09-20 01:50:06,BA,45200,SP,5849,0.7251967592592593,12.086168981481482,-9.122523148148147,0,0,on_time,5.0,SP->BA
3534b435f58c0e6148212006204d843a,e139fbf3f5d13c8a1fce2809ddc2c3cb,delivered,2017-10-01 17:42:41,2017-10-01 17:56:14,2017-10-04 19:17:01,2017-10-10 19:22:27,2017-10-31,1,b2ba3715d723d245138f291a6fe42594,64.9,17.73,2017-10-05 17:56:14,PE,50020,SP,3470,3.0655092592592594,6.003773148148148,-20.19274305555556,0,0,on_time,5.0,SP->PE
30cf02a409922ad0e5c0f683ad9c45f0,0be39985ec47a13a76f780957f516a6c,delivered,2018-01-10 14:51:16,2018-01-11 10:08:35,2018-01-11 19:08:19,2018-01-25 20:48:36,2018-02-16,1,1e8b33f18b4f7598d87f5cbee2282cc2,151.0,20.0,2018-01-19 10:08:35,RJ,25035,SP,2066,1.1785069444444445,14.069641203703704,-21.132916666666667,0,0,on_time,1.0,SP->RJ
3b070195d0d1272935abef5e1dcf0c9e,a840877f90f9417d723052e6e2341d5c,delivered,2018-06-17 12:31:55,2018-06-17 12:58:39,2018-06-19 14:07:00,2018-06-25 21:46:54,2018-07-11,1,1835b56ce799e6a4dc4eddc053f04066,49.99,13.93,2018-06-20 12:58:39,SP,18800,SP,14940,2.0660300925925927,6.319375,-15.092430555555556,0,0,on_time,5.0,SP->SP
9764559652cd9a07586f59136848e1f1,57c2f085b05b55969f44246acdf2b5ae,delivered,2017-12-06 13:05:37,2017-12-06 13:12:34,2017-12-06 21:28:38,2018-01-16 21:29:00,2018-01-17,1,004c9cd9d87a3c30c522c48c4fc07416,87.5,29.01,2017-12-14 13:12:34,PA,68376,SP,14940,0.3493171296296296,41.00025462962963,-0.1048611111111111,0,0,on_time,5.0,SP->PA
62f22bb8b5c6a5beabbbe1582f4b2dfe,ee831abdb6ebaba4181ac3e0fa26334b,delivered,2018-05-18 13:59:12,2018-05-18 14:34:55,2018-05-18 14:29:00,2018-06-06 01:36:29,2018-06-04,1,7299e27ed73d2ad986de7f7c77d919fa,699.99,27.48,2018-05-22 14:31:32,SP,15503,MG,38440,0.0206944444444444,18.463530092592592,2.0670023148148147,1,0,carrier,5.0,MG->SP
6e5eb9bf354b388aac8561d04e9b0ef0,7c9bd29ba762dee02252ee11180a5f08,delivered,2017-10-25 10:11:12,2017-10-25 10:33:27,2017-10-25 20:14:09,2017-11-03 19:47:37,2017-11-21,1,2156f2671501a81034d7d07f217609d0,75.0,16.97,2017-10-31 10:31:05,BA,44033,SP,4776,0.4187152777777778,8.981574074074073,-17.175266203703703,0,0,on_time,4.0,SP->BA
90c611165eb937cb679e48c10aa23d9b,3e70b5626bfa65b0f2678059e45426ae,delivered,2018-05-14 15:18:24,2018-05-14 15:33:12,2018-05-17 15:31:00,2018-05-21 15:05:20,2018-06-05,1,d2374cbcbb3ca4ab1086534108cc3ab7,39.9,13.71,2018-05-23 15:30:58,SP,1303,SP,14940,3.00875,3.982175925925926,-14.371296296296295,0,0,on_time,5.0,SP->SP
52c9e05801deda56b9badcf69c1b9497,1de9b9d609d626f82db0533fb400e84b,delivered,2018-01-13 21:49:31,2018-01-16 03:50:13,2018-01-18 15:18:34,2018-02-02 21:33:30,2018-02-08,1,76d5af76d0271110f9af36c92573f765,278.25,40.88,2018-01-22 03:50:13,RS,90870,SP,3194,4.728506944444445,15.26037037037037,-5.101736111111111,0,0,on_time,3.0,SP->RS
1cfcd5c4f5a2993d6afb0d7b0227bbbf,d7d624b00f8df1e9cda80e44081a0c6d,delivered,2017-10-31 22:14:43,2017-11-01 22:31:00,2017-11-08 20:16:40,2017-11-22 20:56:46,2017-11-27,1,855668e0971d4dfd7bef1b6a4133b41b,50.0,17.6,2017-11-07 22:10:28,SC,88540,SP,13257,7.918020833333333,14.027847222222222,-4.12724537037037,0,1,on_time,5.0,SP->SC
3b0e2a09a2ba5ae468fee216d5cd1a22,afac7ff50ffd18212de3818f997d9f63,delivered,2017-04-08 20:44:36,2017-04-11 04:02:01,2017-04-18 17:00:03,2017-05-06 06:49:57,2017-05-15,1,1f50f920176fa81dab994f9023523100,59.9,19.01,2017-04-17 04:02:01,RS,98700,SP,15025,9.8440625,17.576319444444444,-8.7153125,0,1,on_time,5.0,SP->RS
073049331da5458f61598e5d221f4928,b223b44714378dd59b2e92910714f19e,delivered,2018-05-15 09:39:35,2018-05-15 11:31:37,2018-05-15 14:03:00,2018-05-22 18:12:07,2018-06-08,1,8a432f4e5b471f8da497d7dc517666e2,89.0,19.59,2018-05-17 11:14:33,RS,98700,SP,19042,0.1829282407407407,7.1729976851851855,-16.24158564814815,0,0,on_time,4.0,SP->RS
d340bf9b2514974a57c9c2cb9020e259,46019e471f972abfa236b1dcc2b46ce2,delivered,2017-11-11 09:18:07,2017-11-11 09:30:47,2017-11-14 22:41:26,2017-11-22 02:09:05,2017-11-27,1,813348c996469b40f2e028d5429d3495,58.9,14.13,2017-11-17 09:30:47,SP,13213,SP,13206,3.5578587962962964,7.144201388888889,-4.910358796296296,0,0,on_time,4.0,SP->SP
315f64b276d746cc513f5579beb023cd,8bc28e85d4fd1b9141dbe7aa12ff5dd3,delivered,2018-03-02 09:47:42,2018-03-02 10:09:48,2018-03-08 00:38:40,2018-03-24 15:18:46,2018-03-27,1,e9bc59e7b60fc3063eb2290deda4cced,118.9,27.37,2018-03-08 10:09:48,DF,72250,PR,87083,5.618726851851852,16.611180555555556,-2.3619675925925927,0,0,on_time,5.0,PR->DF
94df3783882793e592e84e1c2430dffc,87f4ffa28a4526f3eda93f8f991e431e,delivered,2017-05-01 16:48:27,2017-05-01 17:05:36,2017-05-02 14:08:56,2017-05-09 06:03:02,2017-05-29,1,c3cfdc648177fdbbbb35635a37472c53,272.9,21.99,2017-05-09 17:05:36,SP,17012,PR,80610,0.8892245370370371,6.662569444444444,-19.74789351851852,0,0,on_time,5.0,PR->SP
9add7e9338f3b8cac642ce405bb64655,b686241f18790f3b6ac4f4981b5757bb,delivered,2017-05-22 19:49:13,2017-05-24 10:02:25,2017-05-25 14:33:55,2017-06-09 14:13:44,2017-06-21,1,11305281b50fff20ae8bb473f8e11876,399.99,193.78,2017-06-06 10:02:25,SP,18052,MG,36500,2.781041666666667,14.985983796296296,-11.40712962962963,0,0,on_time,5.0,MG->SP
472ce7491b9e1d5409e48c3717a8072e,2ed6fdee4db5f44a039a644dd2eab8d2,delivered,2017-10-15 21:56:58,2017-10-15 22:07:19,2017-10-16 12:57:39,2017-10-18 14:59:10,2017-12-06,1,41b39e28db005d9731d9d485a83b4c38,144.9,12.22,2017-11-28 22:07:19,SP,8665,SP,9220,0.625474537037037,2.084386574074074,-48.3755787037037,0,0,on_time,5.0,SP->SP
e88b6796c87cd2719ff0c038a8997d54,eaa1ef917dc9cf52aaccacf9d778cdaf,delivered,2018-01-03 22:45:33,2018-01-03 23:21:54,2018-01-05 19:43:45,2018-01-08 17:23:29,2018-01-19,1,da8622b14eb17ae2831f4ac5b9dab84a,44.9,9.09,2018-01-09 23:21:54,SP,4755,SP,13405,1.87375,2.9025925925925926,-10.275358796296295,0,0,on_time,5.0,SP->SP
6b7c8bd6aa5cfe7f791eb8caa3da1701,360045d44b7af38682e725c57ae565a2,delivered,2017-05-27 22:54:31,2017-05-27 23:05:19,2017-05-31 11:15:12,2017-06-08 11:32:08,2017-06-27,1,4bf2f4ee540798a61f9636d12cd9cc80,192.0,16.09,2017-05-31 23:05:19,GO,75815,SP,19814,3.514363425925926,8.011759259259259,-18.51935185185185,0,0,on_time,5.0,SP->GO
0028de0ca693a1bb26448916a81105cc,4b4773853bbbc435ddddd51bd6c6a002,delivered,2018-08-15 14:59:36,2018-08-17 03:35:17,2018-08-17 09:45:00,2018-08-28 18:58:21,2018-09-11,1,955fee9216a65b617aa5c0531780ce60,29.99,15.31,2018-08-21 03:35:17,RS,92425,SP,4782,1.7815277777777778,11.384270833333334,-13.209479166666666,0,0,on_time,4.0,SP->RS
19361ecbebb52b787fc148e67ea73494,80accc68a8e6bbeab5b9da8b0e6d0b69,delivered,2017-11-29 15:33:17,2017-11-29 15:59:49,2017-12-02 16:44:47,2017-12-26 17:57:05,2017-12-28,1,4869f7a5dfa277a7dca6462dcf3b52b2,219.9,18.79,2017-12-05 15:59:49,RJ,25908,SP,14840,3.0496527777777778,24.05020833333333,-1.252025462962963,0,0,on_time,5.0,SP->RJ
30244fa670103f1654f92667d446878f,d36f42791492c5b4404bfaf182d4dfd9,delivered,2018-05-01 12:22:52,2018-05-01 12:35:21,2018-05-02 12:10:00,2018-05-07 14:17:28,2018-05-29,1,141440cad9341e553f8401c574a2aa38,102.6,19.69,2018-05-07 12:35:21,SP,12245,PR,85200,0.9910648148148148,5.088518518518518,-21.40453703703704,0,0,on_time,5.0,PR->SP
d3dd51abe467d226f8be61f48388eba2,dfd081b5b9924847379085046ea374e9,delivered,2018-07-25 11:21:39,2018-07-25 11:30:19,2018-07-31 13:04:00,2018-08-01 23:46:20,2018-08-20,1,4342d4b2ba6b161468c63a7e7cfce593,399.0,11.13,2018-07-31 11:30:19,RJ,22410,RJ,22793,6.071076388888889,1.4460648148148147,-18.00949074074074,0,1,on_time,1.0,RJ->RJ
21df4877f402eea02a4c1aab13411b1f,fb68a5552994d81243302fe6a15291a1,delivered,2018-08-02 18:28:29,2018-08-02 18:45:15,2018-08-07 14:51:00,2018-08-08 20:55:36,2018-08-16,1,8185694b58b2ba6de20fd41ae608bbea,120.0,31.86,2018-08-08 18:45:15,SP,9051,SP,6764,4.848969907407407,1.2531944444444445,-7.128055555555555,0,0,on_time,5.0,SP->SP
e3d86ff081e92dedbd7b2a87838f0159,baf2116c28c10f4732a0a9494b5e72a6,delivered,2017-12-22 14:39:24,2017-12-22 14:57:29,2018-01-11 23:09:35,2018-01-19 22:32:56,2018-01-26,1,013900e863eace745d3ec7614cab5b1a,55.9,44.24,2017-12-29 14:57:29,PE,55291,PR,80740,20.354293981481483,7.974548611111111,-6.060462962962963,0,1,on_time,5.0,PR->PE
dfc7bfc60d0dfafee75e8eec014851f9,31d542804172b7d8478fca8e6c47eba7,delivered,2017-09-06 13:07:38,2017-09-06 13:15:23,2017-09-12 19:58:45,2017-09-18 20:12:06,2017-09-26,1,d93844a9c55ba7ce353388bcf849ea56,179.9,24.64,2017-09-13 13:15:23,RJ,22745,PR,82320,6.285497685185185,6.009270833333333,-7.1582638888888885,0,0,on_time,5.0,PR->RJ
02905bba6aafd777542dacbfa8f4bc2d,d74c3362224f461a90b59790374dd103,delivered,2017-12-09 18:24:30,2017-12-09 18:32:25,2017-12-13 12:14:45,2017-12-26 22:24:45,2018-01-11,1,2a6fbeaa7ab9e5d59a35841a8da71ce4,48.9,17.6,2017-12-14 18:32:25,SP,19880,SC,89259,3.7432291666666666,13.42361111111111,-15.066145833333334,0,0,on_time,5.0,SC->SP
ea838dd2eadc7dfdb6fff969d14ed4f2,16204c2d6dfa2b5ab37b70091272a174,delivered,2017-04-26 17:57:09,2017-04-26 18:10:09,2017-04-27 08:31:13,2017-05-02 17:42:11,2017-05-24,1,4e7c18b98d84e05cbae3ff0ff03846c2,64.0,13.03,2017-05-03 18:10:09,SP,1207,SP,14882,0.6069907407407408,5.382615740740741,-21.262372685185184,0,0,on_time,5.0,SP->SP
6644170ea0130942cfb3064dce01004a,1a9c7149943c405cdc9cdd35b20aed1f,delivered,2017-09-13 22:17:54,2017-09-13 22:30:21,2017-09-14 16:03:58,2017-09-18 20:11:48,2017-09-25,1,46dc3b2cc0980fb8ec44634e21d2718e,319.99,13.69,2017-09-19 22:30:21,RJ,28625,RJ,22240,0.7403240740740741,4.172106481481482,-6.158472222222223,0,0,on_time,5.0,RJ->RJ
531694ee49280f6c3d2febd2c0f5334d,3333f866a124d5587c7b3233bb9173d0,delivered,2017-05-04 22:19:32,2017-05-04 22:30:16,2017-05-05 09:59:26,2017-05-10 12:34:49,2017-05-25,1,20d83f3ef0e6925fd74bfd59170babf7,119.8,22.06,2017-05-10 22:30:16,SP,18610,SP,2804,0.4860416666666666,5.107905092592593,-14.47582175925926,0,0,on_time,1.0,SP->SP
86cbd38abc4bc6ec27bbb24af6ca5575,9d1c9f15d1ec506b14077d5e6a4b7cc4,delivered,2018-04-05 21:53:41,2018-04-05 22:09:24,2018-04-07 16:48:40,2018-04-12 18:37:33,2018-05-03,1,b1fc4f64df5a0e8b6913ab38803c57a9,87.67,14.4,2018-04-11 22:09:24,DF,72242,RJ,24440,1.7881828703703704,5.075613425925926,-20.22392361111111,0,0,on_time,5.0,RJ->DF
fa5d14fa4f6dd2527b10d4d1dab415c4,b56212aaf46eabaa667cfb40237759c3,delivered,2018-02-19 16:45:40,2018-02-19 17:50:23,2018-02-21 22:09:09,2018-02-28 23:13:52,2018-03-13,1,669ae81880e08f269a64487cfb287169,115.0,15.56,2018-02-23 17:50:23,RS,90510,SC,89160,2.224641203703704,7.0449421296296295,-12.032037037037036,0,0,on_time,5.0,SC->RS
38886f218185dea64ae0c39a629d89de,dab1a35dfd0c64c1c733fb67b0a9e9a0,delivered,2017-10-24 15:43:08,2017-10-24 15:56:26,2017-10-25 19:52:37,2017-10-26 16:07:55,2017-11-06,1,b499c00f28f4b7069ff6550af8c1348a,54.99,9.09,2017-10-30 15:56:26,SP,4437,SP,13481,1.1732523148148148,0.8439583333333334,-10.327835648148149,0,0,on_time,5.0,SP->SP
2c7c7906a21bcdda34af809ce7fa1a19,81e17805eff420f5dc3a32e67f366d13,delivered,2017-12-06 18:34:22,2017-12-06 18:49:59,2017-12-09 16:49:06,2017-12-20 14:49:00,2017-12-29,1,1f50f920176fa81dab994f9023523100,59.0,13.43,2017-12-12 18:49:59,SP,13636,SP,15025,2.926898148148148,10.916597222222222,-8.38263888888889,0,0,on_time,5.0,SP->SP
98da8355e186d682f0013046d8ad6db7,c3c290b32c2b985a74214ea1e7e11323,delivered,2017-12-08 22:47:45,2017-12-08 22:54:28,2017-12-15 09:33:58,2018-01-11 17:28:46,2018-01-08,1,46dc3b2cc0980fb8ec44634e21d2718e,249.99,29.11,2017-12-13 22:54:28,DF,72020,RJ,22240,6.448761574074074,27.329722222222223,3.728310185185185,1,1,seller,1.0,RJ->DF
bd9437912c7f33aee54e576b86b3a276,8a68185b204d777b24f90101c7f8fded,delivered,2018-08-08 22:32:21,2018-08-08 22:45:14,2018-08-15 13:00:00,2018-08-18 12:54:47,2018-08-27,1,f62d7bb4a613ec758a03342d46b580b2,795.0,63.65,2018-08-16 22:45:14,SP,15092,MG,36570,6.602534722222222,2.996377314814815,-8.461956018518519,0,0,on_time,1.0,MG->SP
a1e4076fddd5b3b4516b727655e5b643,f9bb705a6d800dbb127ec638075fd849,delivered,2018-07-16 13:51:30,2018-07-16 14:05:12,2018-07-17 06:47:00,2018-07-23 19:05:00,2018-08-10,1,de722cd6dad950a92b7d4f82673f8833,149.9,39.32,2018-07-18 14:05:12,MG,37564,PE,51250,0.7052083333333333,6.5125,-17.20486111111111,0,0,on_time,5.0,PE->MG
c33c7bd863246588e74b5371477857ff,cd5099b0fc495ab22cd35f7a060e395b,delivered,2018-02-02 17:24:58,2018-02-02 17:35:30,2018-02-06 23:16:48,2018-02-17 15:47:06,2018-03-01,1,080199a181c46c657dc5aa235411be3b,358.98,30.02,2018-02-08 17:35:30,DF,70355,SP,6097,4.244328703703704,10.687708333333331,-11.342291666666666,0,0,on_time,5.0,SP->DF
64f166c3f77ffed0b8f2eedba778c745,587f185c63635af73e29e532a6713e2c,delivered,2017-12-16 17:38:32,2017-12-16 17:51:25,2017-12-18 17:42:49,2017-12-23 11:48:56,2018-01-12,1,d4e12e7884759a14fa0f5f896c791cae,21.9,16.11,2017-12-21 17:51:25,MG,38442,SP,2242,2.002974537037037,4.754247685185185,-19.507685185185185,0,0,on_time,5.0,SP->MG
8a7323f90911d7d68c77dc684d64dfc7,9a5c701a70252c3bdb08d51378595ce7,delivered,2017-10-26 11:18:32,2017-10-26 11:28:41,2017-10-27 20:37:41,2017-11-06 19:16:54,2017-11-14,1,7ddcbb64b5bc1ef36ca8c151f6ec77df,146.99,16.66,2017-11-01 11:28:41,SP,14530,SP,4403,1.388298611111111,9.943900462962963,-7.196597222222223,0,0,on_time,5.0,SP->SP
53a24a678d0e83d0d3c718528aa0aece,a6676c68128a3af44c5df985bc3f8d67,delivered,2018-04-20 22:26:26,2018-04-24 18:13:57,2018-04-23 19:51:15,2018-04-24 20:57:25,2018-05-09,1,955fee9216a65b617aa5c0531780ce60,110.0,13.67,2018-04-25 23:31:06,SP,1506,SP,4782,2.8922337962962965,1.045949074074074,-14.126793981481482,0,0,on_time,5.0,SP->SP
3c0a046b559b573fb30e2c6b041fd544,fb2340bd42a7561ca54dfd22978d7e2c,delivered,2018-01-19 14:06:36,2018-01-19 14:16:59,2018-01-22 21:28:55,2018-02-02 20:14:34,2018-02-15,1,013900e863eace745d3ec7614cab5b1a,54.0,15.82,2018-01-25 14:16:59,RJ,20775,PR,80740,3.307164351851852,10.948368055555555,-12.156550925925924,0,0,on_time,5.0,PR->RJ
a9d21182da34ce17091420d35f22834a,0c5eb0e9e15cf4e836c7188ece714fcc,delivered,2017-08-23 14:20:25,2017-08-23 15:07:11,2017-08-25 19:03:28,2017-09-06 19:45:42,2017-09-20,1,244c2f1bff6afe1f2eaf9bfe9b2aed38,198.0,131.0,2017-09-01 15:07:11,PR,87050,SP,8832,2.1965625,12.029328703703705,-13.176597222222222,0,0,on_time,5.0,SP->PR
848e76f65aa5d3843c356d8a68dfa5b5,0fe01041704b943d5c7905323ea63a2b,delivered,2018-05-03 16:05:51,2018-05-03 16:29:22,2018-05-04 12:12:00,2018-05-11 20:39:45,2018-06-01,1,08633c14ef2db992c11f840f04fad4cd,107.7,18.63,2018-05-09 16:29:22,RS,95703,SP,9416,0.8376041666666667,7.352604166666667,-20.1390625,0,0,on_time,4.0,SP->RS
2e4ac9141035afac9390d77c93177a95,4d8995c3014a79fbf087f3cf6ee93704,delivered,2017-11-24 15:41:25,2017-11-24 18:51:43,2017-12-13 21:35:17,2018-01-13 02:22:19,2017-12-19,1,05f51e13da97139648b8125c31e5f51b,399.9,66.29,2017-12-14 18:51:43,CE,60840,MG,31910,19.24574074074074,30.199328703703703,25.09883101851852,1,0,carrier,1.0,MG->CE
285b9fa3d538bc3e3391de43dd51e3c9,73cc73b9f0e5aeaa6cb029d0ca83bcba,delivered,2017-07-11 21:54:29,2017-07-11 22:25:14,2017-07-12 17:49:35,2017-07-21 15:33:53,2017-08-09,1,05ff92fedb5be47920fea08e501238b9,798.0,44.06,2017-07-20 22:25:14,SP,14091,RS,98803,0.8299305555555555,8.905763888888888,-18.35146990740741,0,0,on_time,5.0,RS->SP
58385f20ce70cfb92449b879d4d0d08f,c63af7127225df2f73e46d15ab662a2f,delivered,2017-02-22 17:12:07,2017-02-23 06:55:08,2017-03-07 18:07:48,2017-03-10 06:05:11,2017-03-30,1,36a968b544695394e4e9d7572688598f,16.9,10.96,2017-03-05 17:12:07,SP,1520,SP,11010,13.038668981481482,2.4981828703703703,-19.746400462962963,0,1,on_time,1.0,SP->SP
18846e52fc8a87bb5f3e3b353940b320,830886644e4e7bdc1395f0a7773a9235,delivered,2017-12-18 19:55:15,2017-12-18 20:12:12,2017-12-20 20:03:06,2017-12-23 17:23:25,2018-01-08,1,cc419e0650a3c5ba77189a1882b7556a,84.99,9.41,2017-12-26 20:12:12,SP,11075,SP,9015,2.005451388888889,2.889108796296296,-15.275405092592592,0,0,on_time,5.0,SP->SP
bcbd3afc999b3fa9dbd61efb370239dd,87394943aaa0bdfb58be8462b549eb95,delivered,2018-08-16 12:31:47,2018-08-18 02:50:15,2018-08-20 19:02:00,2018-08-23 04:13:29,2018-08-22,1,9d4db00d65d7760644ac0c14edb5fd86,42.89,13.6,2018-08-21 02:50:15,SP,8580,SP,18025,4.270983796296297,2.382974537037037,1.1760300925925926,1,0,carrier,,SP->SP
148988b3acaa4d165fe1b3cfeff74a1f,8e7acd795f393bba117941db9fbbe18d,delivered,2017-05-21 08:00:06,2017-05-22 10:42:04,2017-05-23 12:34:14,2017-05-30 08:11:54,2017-06-13,1,6edacfd9f9074789dad6d62ba7950b9c,61.9,15.19,2017-05-25 09:31:32,RJ,22411,SP,7135,2.1903703703703705,6.817824074074074,-13.658402777777775,0,0,on_time,5.0,SP->RJ
a60a240af8f52dfc1ca0fc4c20e0d0c4,ad3c8c89d8f960a1b93ff517215ef5dc,delivered,2017-11-16 22:25:07,2017-11-16 22:37:31,2017-11-17 16:49:26,2017-11-28 23:59:01,2017-12-18,1,5a93f3ab0ef4c84ed5e1b5dbf23978bc,38.97,15.1,2017-11-30 22:37:31,RJ,27525,SP,12250,0.7668865740740741,11.29832175925926,-19.00068287037037,0,0,on_time,5.0,SP->RJ
c84b66bfc6edd6b56325d5342ec421a0,1adbc5f1d585ff6b016adb7627272d0f,delivered,2018-01-30 15:26:08,2018-01-30 15:52:36,2018-02-02 03:09:00,2018-02-05 17:52:21,2018-02-15,1,ea8482cd71df3c1969d7b9473ff13abc,27.99,7.78,2018-02-05 15:52:36,SP,8225,SP,4160,2.488101851851852,3.6134375,-9.2553125,0,0,on_time,5.0,SP->SP
2f972348117659ed047953f60257c3cd,f3fb0bc387b5a0742130f65abeecb5a7,delivered,2017-09-11 22:03:59,2017-09-11 22:15:13,2017-09-13 21:59:42,2017-09-19 20:39:52,2017-09-28,1,955fee9216a65b617aa5c0531780ce60,85.0,20.08,2017-09-18 22:15:13,RJ,22080,SP,4782,1.997025462962963,5.9445601851851855,-8.138981481481482,0,0,on_time,5.0,SP->RJ
32be8f17cc988f8a0a52deaa64576dc2,8547b99982b4f351a1ad78a61be2e44a,delivered,2017-09-06 17:55:36,2017-09-06 18:05:12,2017-09-08 15:50:01,2017-09-11 20:04:03,2017-09-19,1,7d76b645482be4a332374e8223836592,19.9,7.78,2017-09-13 18:05:12,SP,7867,SP,1511,1.912789351851852,3.176412037037037,-7.163854166666667,0,0,on_time,,SP->SP
55de7dd020b106e53605a949012b60cc,9c9c6947f4a2595d790406365671eb06,delivered,2017-05-26 11:07:08,2017-05-26 11:22:51,2017-05-26 13:10:16,2017-05-30 11:34:37,2017-06-16,1,6560211a19b47992c3666cc44a7e94c0,59.0,11.91,2017-06-01 11:22:51,SP,13412,SP,5849,0.0855092592592592,3.933576388888889,-16.517627314814813,0,0,on_time,5.0,SP->SP
8ed4ed298924cd3a04016d50a5751e88,44531f7ae52e2312ab3ca7f58778b41f,delivered,2017-03-26 10:54:33,2017-03-26 11:05:11,2017-03-27 14:37:01,2017-04-05 08:53:52,2017-04-25,1,75fbb52eda0cbc24f479d3b2fbfa8d3e,14.9,17.78,2017-03-30 11:05:11,SP,8710,GO,74560,1.1544907407407408,8.76170138888889,-19.62925925925926,0,0,on_time,4.0,GO->SP
c21d1e70c15865d3e15e6e42c9c80b2d,40796823dbf5a2b08bf58b6d1e72900d,delivered,2017-10-13 13:20:09,2017-10-13 13:35:15,2017-10-19 18:57:00,2017-11-09 13:38:02,2017-11-08,1,3078096983cf766a32a06257648502d1,199.99,17.16,2017-10-19 14:35:15,SC,88015,SP,13720,6.233923611111111,20.77849537037037,1.5680787037037036,1,1,seller,4.0,SP->SC
f8711e1ed6430a40651f6613544e52c3,c038011fae88e7294cb5fd57d553af96,delivered,2018-01-05 20:12:57,2018-01-05 20:27:56,2018-01-08 20:16:20,2018-01-17 16:22:58,2018-01-31,1,46dc3b2cc0980fb8ec44634e21d2718e,99.99,21.5,2018-01-11 20:27:56,PE,51160,RJ,22240,3.002349537037037,8.837939814814815,-13.31738425925926,0,0,on_time,5.0,RJ->PE
2e9a694ad185420c2ac7461d41f35ed7,b6bec4bd1c7f54dc8260bc062359b1ad,delivered,2017-05-23 15:39:16,2017-05-23 15:50:23,2017-05-24 11:09:00,2017-06-09 12:52:16,2017-06-19,1,fc906263ca5083d09dce42fe02247800,39.0,15.79,2017-05-29 15:50:23,GO,74315,MG,31030,0.8123148148148148,16.071712962962962,-9.463703703703704,0,0,on_time,4.0,MG->GO
d6199904747af716384a5ddfde0e4b9f,5c021e3084ad3e3217045ef92245ef06,delivered,2018-03-06 11:53:40,2018-03-08 02:29:27,2018-03-09 17:36:33,2018-03-21 01:12:35,2018-04-04,1,de722cd6dad950a92b7d4f82673f8833,149.9,39.1,2018-03-14 02:29:27,MG,37500,PE,51250,3.238113425925926,11.316689814814817,-13.949594907407407,0,0,on_time,5.0,PE->MG
def5a490726da84a4e00b9abfcc9fd6f,4ed45e482abfa0e715a648c5c5070b65,delivered,2017-08-01 16:49:22,2017-08-01 17:03:44,2017-08-03 20:02:59,2017-08-08 16:41:18,2017-08-17,1,4e922959ae960d389249c378d1c939f5,30.0,8.27,2017-08-08 17:03:44,SP,13045,SP,12327,2.1344560185185184,4.85994212962963,-8.304652777777777,0,0,on_time,5.0,SP->SP
f84ed066131e26a100371eb314bfa094,8766b43c0e2fa872702fa9bde4dc8bf6,delivered,2017-03-06 11:06:27,2017-03-07 03:43:01,2017-03-07 13:28:43,2017-03-13 10:07:49,2017-03-27,1,0ea22c1cfbdc755f86b9b54b39c16043,34.9,14.52,2017-03-13 03:43:01,RJ,21230,MG,35700,1.0987962962962965,5.860486111111111,-13.577905092592593,0,0,on_time,5.0,MG->RJ
c2889b2085529be65218f712352769e6,fc5a45c75c8665a80c5d2b5ce7ad9f1d,delivered,2017-09-09 03:22:19,2017-09-09 03:36:32,2017-09-11 19:56:43,2017-09-13 19:33:26,2017-09-27,1,3d871de0142ce09b7081e2b9d1733cb1,54.9,12.72,2017-09-14 03:34:06,SP,6365,SP,13232,2.690555555555556,1.9838310185185184,-13.18511574074074,0,0,on_time,,SP->SP
b71b933941ffe3a83e6fa413d0f73e0e,81c40aa1c457eedcbf99ad628af078f4,delivered,2018-07-04 20:49:45,2018-07-05 16:31:45,2018-07-06 11:03:00,2018-07-11 18:19:46,2018-08-03,1,391fc6631aebcf3004804e51b40bcf1e,289.9,45.83,2018-07-16 15:30:47,MG,38066,SP,14940,1.592534722222222,5.303310185185185,-22.236273148148147,0,0,on_time,5.0,SP->MG
1a46a59c4c13f2c52e453f8f490b7840,96b4bb6bce80210c56debbb88e44f8df,delivered,2018-07-31 13:27:22,2018-08-02 05:30:48,2018-08-06 14:49:00,2018-08-09 20:09:43,2018-08-09,1,e5e33c0d8e7e002f398f5dc4cbbb338f,115.35,15.12,2018-08-06 05:24:00,SP,2531,SP,17032,6.056689814814815,3.2227199074074075,0.8400810185185185,1,1,seller,5.0,SP->SP
5ca9ca0cbc0ad4efc5f2d26283139d03,846315713f7cf92c71ff7b96b77a4196,delivered,2017-08-05 18:32:11,2017-08-05 18:43:28,2017-08-08 20:18:26,2017-08-14 18:15:44,2017-09-08,1,4e922959ae960d389249c378d1c939f5,75.0,15.28,2017-08-15 18:43:28,RS,95330,SP,12327,3.0737847222222223,5.914791666666667,-24.239074074074075,0,0,on_time,5.0,SP->RS
dac3092fa896a585ef8cfe91762294e5,6ac4f4b8a8559141e69a781be84aacee,delivered,2018-07-31 10:03:33,2018-08-01 03:31:45,2018-08-06 10:01:00,2018-08-09 21:18:36,2018-08-22,1,89de2d6f23e9746ff309705b23581faa,40.0,13.62,2018-08-07 02:50:31,SP,17501,PR,86060,5.9982291666666665,3.4705555555555554,-12.112083333333333,0,0,on_time,1.0,PR->SP
a1bbc50582a23583fb463282d7807e6a,c6b80a2b1b90507f8a4d42ec211ba949,delivered,2017-10-03 08:44:58,2017-10-03 08:56:30,2017-10-04 15:42:10,2017-10-10 21:35:40,2017-10-25,1,c3867b4666c7d76867627c2f7fb22e21,68.0,11.98,2017-10-09 08:56:30,SP,8529,SP,14580,1.2897222222222222,6.245486111111111,-14.10023148148148,0,0,on_time,5.0,SP->SP
1f3035a17d5528bb461a938d381c9d65,359ef52d8f7d03963687f1f864794d2c,delivered,2017-05-01 17:53:55,2017-05-01 18:05:47,2017-05-02 17:51:38,2017-05-12 15:05:53,2017-05-23,1,d101c6da914ae3d53f7bee42283f2fe2,109.9,13.5,2017-05-05 18:05:47,SP,2210,SP,8072,0.998414351851852,9.884895833333331,-10.370914351851852,0,0,on_time,4.0,SP->SP
7015505fc7302da88c0e9c58e8c3262e,1b354261005ab5f5ff92c38c656c68a8,delivered,2018-05-11 16:43:49,2018-05-12 16:50:35,2018-05-14 14:35:00,2018-05-18 18:13:53,2018-05-25,1,34056b8b55c1775a22af2331670a799c,64.8,12.89,2018-05-15 16:50:35,SP,11619,SP,16304,2.910543981481481,4.152002314814815,-6.240358796296296,0,0,on_time,2.0,SP->SP
f2203a676e8755fd0393acfcf038c891,c344799bf5a7883eb7ba4b14a26b861e,delivered,2018-03-27 16:42:54,2018-03-28 02:50:28,2018-03-28 20:58:31,2018-04-03 22:51:20,2018-04-18,1,522620dcb18a6b31cd7bdf73665113a9,159.0,20.17,2018-04-06 02:50:28,PR,87050,PR,85801,1.177511574074074,6.078344907407407,-14.047685185185186,0,0,on_time,4.0,PR->PR
94d2360b6b3afaf6e51fee341b108392,c082bf0b958a8cb21350485333323e64,delivered,2018-08-24 01:02:58,2018-08-24 01:15:06,2018-08-24 19:37:00,2018-08-27 19:04:53,2018-08-29,1,9f505651f4a6abe901a56cdc21508025,30.0,8.96,2018-08-28 01:15:06,SP,3570,SP,4102,0.7736342592592592,2.97769675925926,-1.2049421296296297,0,0,on_time,5.0,SP->SP
5dff8347ba30bf1b9e5d1a1ce778702a,6a84735b4b1a1380e3abe5b91017d69d,delivered,2017-09-24 11:21:36,2017-09-24 11:30:12,2017-09-25 16:28:01,2017-10-04 21:15:14,2017-10-17,1,abe42c5d03695b4257b5c6cbf4e6784e,439.0,16.82,2017-09-28 11:30:12,SP,3801,RJ,21235,1.2127893518518518,9.199456018518518,-12.114421296296296,0,0,on_time,5.0,RJ->SP
6fd40293a9be9f1682cb718c67f0a568,89fd2ebddff82eb92d98a6afdf1c94e7,delivered,2017-12-05 08:20:06,2017-12-06 02:50:09,2017-12-07 18:28:07,2017-12-12 00:04:50,2017-12-22,1,634964b17796e64304cadf1ad3050fb7,108.0,9.77,2017-12-12 02:50:09,RJ,26525,RJ,21840,2.4222337962962963,4.233831018518519,-9.99664351851852,0,0,on_time,5.0,RJ->RJ
9c038e10f14d12a96939a0176c4ecc99,05e8c670b506e48de998151c93bf87a7,delivered,2017-05-26 15:30:49,2017-06-08 23:02:47,2017-06-13 13:02:43,2017-06-17 08:46:07,2017-06-30,1,cab85505710c7cb9b720bceb52b01cee,49.9,15.1,2017-06-14 23:02:47,SC,88309,SP,2252,17.897152777777777,3.821805555555556,-12.634641203703705,0,0,on_time,4.0,SP->SC
c06c0d95b042ae403f799cf2027cd54f,9a6ea3f79c338967a71cc2b4df4bec91,delivered,2017-11-24 00:52:54,2017-11-24 01:12:53,2017-11-30 02:28:26,2017-12-20 22:55:00,2017-12-14,1,17e34d8224d27a541263c4c64b11a56b,175.01,13.57,2017-11-30 01:12:53,SP,8270,SP,14085,6.0663425925925925,20.85178240740741,6.954861111111111,1,1,seller,1.0,SP->SP
118e7d34435b8eae298699b9bb66af98,3fdf7e0abd67bd9c56395d0cdcd7d63f,delivered,2017-12-10 20:15:54,2017-12-10 20:30:25,2017-12-11 23:59:04,2017-12-14 03:08:21,2017-12-28,1,c003204e1ab016dfa150abc119207b24,93.9,14.26,2017-12-14 20:30:25,SP,9420,SP,7790,1.154976851851852,2.1314467592592594,-13.86920138888889,0,0,on_time,4.0,SP->SP
c729815f323f20bb9e5588021a97bf54,557f70dad14918337f244683541f5f4a,delivered,2018-04-15 10:17:36,2018-04-15 10:30:53,2018-04-16 22:51:18,2018-04-18 14:52:02,2018-04-30,1,7bac63f6603d382cc8d0832eb6c100a8,699.0,11.76,2018-04-19 10:30:53,SP,4347,SP,5713,1.523402777777778,1.667175925925926,-11.380532407407408,0,0,on_time,4.0,SP->SP
41c350b4fbc29efe17a778365a0a5d08,42bb785f5ebc990d77c23aa2e1d6f3c7,delivered,2017-04-30 21:10:28,2017-04-30 21:25:16,2017-05-02 13:58:15,2017-05-11 16:12:39,2017-06-01,1,bacb1f0ed56ad24198f5810d2b3fe9a5,136.9,21.02,2017-05-04 21:25:16,RJ,22430,SP,12328,1.699849537037037,9.093333333333334,-20.324548611111112,0,0,on_time,5.0,SP->RJ
783b1d8d1782290b10a4d8633721e26f,f1206f8f523e838e4f0f6a2122a415e2,delivered,2018-08-22 16:52:21,2018-08-24 03:24:12,2018-08-24 08:59:00,2018-08-28 20:51:11,2018-09-05,1,42b729f859728f5079499127a9c2ef37,36.94,15.36,2018-08-28 03:24:12,MG,30190,SP,3910,1.6712847222222222,4.49457175925926,-7.131122685185185,0,0,on_time,5.0,SP->MG
aab255ef2ea7066420316c7ae7094fe2,9b21003409394a234def7b16a139b70f,delivered,2018-08-17 18:47:21,2018-08-17 19:10:26,2018-08-20 11:24:00,2018-08-21 14:44:46,2018-08-23,1,55dedd83e501d8248880557d9073cbfd,145.9,8.44,2018-08-22 19:10:26,RJ,20561,RJ,22061,2.6921180555555555,1.1394212962962964,-1.3855787037037035,0,0,on_time,5.0,RJ->RJ
88fdf07e2e8bcf581835191551224be7,28da029822232f74f6920cc4681ff5a8,delivered,2017-07-07 17:28:39,2017-07-08 06:45:15,2017-07-10 21:10:28,2017-07-14 18:41:31,2017-07-27,1,70a12e78e608ac31179aea7f8422044b,105.0,12.23,2017-07-13 06:45:15,SP,18683,SP,12327,3.154039351851852,3.8965625,-12.22116898148148,0,0,on_time,5.0,SP->SP
4247a3af0d215e63b216c45c7bafa881,0c4aa71dee29939b7e8c95cf38265ab8,delivered,2017-11-01 13:54:39,2017-11-01 14:31:33,2017-11-07 14:48:53,2017-11-09 19:36:39,2017-11-23,1,70a12e78e608ac31179aea7f8422044b,360.0,37.02,2017-11-09 14:10:20,SP,4272,SP,12327,6.037662037037037,2.1998379629629627,-13.182881944444444,0,0,on_time,5.0,SP->SP
7c0ed8940b941dd6795dbdf0eb639195,a480c58e3eee4e740cd829d7f38dc25c,delivered,2018-06-13 12:59:20,2018-06-14 04:15:15,2018-06-14 11:55:00,2018-06-15 17:24:00,2018-06-25,1,f8db351d8c4c4c22c6835c19a46f01b0,104.9,12.46,2018-06-18 04:15:15,SP,4531,SP,13324,0.955324074074074,1.2284722222222222,-9.275,0,0,on_time,5.0,SP->SP
e419e5015f43887f330150fd21ff60f6,ae0d2b553da02db55333e3e336d31ba2,delivered,2018-04-19 17:56:53,2018-04-19 18:12:09,2018-04-20 22:48:59,2018-04-23 20:42:12,2018-05-08,1,17a053fcb14bd219540cbde0df490be0,219.98,24.83,2018-04-25 18:12:09,SP,7194,SP,13843,1.2028472222222222,2.9119560185185187,-14.137361111111112,0,0,on_time,5.0,SP->SP
d0a75d6eda61b8a7261946b34ffb350c,69e68f1d0a346b425f7a59e1773a8d10,delivered,2018-04-20 14:44:50,2018-04-24 19:21:47,2018-04-23 12:48:48,2018-05-18 08:18:40,2018-06-11,1,7d13fca15225358621be4086e1eb0964,220.0,61.6,2018-04-26 15:32:18,AC,69911,SP,14050,2.919421296296296,24.81240740740741,-23.653703703703705,0,0,on_time,2.0,SP->AC
bc2373d0e7ab7801b2b550f82b6327f6,6cc5df4c5ba75812a9c847c4f56d0af8,delivered,2017-12-17 13:09:06,2017-12-17 13:16:23,2017-12-18 19:29:14,2017-12-27 17:04:23,2018-01-15,1,57c764b4a836300be881e2ff86e449f9,9.9,15.1,2017-12-21 13:16:23,MG,30494,SP,14021,1.2639814814814814,8.899409722222222,-18.288622685185185,0,0,on_time,4.0,SP->MG
bae57f2adc242a88ed7589fe47efcd12,333304fcee5c64925d0ed399210d5770,delivered,2017-09-25 15:54:59,2017-09-25 16:10:07,2017-09-27 19:15:09,2017-10-10 19:07:02,2017-10-25,1,834f3294fba9f932f56edc879193f925,610.0,113.72,2017-09-29 16:10:07,SE,49090,SP,14808,2.1390046296296297,12.994363425925926,-14.203449074074074,0,0,on_time,5.0,SP->SE
7caf5a3cc5b5e6a117a963be598bbae1,c5be23d385030fdbf83a9a02aab53b7d,delivered,2017-05-15 09:02:34,2017-05-15 09:10:16,2017-05-15 21:19:40,2017-05-19 15:49:40,2017-05-24,1,7722b1df1b0e383e000397b2c11e3e19,19.9,8.72,2017-05-19 09:10:16,SP,4863,SP,9715,0.511875,3.7708333333333335,-4.340509259259259,0,0,on_time,3.0,SP->SP
6e8cdfac9a1f0a25230f4624a4d707f3,1c1569d6c160dbc103b50392ba28a01b,delivered,2018-04-01 15:34:09,2018-04-03 05:10:25,2018-04-03 21:44:16,2018-05-03 14:58:30,2018-05-24,1,7178f9f4dd81dcef02f62acdf8151e01,79.0,75.99,2018-04-12 05:10:25,AP,68900,SC,89560,2.257025462962963,29.71821759259259,-20.376041666666666,0,0,on_time,3.0,SC->AP
c6c8efeaf2205f11be796833a750f49e,f08742a7082ba21c8f71fd1ff6d32c0d,delivered,2017-10-22 10:15:18,2017-10-22 10:35:18,2017-10-24 16:52:06,2017-10-27 20:12:01,2017-11-13,1,4869f7a5dfa277a7dca6462dcf3b52b2,119.9,16.47,2017-10-30 10:35:18,SP,4208,SP,14840,2.275555555555556,3.1388310185185184,-16.15832175925926,0,0,on_time,5.0,SP->SP
ea95fbd737e51563fea85200471ce4d6,69ceea521dde4ffa999e3dee362d658a,delivered,2017-09-18 21:56:27,2017-09-19 03:55:31,2017-09-20 16:03:00,2017-09-25 17:23:54,2017-10-09,1,7299e27ed73d2ad986de7f7c77d919fa,160.0,16.88,2017-09-25 03:33:14,SP,13331,MG,38440,1.754548611111111,5.056180555555556,-13.275069444444444,0,0,on_time,5.0,MG->SP
7ed3955bf85eeaa3c55002dc9ea7cc2f,1e026c12ad119b266f71c0e1b432feb5,delivered,2018-05-11 08:15:10,2018-05-11 08:30:38,2018-05-11 14:27:00,2018-05-16 11:58:53,2018-05-30,1,c70c1b0d8ca86052f45a432a38b73958,110.32,12.99,2018-05-15 08:30:38,MG,35460,SP,13186,0.2582175925925926,4.897141203703704,-13.500775462962965,0,0,on_time,5.0,SP->MG
e810b951987f209ae0bc4bd6279c837e,7d4f13c597af6a491ad6b96e4b7b1ae5,delivered,2017-06-18 22:48:10,2017-06-18 23:05:51,2017-06-19 20:04:19,2017-06-27 14:16:51,2017-07-07,1,3d871de0142ce09b7081e2b9d1733cb1,85.0,13.61,2017-06-22 23:05:51,SP,18115,SP,13232,0.8862152777777778,7.758703703703704,-9.404965277777778,0,0,on_time,5.0,SP->SP
d896771c13346a1152e08d268514f544,b389f7017be2f4770ebe90fbfec9ac88,delivered,2018-07-01 17:36:53,2018-07-01 17:50:02,2018-07-04 15:17:00,2018-07-07 14:32:43,2018-07-27,1,7d13fca15225358621be4086e1eb0964,249.0,19.84,2018-07-05 17:50:02,MG,31365,SP,14050,2.902858796296296,2.969247685185185,-19.393946759259254,0,0,on_time,4.0,SP->MG
11526907a9d9e94078d44fb1c4abb4ec,16c9179622cbd53ac83895bd09ea73c2,delivered,2018-08-08 00:56:34,2018-08-09 03:45:28,2018-08-09 20:33:00,2018-08-23 01:35:45,2018-08-20,1,594f9aaa48e5bf431f011ddc5669b0d5,44.9,16.5,2018-08-13 03:45:28,RJ,24900,MG,32185,1.8169675925925928,13.210243055555557,3.066493055555556,1,0,carrier,5.0,MG->RJ
f77069f53023a7b046bf919f50bb2dd7,17dd52ad2465bdedb0c78d744ba82f84,delivered,2017-12-06 14:17:39,2017-12-06 14:32:04,2017-12-07 16:52:20,2017-12-18 21:18:54,2018-01-08,1,c3cfdc648177fdbbbb35635a37472c53,297.8,72.8,2017-12-14 14:30:31,PE,53425,PR,80610,1.1074189814814814,11.18511574074074,-20.111875,0,0,on_time,3.0,PR->PE
d8d842d38880d9584e98d64058aedfed,c22cfbe35fa59bc8126c9be7d1e6a284,delivered,2018-08-26 20:32:14,2018-08-26 20:45:12,2018-08-27 12:44:00,2018-08-30 14:49:34,2018-10-01,1,72c5da29406b4234927b81855e7b64f6,299.99,19.9,2018-08-28 20:45:12,RJ,24711,SP,7077,0.674837962962963,3.087199074074074,-31.38224537037037,0,0,on_time,5.0,SP->RJ
658f8d7112d20419aba9c6b7436b1af5,a08d416710ced0087475eb4b4dbbb74d,delivered,2018-02-11 18:40:02,2018-02-11 18:55:27,2018-02-15 00:33:50,2018-02-26 21:24:19,2018-02-26,1,2379bdc3888025689a9deb7b141507d5,7.9,8.11,2018-02-15 18:55:27,SP,9320,SP,13806,3.2456944444444447,11.868391203703704,0.8918865740740741,1,0,carrier,4.0,SP->SP
eb9c386367b06468eb9334ad5a9f28bc,f0f6f2b6ed7fefbc460e7e216139a1b0,delivered,2018-04-22 01:27:23,2018-04-24 19:08:47,2018-04-24 16:10:04,2018-04-25 17:06:35,2018-05-10,1,da8622b14eb17ae2831f4ac5b9dab84a,199.9,14.87,2018-04-26 02:31:51,SP,9550,SP,13405,2.612974537037037,1.0392476851851853,-14.287094907407408,0,0,on_time,5.0,SP->SP
b938ac4d34d8d6e6cb9f8dbfa2042cc6,6d8b841ea5c42e4fcdd1c45ebd7db0f2,delivered,2017-04-23 13:44:53,2017-04-25 08:02:48,2017-04-25 17:25:20,2017-05-05 16:22:19,2017-05-15,1,f8db351d8c4c4c22c6835c19a46f01b0,36.9,14.52,2017-05-02 08:02:48,MG,38970,SP,13324,2.153090277777778,9.956238425925926,-9.317835648148147,0,0,on_time,1.0,SP->MG
996936689b68af80b51ef3c429a4f386,bf9a4770691ff9b2ddb07f4beb77d4ad,delivered,2017-03-02 08:17:50,2017-03-03 02:15:17,2017-03-03 11:49:20,2017-03-13 11:47:56,2017-03-28,1,85d9eb9ddc5d00ca9336a2219c97bb13,20.9,16.05,2017-03-10 02:15:17,GO,76105,MG,31255,1.146875,9.999027777777778,-14.50837962962963,0,0,on_time,3.0,MG->GO
928c14eb3a12d1f6f3bcf8e92c5da97d,b6d713341aa43613bb22cb5e7c2cf46a,delivered,2017-03-24 00:51:32,2017-03-25 01:05:34,2017-03-31 11:03:53,2017-04-03 10:47:31,2017-04-12,1,0747d5bb69f0586cc869d8af4c50f93e,8.9,10.96,2017-03-30 01:05:34,RJ,26086,RJ,28990,7.425243055555556,2.988634259259259,-8.550335648148149,0,1,on_time,5.0,RJ->RJ
ee27a6c585edd9ed8b99e272587bf04c,d43dd33508aebb386735c87bdfacaa5f,delivered,2018-04-30 22:17:02,2018-05-01 03:32:39,2018-05-03 07:15:00,2018-05-08 00:08:57,2018-05-11,1,d4f117125b59ce73c3302f88ee40c458,49.99,7.39,2018-05-07 03:30:56,SP,3152,SP,4058,2.373587962962963,4.704131944444445,-2.9937847222222222,0,0,on_time,5.0,SP->SP
eb14d693be5c40bf50f8dff9d85abc21,497dea98bd926684eae505c6b58f8d6f,delivered,2017-12-01 21:19:16,2017-12-01 21:32:38,2017-12-06 15:54:47,2017-12-17 18:44:37,2017-12-19,1,b2ba3715d723d245138f291a6fe42594,59.9,11.73,2017-12-07 21:31:00,SP,2418,SP,3470,4.774664351851852,11.117939814814816,-1.2190162037037038,0,0,on_time,5.0,SP->SP
a92232b41fcd16d21f69ff9d11648bbe,1eb56edd49bc10e943716ab0188dd6de,delivered,2017-12-05 13:37:09,2017-12-05 13:53:46,2017-12-06 17:16:39,2017-12-19 23:56:44,2018-01-10,1,7a67c85e85bb2ce8582c35f2203ad736,129.99,20.15,2017-12-11 13:53:46,BA,47690,SP,3426,1.1524305555555556,13.277835648148148,-21.00226851851852,0,0,on_time,5.0,SP->BA
bb36ee4537bf2692447d8cbf50cf6c11,04d52731fefc328bb6ece40f6cbdd685,delivered,2018-03-08 09:45:38,2018-03-08 11:40:24,2018-03-19 19:47:49,2018-04-05 10:51:53,2018-03-26,1,318f287a62ab7ac10b703ac37435a231,39.0,21.43,2018-03-14 10:52:50,MG,32260,SP,4773,11.418182870370371,16.627824074074073,10.45269675925926,1,1,seller,1.0,SP->MG
b415a35a700ab8411988f58b4db6daf4,02752ad42b3d725c49a1194731564a0a,delivered,2018-01-08 18:19:20,2018-01-10 10:32:50,2018-01-10 22:26:45,2018-02-02 23:58:59,2018-02-09,1,4a3ca9315b744ce9f8e9374361493884,86.9,21.1,2018-01-15 18:11:25,RJ,28995,SP,14940,2.1718171296296296,23.06405092592593,-6.000706018518518,0,0,on_time,3.0,SP->RJ
cdd28b19608da7e96804c00fdfd2faf2,6321967be34f1f61327ad2af4857f65c,delivered,2018-01-14 16:26:03,2018-01-15 16:31:10,2018-01-16 18:34:48,2018-01-22 13:32:28,2018-02-09,1,abcd2cb37d46c2c8fb1bf071c859fc5b,49.9,21.15,2018-01-19 16:30:41,SP,2257,MT,78020,2.0894097222222223,5.790046296296296,-17.435787037037038,0,0,on_time,5.0,MT->SP
10d96958b92a4df731c5f0d7e8694f4e,6104d6344ed5ffa39c84b3800921f443,delivered,2018-01-17 13:13:50,2018-01-17 13:29:36,2018-02-07 15:38:51,2018-02-08 13:53:07,2018-02-01,1,42b729f859728f5079499127a9c2ef37,24.9,7.78,2018-01-23 13:29:36,SP,7055,SP,3910,21.10070601851852,0.926574074074074,7.578553240740739,1,1,seller,3.0,SP->SP
7a5941b80b56b7d80e8e695e1c88eed4,8c341ce666b64e4e79c28b60db4f8248,delivered,2017-12-08 11:33:50,2017-12-08 11:52:59,2017-12-13 15:33:35,2017-12-22 15:54:39,2018-01-03,1,f41ce2e25237f9092cd8e6e7516c7a2f,38.0,11.85,2017-12-14 11:52:59,SP,14080,SP,7013,5.166493055555556,9.01462962962963,-11.337048611111111,0,0,on_time,5.0,SP->SP
a86cb65b0731ea40faecfb11c9025045,bc34e7d3f5c7efe151681204a0057b7c,delivered,2018-07-25 12:20:14,2018-07-25 12:30:17,2018-07-25 14:29:00,2018-08-13 19:21:59,2018-08-16,1,dbc22125167c298ef99da25668e1011f,96.8,53.03,2018-07-27 12:30:17,PE,52091,MG,37564,0.0894212962962962,19.20346064814815,-2.19306712962963,0,0,on_time,5.0,MG->PE
84b00ddee11d116c7f9194d7bcc43611,cf02015fe41754704ea76138d646a4a2,delivered,2018-03-24 22:01:59,2018-03-24 22:15:25,2018-03-27 22:22:26,2018-04-07 11:12:51,2018-04-23,1,9add47bf45ce8e8c7db6b9cf670b1e09,132.8,41.78,2018-03-28 22:15:25,PI,64078,PR,83830,3.014201388888889,10.535011574074074,-15.532743055555557,0,0,on_time,4.0,PR->PI
0ab0e6cc12734a3c6311f9a0db8b2555,f0ee5810e42014b65269b12a6182dfc9,delivered,2018-02-05 21:42:57,2018-02-06 15:50:39,2018-02-08 18:07:16,2018-03-01 20:06:00,2018-03-06,1,8b321bb669392f5163d04c59e235e066,15.0,15.79,2018-02-12 15:50:39,BA,41927,SP,1212,2.8502199074074075,21.082453703703703,-4.1625,0,0,on_time,5.0,SP->BA
dfaec723e43ffd36724e080018beeb1a,51715f7447120af4a92eaa0336ed0401,delivered,2018-03-01 14:58:33,2018-03-01 15:15:47,2018-03-02 19:18:50,2018-03-05 17:28:53,2018-03-13,1,5343d0649eca2a983820bfe93fc4d17e,237.0,28.11,2018-03-07 15:15:47,SP,7143,SP,9270,1.180752314814815,2.923645833333333,-7.271608796296296,0,0,on_time,5.0,SP->SP
680f4f731eeef8098bb1e587bb0c3363,ad1bd6b4f879655fc78ac4d5bf3fd055,delivered,2017-08-24 21:57:28,2017-08-25 22:08:03,2017-08-28 20:37:32,2017-09-16 15:18:18,2017-09-28,1,5b67882648febfb6e1225e6ad7164f6b,69.99,44.34,2017-08-30 22:08:03,MA,65066,PR,87502,3.944490740740741,18.778310185185184,-11.362291666666666,0,0,on_time,5.0,PR->MA
5cc9158bdd66e341bc4085933657d306,2036ed39d0a4b13003cd73342a6b009e,delivered,2017-10-18 00:50:18,2017-10-18 01:10:55,2017-10-20 19:37:32,2017-10-26 21:18:01,2017-11-10,1,44073f8b7e41514de3b7815dd0237f4f,19.6,15.1,2017-10-24 01:10:55,MG,36036,DF,71070,2.782800925925926,6.069780092592593,-14.112488425925926,0,0,on_time,1.0,DF->MG
2df215b400473a9b6f3be2d5b1bfda08,ce3353c3edc00f0fc559a1ad8fda4e4b,delivered,2017-12-06 15:59:20,2017-12-08 02:54:30,2017-12-11 19:37:04,2017-12-20 20:58:56,2018-01-08,1,128639473a139ac0f3e5f5ade55873a5,18.9,15.1,2017-12-14 02:54:30,SP,19273,PR,87050,5.151203703703704,9.056851851851851,-18.125740740740746,0,0,on_time,5.0,PR->SP
c7765f73aa21565b6f703032dca277dd,61c268b557ee4ca190efd452ff73df34,delivered,2018-03-27 19:07:08,2018-03-28 08:27:27,2018-03-28 18:13:02,2018-04-02 18:14:31,2018-04-09,1,e5475dcab1e07b63d7f6e902d8f5eda8,28.0,8.29,2018-04-03 08:27:27,SP,8582,SP,9921,0.9624305555555556,5.001030092592592,-6.239918981481481,0,0,on_time,5.0,SP->SP
901735bbff3acab049ea1854fe0932ce,76308a95986f8f0732f3add9f5c21354,delivered,2018-05-13 09:53:05,2018-05-13 10:13:03,2018-05-15 07:07:00,2018-06-04 15:32:14,2018-06-12,1,391fc6631aebcf3004804e51b40bcf1e,39.99,19.63,2018-05-17 10:13:03,CE,60713,SP,14940,1.884664351851852,20.350856481481483,-7.352615740740741,0,0,on_time,5.0,SP->CE
c2dd88bae676f786c6d4de5c61ce17c9,cc6a744ba14a060493fb64b97087006c,delivered,2017-10-09 15:19:12,2017-10-09 16:07:12,2017-10-10 20:22:47,2017-10-17 22:13:57,2017-10-26,1,79ed755314cfe6df0daef2c6cd3022cd,159.9,13.46,2017-10-16 17:07:12,SP,17800,SP,13503,1.2108217592592592,7.077199074074074,-8.073645833333334,0,0,on_time,5.0,SP->SP
6f4f578dc1619bddcbc6c56c9502eb74,208a1b9c48657302f6c38ea8901e2bff,delivered,2018-01-23 11:58:33,2018-01-23 12:18:03,2018-01-24 21:24:46,2018-03-03 19:29:11,2018-02-16,1,7f152321c60a266edc53af1925ef96c1,249.99,16.5,2018-01-29 12:18:03,RS,90820,SC,88801,1.3932060185185184,37.9197337962963,15.81193287037037,1,0,carrier,1.0,SC->RS
cc377f50beca76eafcc202f7f770a627,567376707a076e91e727a4cd8883be4a,delivered,2018-06-26 18:52:41,2018-06-27 08:30:13,2018-06-27 10:04:00,2018-07-02 23:25:53,2018-07-20,1,edb1ef5e36e0c8cd84eb3c9b003e486d,149.65,19.15,2018-06-29 03:31:33,MG,37443,RJ,25957,0.6328587962962963,5.5568634259259255,-17.02369212962963,0,0,on_time,5.0,RJ->MG
7e8dc21f44e46302a51e046680bc6598,818b02531726186e24f2e19a6de1b712,delivered,2018-08-16 08:21:25,2018-08-17 03:31:01,2018-08-24 18:49:00,2018-08-27 16:20:57,2018-08-29,1,bce6a5ecf98e99fd2a8868b15c51f04b,125.0,8.14,2018-08-27 03:29:46,SP,13170,SP,7180,8.435821759259259,2.8971875,-1.3187847222222222,0,0,on_time,5.0,SP->SP
41d2688e10edaa4f87b2dad7aada4865,33059e481807ac22890c53c0e553cf5c,delivered,2018-05-22 15:21:51,2018-05-22 15:36:47,2018-05-23 13:32:00,2018-05-24 21:38:41,2018-05-30,1,f3da5b2ff499efb8d4a6d371d175d7dd,47.9,8.88,2018-05-24 15:36:47,SP,8573,SP,2407,0.9237152777777776,1.337974537037037,-5.098136574074074,0,0,on_time,4.0,SP->SP
fefecf93dec36efbfb0155b5db427db6,f035bca183a9850bcb629a58a365b70a,delivered,2017-02-22 19:49:48,2017-02-24 02:35:21,2017-02-24 12:04:46,2017-03-03 13:47:35,2017-03-29,1,87142160b41353c4e5fca2360caf6f92,148.9,27.47,2017-02-26 19:49:48,RJ,27910,RS,90230,1.6770601851851852,7.071400462962963,-25.42528935185185,0,0,on_time,5.0,RS->RJ
091bd68043b7a721b0d82b5ff36304fa,64951dc059928ade3849eec4adbb689b,delivered,2017-03-03 18:02:51,2017-03-03 18:15:13,2017-03-06 18:53:43,2017-03-13 17:13:58,2017-03-24,1,7722b1df1b0e383e000397b2c11e3e19,89.9,14.8,2017-03-09 18:15:13,MG,30411,SP,9715,3.035324074074074,6.930729166666667,-10.281967592592592,0,0,on_time,5.0,SP->MG
37a5627c7451cf77174dbb624b22f8d4,26696cdfe4c66b1abbb78c250b2e9cd5,delivered,2017-12-26 08:24:57,2017-12-27 04:07:42,2017-12-28 17:23:31,2018-01-03 21:58:55,2018-01-16,1,955fee9216a65b617aa5c0531780ce60,75.0,13.08,2018-01-04 04:07:42,SP,13820,SP,4782,2.374004629629629,6.19125,-12.084085648148148,0,0,on_time,4.0,SP->SP
66e7b21711a5ac0d6b6a5f60e4c79a75,7f6e0647dfddaccdf6e140f98e0945bd,delivered,2017-11-28 14:31:04,2017-11-29 02:20:34,2017-11-30 19:21:27,2018-01-03 13:13:00,2017-12-21,1,897060da8b9a21f655304d50fd935913,83.23,15.33,2017-12-07 02:20:34,RJ,23530,SP,14092,2.2016550925925924,33.74413194444445,13.550694444444444,1,0,carrier,1.0,SP->RJ
ff28c0612d31703caeb619081868bd35,9584350801d16bfb6670a6ed33331336,delivered,2017-05-20 03:00:18,2017-05-20 03:30:18,2017-05-23 08:39:58,2017-05-29 16:25:33,2017-06-28,1,cca3071e3e9bb7d12640c9fbe2301306,59.9,25.7,2017-05-29 03:30:18,PA,66053,SP,14940,3.235879629629629,6.323321759259259,-29.315590277777776,0,0,on_time,5.0,SP->PA
fe008cc13679ac6992b975115fe63cb5,55f0985ba53a063474c1257047821878,delivered,2018-06-27 21:50:05,2018-06-27 22:10:30,2018-06-28 08:12:00,2018-07-08 20:09:43,2018-07-27,1,32b8764b4ef628b53608fc34011fcc13,139.0,88.48,2018-07-01 22:10:30,BA,41247,SC,88504,0.431886574074074,10.498414351851851,-18.15991898148148,0,0,on_time,4.0,SC->BA
38b7ab73ffe50166a40179ecf80bfdc9,e29647e5f2967fa8de0b7cdc6c243ecb,delivered,2017-12-08 00:38:27,2017-12-09 10:34:23,2017-12-11 22:12:55,2017-12-15 22:19:10,2017-12-27,1,3c7c4a49ec3c6550809089c6a2ca9370,16.9,7.78,2017-12-14 10:34:23,SP,6764,SP,3804,3.898935185185185,4.004340277777778,-11.070023148148149,0,0,on_time,5.0,SP->SP
e076d90a9dd2b78794850f39bacf0d99,fb1c0b4e14844938d19a4265cb8b2059,delivered,2018-05-09 12:14:58,2018-05-09 12:31:57,2018-05-10 14:50:00,2018-05-16 22:08:31,2018-06-06,1,57e632711dec9ec14ca7546769483e7e,129.9,22.62,2018-05-11 12:31:32,RJ,23870,SC,88372,1.1076620370370371,6.304525462962963,-20.077418981481483,0,0,on_time,5.0,SC->RJ
56eb4939c8d3115474ab6d6a17c8f5f8,bd8fb526b865b29b6f487cb18bce432a,delivered,2018-02-25 10:22:54,2018-02-25 11:00:23,2018-02-26 18:19:20,2018-03-02 12:09:11,2018-03-19,1,a1043bafd471dff536d0c462352beb48,120.0,26.46,2018-03-01 11:00:23,MG,39560,MG,37175,1.3308564814814814,3.742951388888889,-16.493622685185183,0,0,on_time,5.0,MG->MG
3ac4f30b6ba23f340792aeebba73158b,45b2e2f0f6fc93eecf7802eb6be9a91a,delivered,2018-01-27 20:14:42,2018-01-27 20:36:58,2018-01-30 14:32:18,2018-02-05 21:53:03,2018-02-20,1,4869f7a5dfa277a7dca6462dcf3b52b2,579.0,15.55,2018-02-01 20:32:16,SP,19807,SP,14840,2.7622222222222224,6.306076388888889,-14.088159722222224,0,0,on_time,5.0,SP->SP
9f9451274bc21055d9306c98eb7eb8f8,65b9c8af625c3c4a37af569d46f77136,delivered,2018-03-04 21:57:25,2018-03-04 22:10:30,2018-03-06 22:48:57,2018-04-17 00:37:33,2018-04-06,1,0176f73cc1195f367f7b32db1e5b3aa8,87.9,17.87,2018-03-08 22:10:30,RJ,22441,SP,14940,2.035787037037037,41.07541666666667,11.026076388888889,1,0,carrier,1.0,SP->RJ
0df9a1a63af12d4f148157a5264421b0,e68ce7d126e7312b9b1acf8b5706f914,delivered,2018-03-21 14:35:36,2018-03-21 14:48:49,2018-03-23 01:48:32,2018-03-23 19:51:00,2018-04-10,1,1bb2bdb95f4841f1bba2c0d2cd83d3c9,14.95,7.39,2018-03-27 14:48:49,SP,4383,SP,1257,1.4673148148148147,0.751712962962963,-17.172916666666666,0,0,on_time,5.0,SP->SP
106d8484bb6bb4ff239daff27fc4feb6,7dfa5f2f758adf5d769a3941649e733e,delivered,2017-06-12 22:55:41,2017-06-12 23:10:20,2017-06-19 13:32:02,2017-06-22 09:45:01,2017-07-05,1,128639473a139ac0f3e5f5ade55873a5,12.9,15.1,2017-06-18 23:10:20,SP,8461,PR,87050,6.608576388888889,2.842349537037037,-12.593738425925926,0,1,on_time,2.0,PR->SP
901884e93a6e353950d63cf7a16621ef,3f425c05ff2b159dd7ac24ff725a6b70,delivered,2017-12-07 21:37:21,2017-12-07 21:50:41,2017-12-08 23:17:05,2018-01-06 17:07:34,2018-01-05,1,70eea00b476a314817cefde4aad4f89a,295.0,42.51,2017-12-13 21:50:41,MA,65071,SP,13250,1.0692592592592594,28.743391203703705,1.713587962962963,1,0,carrier,3.0,SP->MA
5eff641a591dc86709424d65585467a5,7f67f25d7af1b0e5955c58f844aa41c1,delivered,2018-07-10 23:57:20,2018-07-11 00:10:13,2018-07-11 12:01:00,2018-07-21 16:07:41,2018-07-30,1,5656537e588803a555b8eb41f07a944b,25.89,19.09,2018-07-13 00:10:13,BA,40110,DF,72015,0.5025462962962963,10.17130787037037,-8.327997685185185,0,0,on_time,5.0,DF->BA
dc7798b2a62765a8e3a26f86c042596d,ab4b8303e74ab12496148fbbe9d20aab,delivered,2018-03-09 12:59:51,2018-03-09 13:10:35,2018-03-13 00:12:11,2018-04-10 19:34:31,2018-04-20,1,4869f7a5dfa277a7dca6462dcf3b52b2,120.0,20.99,2018-03-15 13:10:35,GO,74840,SP,14840,3.466898148148148,28.807175925925925,-9.184363425925929,0,0,on_time,3.0,SP->GO
5529158408e1c0b045ebb99b4d2fc5ab,b3a5d378512cc5c171a202a03122dd26,delivered,2018-01-09 19:33:25,2018-01-10 10:32:21,2018-01-19 19:52:14,2018-01-30 12:44:47,2018-02-06,1,cab85505710c7cb9b720bceb52b01cee,49.9,15.1,2018-01-15 21:31:06,MG,35930,SP,2252,10.01306712962963,10.703159722222225,-6.468900462962963,0,1,on_time,5.0,SP->MG
b9fce2067f47956396b6782d9bf146ca,9eb9bec6a91d6b82b4a39e49276f1e8f,delivered,2017-06-24 19:15:57,2017-06-26 11:10:26,2017-06-27 10:49:02,2017-07-04 17:41:28,2017-07-24,1,cca3071e3e9bb7d12640c9fbe2301306,50.9,12.7,2017-07-06 21:33:09,SP,7860,SP,14940,2.647974537037037,7.286412037037037,-19.26287037037037,0,0,on_time,5.0,SP->SP
28e7be9f5fc8bb93020385ec94b1db0b,51ff54ae13cdec5937953af1e40bd315,delivered,2018-08-27 17:10:36,2018-08-27 17:25:15,2018-08-28 14:32:00,2018-08-29 22:25:42,2018-08-30,1,53e4c6e0f4312d4d2107a8c9cddf45cd,27.81,16.47,2018-08-29 17:25:15,SP,2435,SP,13920,0.8898611111111111,1.3289583333333332,-0.0654861111111111,0,0,on_time,5.0,SP->SP
993da8482e658ec7f1d0c6d955604936,e9448a633c12d2de0d904428bd3ce893,delivered,2018-08-17 03:00:56,2018-08-17 03:35:16,2018-08-17 16:31:00,2018-08-23 16:23:51,2018-09-03,1,2d2c62bef4c8ba0dd74e0e228e808539,220.0,38.67,2018-08-21 03:35:16,SP,8452,SP,14096,0.5625462962962963,5.995034722222222,-10.316770833333331,0,0,on_time,1.0,SP->SP
2db1b946263ea358e693eb2aea38f157,f540606dad1c114a358d71d505c50e00,delivered,2017-05-18 12:32:21,2017-05-18 13:10:12,2017-05-19 15:17:00,2017-05-31 08:33:42,2017-06-22,1,4d6d651bd7684af3fffabd5f08d12e5a,69.9,34.29,2017-05-24 13:10:12,MA,65603,SP,17209,1.1143402777777778,11.719930555555557,-21.64326388888889,0,0,on_time,4.0,SP->MA
5fae5b3e4e5a5c6b02a38d8e4536a81a,8539453c168f44ac4ee095374bc8ea2e,delivered,2018-07-09 16:52:12,2018-07-09 17:05:05,2018-07-10 13:56:00,2018-07-14 20:51:24,2018-08-02,1,8b9d6eec4a7eb7d0f9d579ce0b38324d,69.99,17.12,2018-07-11 17:05:05,RJ,21340,RJ,26562,0.8776388888888889,4.288472222222223,-18.130972222222223,0,0,on_time,5.0,RJ->RJ
50cd705ea531362cb179d7fbf877344c,206fd19fc2dc8738a59823f0afdc75ad,delivered,2017-03-22 10:30:11,2017-03-24 01:32:08,2017-03-24 13:00:12,2017-03-30 11:30:09,2017-04-12,1,8a32e327fe2c1b3511609d81aaf9f042,59.98,29.04,2017-03-30 01:30:39,MG,35338,SP,2443,2.104178240740741,5.937465277777778,-12.520729166666667,0,0,on_time,5.0,SP->MG
ad3653ed7fa95d0e6ed3c9748c66e86e,ff321454b4ea8fda58a0d3a0ab2609cb,delivered,2017-05-29 23:13:05,2017-05-29 23:25:16,2017-05-30 15:59:45,2017-06-02 13:59:54,2017-06-20,1,4a3ca9315b744ce9f8e9374361493884,89.9,12.13,2017-06-05 23:25:16,SP,12906,SP,14940,0.6990740740740741,2.916770833333333,-17.41673611111111,0,0,on_time,3.0,SP->SP
e3d24d79c3175a6511519e3c4cd64c14,a585914d5afa8549da97dde83873d91c,delivered,2018-01-29 17:22:20,2018-01-29 17:35:40,2018-01-31 01:31:59,2018-02-14 19:36:38,2018-03-01,1,3c03b12bab54d8b37d79d914bfdb1aa0,479.9,26.23,2018-02-02 17:31:06,SC,88880,RJ,25561,1.3400347222222222,14.753229166666667,-14.18289351851852,0,0,on_time,5.0,RJ->SC
aecf3e50acb5123797d7beb4d44ffbe5,6ed4624199a0bcf855a11dcf9be6e7a0,delivered,2017-05-11 14:26:06,2017-05-11 14:42:32,2017-05-12 09:21:52,2017-05-17 09:26:31,2017-06-02,1,f8db351d8c4c4c22c6835c19a46f01b0,16.9,15.1,2017-05-17 14:42:32,DF,70722,SP,13324,0.7887268518518519,5.003229166666666,-15.606585648148148,0,0,on_time,5.0,SP->DF
87ac65278f1ed3a23cd5ba4d867eabbf,9ec69cc126229eac3f0b2abc918d9a23,delivered,2018-05-10 18:05:38,2018-05-10 18:30:35,2018-05-14 13:52:00,2018-05-22 16:06:49,2018-06-01,1,4d6d651bd7684af3fffabd5f08d12e5a,179.0,19.13,2018-05-16 18:30:35,MG,36774,SP,17209,3.823865740740741,8.093622685185185,-9.328599537037038,0,0,on_time,1.0,SP->MG
8ee4362f8dfc794ac7cb9b309b4a87b3,b3c9b5795c9e172c44c29fbb63f750d8,delivered,2017-08-26 08:06:34,2017-08-26 08:15:09,2017-08-29 20:22:38,2017-09-09 14:27:39,2017-09-22,1,6c7d50c24b3ccd2fd83b44d8bb34e073,99.0,25.53,2017-08-31 08:15:09,ES,29102,SP,19025,3.5111574074074072,10.753483796296296,-12.397465277777778,0,0,on_time,4.0,SP->ES
d747496c33d09cf369d4f70aa9282b6a,37955c5c4ea9ed8cdb555c4743e00d0c,delivered,2018-03-25 14:52:25,2018-03-25 15:00:48,2018-03-27 13:13:55,2018-03-29 16:06:41,2018-04-06,1,ef0ace09169ac090589d85746e3e036f,117.7,8.77,2018-03-29 15:00:48,RJ,27281,RJ,24451,1.9315972222222224,2.119976851851852,-7.32869212962963,0,0,on_time,5.0,RJ->RJ
416c0517339b4d34deb72cb7adfd908e,50234a251c35e59ffaba3b0a8342b37a,delivered,2018-07-26 00:15:54,2018-07-26 20:04:17,2018-07-30 12:28:00,2018-07-31 16:41:03,2018-08-08,1,1025f0e2d44d7041d6cf58b6550e0bfa,150.0,16.35,2018-08-02 20:04:17,SP,4363,SP,3204,4.5084027777777775,1.1757291666666667,-7.304826388888888,0,0,on_time,4.0,SP->SP
a8375c727655c94388acaf79f017be5d,8ea09313c0ee536559d17faa08b62eb4,delivered,2017-12-12 12:05:08,2017-12-12 12:40:50,2017-12-15 21:56:11,2018-01-12 22:07:39,2018-01-16,1,458c6fa920810ce2492da71bc26d9eec,378.38,46.73,2017-12-18 12:32:08,BA,45350,SP,15813,3.4104513888888888,28.007962962962964,-3.078020833333333,0,0,on_time,2.0,SP->BA
f22698a00370679c0784aae7c060f87d,9095ea27e45e0d5a152a23d0b923a0df,delivered,2017-04-16 21:09:09,2017-04-16 21:21:50,2017-04-17 11:57:05,2017-04-20 09:56:04,2017-05-08,1,0db783cfcd3b73998abc6e10e59a102f,49.0,10.96,2017-04-23 21:21:50,SP,1526,SP,11010,0.6166203703703703,2.915960648148148,-17.586064814814815,0,0,on_time,5.0,SP->SP
0ef7736059e491311b0cc6bd02ca40a6,3414987e301876e9344b45d11c3a926d,delivered,2018-01-16 15:08:02,2018-01-16 15:19:33,2018-01-18 23:46:38,2018-01-26 15:22:33,2018-02-06,1,fa1c13f2614d7b5c4749cbc52fecda94,248.9,13.24,2018-01-22 15:19:33,SP,17120,SP,13170,2.360138888888889,7.64994212962963,-10.359340277777775,0,0,on_time,5.0,SP->SP
b2da70916ed4e4cde3df9e1381154631,3031f51fc039076cb3843d4eca6a6fc6,delivered,2017-12-19 16:18:24,2017-12-19 17:19:22,2017-12-20 20:09:52,2017-12-27 21:17:25,2018-01-19,1,cc419e0650a3c5ba77189a1882b7556a,84.99,16.35,2017-12-27 17:19:22,GO,76170,SP,9015,1.1607407407407409,7.046909722222222,-22.11290509259259,0,0,on_time,5.0,SP->GO
4213bf7933d48cf3705fd44b4e4c8ce3,dbcdae75dc4490db8007ce62565d512c,delivered,2018-02-25 17:28:28,2018-02-25 17:47:31,2018-02-26 18:37:53,2018-03-10 17:21:35,2018-03-22,1,dbd66278cbfe1aa1000f90a217ca4695,154.0,20.57,2018-03-01 17:47:31,RJ,25911,SP,5588,1.0482060185185185,11.94701388888889,-11.276678240740742,0,0,on_time,5.0,SP->RJ
b5ed14c14034b74bb0ae1c0427d72304,0e38ebde5475192a209a76a8d5eb1764,delivered,2017-08-23 20:03:28,2017-08-23 20:24:27,2017-08-24 18:20:12,2017-09-01 17:04:13,2017-09-29,1,b4ffb71f0cb1b1c3d63fad021ecf93e1,17.5,17.63,2017-08-31 20:24:27,PE,54800,SP,3880,0.9282870370370372,7.947233796296296,-27.288738425925924,0,0,on_time,5.0,SP->PE
52e6cb31e6d1cc5510759fc66b3a5385,e7b3dbe663e14bafd654231d7ae5c072,delivered,2018-02-21 11:56:46,2018-02-21 12:28:19,2018-02-24 01:44:33,2018-03-10 00:03:29,2018-03-20,1,e5a3438891c0bfdb9394643f95273d8e,20.3,15.1,2018-02-27 12:28:19,PR,85826,SP,13483,2.574849537037037,13.929814814814817,-9.99758101851852,0,0,on_time,5.0,SP->PR
3a0e2e2771b84c2fd7e321c15624517e,b7e8d47a4ce48a612420eca18fa1dfdc,delivered,2017-10-02 05:41:37,2017-10-03 06:33:55,2017-10-04 16:36:02,2017-10-10 22:50:06,2017-10-26,1,9b00ed88b7fdb95d6ff76e27c1b52d16,22.0,15.1,2017-10-09 06:33:55,MG,39403,SP,8215,2.4544560185185187,6.259768518518518,-15.048541666666669,0,0,on_time,5.0,SP->MG
e1bcc5095d07604629d0bce9477d77a9,b9ed68da40fa3b4f5df462ef5b3438a6,delivered,2018-03-27 10:24:28,2018-03-27 10:35:27,2018-03-28 22:34:32,2018-04-02 13:36:43,2018-04-12,1,b566ab0ef88016e00422755e305103c6,195.0,29.95,2018-04-02 10:35:27,SP,13904,MG,37640,1.5069907407407408,4.626516203703703,-9.432835648148147,0,0,on_time,5.0,MG->SP
b37e66984bc386101154f129feee1830,beb3b8c698621119108ad626f35185a6,delivered,2017-12-22 21:05:10,2017-12-22 21:12:31,2017-12-28 18:53:45,2018-01-08 16:29:12,2018-01-12,1,da8622b14eb17ae2831f4ac5b9dab84a,134.9,12.65,2017-12-29 21:12:31,SP,13214,SP,13405,5.908738425925926,10.899618055555557,-3.313055555555556,0,0,on_time,4.0,SP->SP
3f3f8127c7e0537f9f74550f3504f93d,bee149e10d51ea292fb297cbd35414a7,delivered,2018-06-30 09:51:07,2018-07-05 16:17:17,2018-07-03 14:51:00,2018-07-09 11:36:54,2018-07-20,1,2a84855fd20af891be03bc5924d2b453,35.9,15.32,2018-07-05 05:31:26,MG,36972,MG,30111,3.208252314814815,5.865208333333333,-10.516041666666666,0,0,on_time,4.0,MG->MG
b354e00a3502421985f7e167ea7d71e7,ad2f21cae206064271be5d1b8d4847b4,delivered,2017-09-17 22:31:03,2017-09-17 23:20:40,2017-09-19 21:03:15,2017-09-21 21:33:06,2017-09-28,1,2e1c9f22be269ef4643f826c9e650a52,27.49,7.78,2017-09-21 23:20:40,SP,11030,SP,4850,1.9390277777777776,2.0207291666666665,-6.102013888888889,0,0,on_time,5.0,SP->SP
9839e5fe0b943a8fc98862b6e4e88b1e,955e5e01b663821b073ce24543a5c50d,delivered,2017-11-29 14:32:51,2017-11-29 14:58:19,2017-11-30 21:32:03,2017-12-12 19:07:56,2017-12-26,1,54a1852d1b8f10312c55e906355666ee,28.99,15.1,2017-12-05 14:58:19,SC,89260,SP,13456,1.291111111111111,11.899918981481482,-13.202824074074076,0,0,on_time,5.0,SP->SC
d43470a53ea038b249664f2b6b7e48d1,1da26cb23f428136c4e46eba7ed28dff,delivered,2017-03-07 21:16:46,2017-03-07 21:25:16,2017-03-08 15:03:20,2017-03-18 09:13:46,2017-03-30,1,aba1721a889e04decc910aa13b768ef4,149.0,16.74,2017-03-13 21:25:16,RS,92030,SP,5729,0.7406712962962962,9.75724537037037,-11.615439814814817,0,0,on_time,5.0,SP->RS
71932b1adae11f63e4a454bb85d4235a,bcf86029aeed4ed8bac0e16eb14c22f5,delivered,2017-04-21 22:16:56,2017-04-21 22:25:14,2017-04-25 15:01:02,2017-05-16 10:47:59,2017-05-11,1,8f119a0aee85c0c8fc534629734e94fd,54.9,10.99,2017-04-26 22:25:14,SP,11547,SP,6440,3.697291666666666,20.824270833333333,5.449988425925926,1,0,carrier,1.0,SP->SP
862ec83f2ebeb547ccece5ad0f8d6332,7794a175e2771699e4dd7b1e141451e0,delivered,2018-08-10 12:24:44,2018-08-11 04:35:17,2018-08-13 15:10:00,2018-08-17 14:28:48,2018-08-27,1,d2374cbcbb3ca4ab1086534108cc3ab7,35.9,19.44,2018-08-16 04:35:17,MG,31920,SP,14940,3.1147685185185185,3.971388888888889,-9.396666666666668,0,0,on_time,1.0,SP->MG
87e83011a777a162b7aed42805bdd778,8a0328c1725d500d478f883180394253,delivered,2017-05-30 12:28:49,2017-05-31 13:08:19,2017-06-01 14:00:34,2017-06-08 07:18:30,2017-06-22,1,0c8380b62e38e8a1e6adbeba7eb9688c,99.9,17.95,2017-06-06 12:31:41,RJ,22710,MG,37410,2.063715277777778,6.720787037037037,-13.69548611111111,0,0,on_time,5.0,MG->RJ
1644056a29868cbba3251a81fae0e1f8,514d245478527fb1e8d46343998eb125,delivered,2017-04-28 23:04:22,2017-04-28 23:15:19,2017-05-02 09:34:43,2017-05-24 14:21:28,2017-05-22,1,f8db351d8c4c4c22c6835c19a46f01b0,129.9,14.68,2017-05-04 23:15:19,SP,8120,SP,13324,3.4377430555555555,22.19913194444445,2.598240740740741,1,0,carrier,2.0,SP->SP
6189844031702fdf168d8194d504bc0b,09321f51c8b1b174dac932353c44a386,delivered,2018-04-27 01:19:40,2018-04-27 01:31:26,2018-04-27 13:38:00,2018-05-04 18:47:50,2018-05-24,1,562fc2f2c2863ab7e79a9e4388a58a14,19.99,18.23,2018-05-04 01:31:13,MG,36280,SP,13070,0.5127314814814815,7.215162037037037,-19.216782407407408,0,0,on_time,5.0,SP->MG
d7d3b787cc498b66c8bdbade64d9fa98,351123eeaba93a8a1d45b42c188d6eee,delivered,2018-03-01 17:16:50,2018-03-03 02:50:50,2018-03-05 22:28:29,2018-03-07 18:06:00,2018-03-14,1,4830e40640734fc1c52cd21127c341d4,39.0,9.34,2018-03-09 02:50:50,SP,1329,SP,3573,4.216423611111111,1.8177199074074075,-6.245833333333334,0,0,on_time,5.0,SP->SP
881a958cb19a9f7d316cec8af42685b2,98b139cb66bbb2eb92119b5ce3d42fa0,delivered,2018-01-24 17:17:05,2018-01-24 17:33:00,2018-01-26 19:25:47,2018-01-29 23:33:55,2018-02-08,1,25e6ffe976bd75618accfe16cefcbd0d,35.0,7.78,2018-01-30 17:32:02,SP,5729,SP,5503,2.089375,3.172314814814815,-9.018113425925923,0,0,on_time,5.0,SP->SP
27de05cb2f75e456b01b2bab56fd8844,fb47721204e8a34767aee552bebf77c1,delivered,2018-02-24 19:17:22,2018-02-24 19:27:19,2018-02-26 21:05:49,2018-03-26 21:42:21,2018-03-27,1,d650b663c3b5f6fb392b6326366efa9a,179.0,26.53,2018-03-01 19:27:19,CE,62815,SP,6713,2.0753125,28.02537037037037,-0.0955902777777777,0,0,on_time,2.0,SP->CE
f4044d3433dd6aa1337504bd223baa5e,0126e712caf48d6cf32ffbdce563d2c3,delivered,2018-08-17 09:26:48,2018-08-17 09:50:13,2018-08-17 15:46:00,2018-08-24 19:21:16,2018-09-03,1,6b243f80ed07b10f0e8aa0f21a205f3c,64.9,15.55,2018-08-21 09:49:43,SP,6406,PR,81825,0.2633333333333333,7.149490740740741,-9.193564814814817,0,0,on_time,4.0,PR->SP
a5a854651cfe0d8da9f1669266fd4063,d9cb8278a776ac48ff885e81a08e93d7,delivered,2018-05-06 17:45:59,2018-05-07 22:52:27,2018-05-08 13:58:00,2018-05-15 02:38:43,2018-05-29,1,1900267e848ceeba8fa32d80c1a5f5a8,81.98,19.2,2018-05-13 22:52:27,SP,11030,SP,14940,1.8416782407407408,6.528275462962963,-13.889780092592591,0,0,on_time,1.0,SP->SP
4316bb50be3f59538c354e3d820f1d9c,53d0d57a831ac8e59163b26f673c286b,delivered,2017-11-08 16:45:13,2017-11-08 17:30:51,2017-11-09 23:18:37,2017-11-29 23:15:51,2017-12-04,1,53243585a1d6dc2643021fd1853d8905,289.0,16.77,2017-11-14 16:55:56,SE,49190,BA,42738,1.2731944444444443,19.998078703703705,-4.030659722222223,0,0,on_time,3.0,BA->SE
0f803d75772c7ca391ad07aafd23941c,d408c8549324876584c1b007d3ab9483,delivered,2017-08-23 23:11:25,2017-08-25 03:05:11,2017-08-31 19:32:29,2017-09-11 20:20:05,2017-09-27,1,37515688008a7a40ac93e3b2e4ab203f,19.9,25.63,2017-08-31 03:05:11,PE,50790,SP,17900,7.847962962962963,11.033055555555556,-15.152719907407407,0,1,on_time,4.0,SP->PE
2e2a0af256d902ab2e816447f6f531be,f4219f4850ab92e0b8dd6644f2c71219,delivered,2018-03-27 15:51:01,2018-03-29 03:10:19,2018-03-29 19:58:57,2018-04-10 22:19:16,2018-04-24,1,522620dcb18a6b31cd7bdf73665113a9,159.0,34.65,2018-04-09 03:10:19,SP,5428,PR,85801,2.172175925925926,12.097442129629629,-13.069953703703703,0,0,on_time,3.0,PR->SP
0f7f0f5f679b32fd80e1535ca33a7c30,542225aee88bf09fe21f73ffe2fd9bff,delivered,2018-01-29 01:05:19,2018-01-29 02:10:36,2018-02-02 00:46:34,2018-02-16 00:03:24,2018-03-09,1,53e4c6e0f4312d4d2107a8c9cddf45cd,85.71,16.85,2018-02-02 02:10:36,RS,90810,SP,13920,3.9869791666666665,13.970023148148147,-20.99763888888889,0,0,on_time,4.0,SP->RS
69302450678de30da931f0e8fd5a436e,bfd60c18d33201661d6e6e6030b0b43e,delivered,2018-01-02 12:52:36,2018-01-03 12:47:11,2018-01-04 15:59:04,2018-01-19 19:52:48,2018-02-01,1,9a03a4e9eb0b947652fae4f6121a3f5e,150.0,15.8,2018-01-09 12:47:11,RJ,24230,SP,15805,2.129490740740741,15.162314814814817,-12.171666666666669,0,0,on_time,5.0,SP->RJ
0d2f476fd2a5f059f8b4e36bc04d54ac,82c0faf1ab5df1c5e611354c4ebb2e67,delivered,2018-04-29 16:02:44,2018-04-29 16:15:27,2018-05-02 13:34:00,2018-05-26 18:12:42,2018-05-22,1,a44fb5a447105f8469bdf16bf9159f25,39.9,20.4,2018-05-04 16:15:27,ES,29106,RS,91920,2.896712962962963,24.19354166666667,4.758819444444445,1,0,carrier,1.0,RS->ES
10a4af81f471c29f5f5d3864e3c8dfab,4bd306eb40db1bbd39f4ee8531a983fc,delivered,2018-01-12 16:34:27,2018-01-12 16:50:24,2018-01-15 17:49:14,2018-01-25 21:59:02,2018-02-14,1,751bdc4d83a466c7206cd42e8f426b03,25.99,17.63,2018-01-18 16:50:24,PE,51030,SP,9405,3.0519328703703703,10.17347222222222,-19.08400462962963,0,0,on_time,5.0,SP->PE
9e59d7a05399ce3b14328231dcf4bab8,5a48aef534e60b444f54a22e2afabc6a,delivered,2017-12-26 11:05:58,2017-12-26 11:15:23,2017-12-26 18:19:05,2018-01-09 11:34:30,2018-01-29,1,b4ffb71f0cb1b1c3d63fad021ecf93e1,17.5,15.1,2018-01-04 11:15:23,RJ,28460,SP,3880,0.300775462962963,13.719039351851851,-19.51770833333333,0,0,on_time,4.0,SP->RJ
310adadfb2b68c5607467e7f7f419491,90038e42991bf6afe44726e2354976b8,delivered,2017-11-24 15:05:30,2017-11-24 17:20:32,2017-11-27 23:18:54,2017-12-05 17:14:50,2017-12-26,1,dbc22125167c298ef99da25668e1011f,48.9,19.59,2017-11-30 17:20:32,PR,85795,MG,37564,3.3426388888888887,7.747175925925926,-20.28136574074074,0,0,on_time,5.0,MG->PR
adc792b07aa3cea4f62946c3c00c6274,26d9f7a0be92fddf04d1db3e581ab46d,delivered,2018-03-12 04:16:34,2018-03-12 05:28:52,2018-03-13 15:59:45,2018-03-19 16:08:44,2018-03-28,1,66922902710d126a0e7d26b0e3805106,95.0,18.25,2018-03-16 04:31:09,SP,9260,MG,31842,1.4883217592592592,6.006238425925926,-8.327268518518519,0,0,on_time,4.0,MG->SP
5be8d3fecf2b8d50b2fa90ada4badda8,7ada29808f684c55d096c624b1118e65,delivered,2018-02-22 09:20:17,2018-02-22 09:35:35,2018-02-23 18:42:00,2018-03-08 21:13:27,2018-03-19,1,77530e9772f57a62c906e1c21538ab82,125.0,17.44,2018-02-28 09:30:55,MG,34006,PR,80310,1.3900810185185186,13.10517361111111,-10.115659722222222,0,0,on_time,4.0,PR->MG
f817d900e054fb4fbebf7b7a3c2bdb1d,0fedbfc0e3ef4293dd80925871a788a7,delivered,2017-10-27 16:04:24,2017-10-27 16:31:24,2017-10-30 20:24:36,2017-11-09 18:39:03,2017-11-23,1,cc419e0650a3c5ba77189a1882b7556a,23.99,14.1,2017-11-08 16:15:19,ES,29102,SP,9015,3.1806944444444443,9.926701388888889,-13.222881944444444,0,0,on_time,5.0,SP->ES
ee12a50463df80c62439cca9feb9f971,cba8ac673c3f5b4fe32ab4b08f01e08f,delivered,2017-02-01 14:38:41,2017-02-01 14:55:08,2017-02-03 10:42:40,2017-02-07 11:27:32,2017-03-06,1,b4ffb71f0cb1b1c3d63fad021ecf93e1,32.0,8.72,2017-02-08 14:38:41,SP,1230,SP,3880,1.836099537037037,4.031157407407408,-26.522546296296294,0,0,on_time,5.0,SP->SP
d5a0359c9a84924aa4c85244ff60c1ef,fc46397b7ae78215cb3115edf8cef3b5,delivered,2017-05-01 19:42:01,2017-05-03 11:10:26,2017-05-05 12:46:15,2017-05-12 18:34:47,2017-05-23,1,1127b7f2594683f2510f1c2c834a486b,14.46,10.96,2017-05-09 11:10:26,SP,2423,SP,13087,3.711273148148148,7.242037037037037,-10.225844907407408,0,0,on_time,4.0,SP->SP
e0b6e95c36638b633c19b0aa5ce47516,7dcdad5d0fa6c24c72a9723226e3eff4,delivered,2017-12-11 12:17:03,2017-12-11 12:31:01,2017-12-13 01:13:26,2017-12-22 22:59:45,2018-01-08,1,c864036feaab8c1659f65ea4faebe1da,149.9,21.89,2017-12-15 12:31:01,SP,9770,PR,83605,1.5391550925925923,9.907164351851852,-16.041840277777776,0,0,on_time,5.0,PR->SP
64cfbc6d10f3a5091889f0fab6233167,3cabcdcf200795a34aea30893f5210c8,delivered,2018-02-20 13:14:39,2018-02-20 13:28:07,2018-02-24 03:44:55,2018-02-27 00:59:01,2018-03-06,1,ea8482cd71df3c1969d7b9473ff13abc,27.99,7.78,2018-02-26 13:28:07,SP,5724,SP,4160,3.604351851851852,2.884791666666666,-6.959016203703704,0,0,on_time,4.0,SP->SP
38368e3cc7bcd7d57d5a815dc677b3e6,0913ac980f0f28243abd5b783ad27cd6,delivered,2018-03-21 07:09:18,2018-03-21 07:30:22,2018-03-22 15:05:30,2018-04-03 16:58:49,2018-04-16,1,a5cba26a62b8b4d0145b68b841e62e7f,299.0,15.21,2018-03-27 07:30:22,SP,18087,PR,87303,1.3306944444444444,12.07869212962963,-12.292488425925926,0,0,on_time,5.0,PR->SP
9b7fd5b0ef330dcbbb6397e5971faeec,4442f152efb5f70fd55dcd6267d1afa4,delivered,2017-05-17 15:48:44,2017-05-17 16:15:16,2017-05-18 13:30:39,2017-05-29 15:18:32,2017-06-08,1,e2aee0892199b1d92530e371abd825bf,39.0,15.1,2017-05-23 16:15:16,SP,13604,PR,86600,0.9041087962962964,11.07491898148148,-9.36212962962963,0,0,on_time,1.0,PR->SP
c5e06e750cf18e0c0a71e1d5ae97f749,2ecbbe6d957d18f3ea50549bf5569e39,delivered,2018-04-26 21:52:30,2018-04-26 22:11:12,2018-04-27 12:08:00,2018-05-03 19:09:08,2018-05-23,1,1b4c3a6f53068f0b6944d2d005c9fc89,159.49,27.59,2018-05-03 22:11:12,MG,36204,SC,88730,0.5940972222222223,6.292453703703703,-19.20199074074074,0,0,on_time,5.0,SC->MG
a96cff07025408618e8a121b1ba3273a,f2e32479d9ca95098b58d56ab1e41901,delivered,2018-05-30 15:04:45,2018-05-31 03:15:26,2018-06-04 15:13:00,2018-06-05 19:07:31,2018-06-25,1,2745f798279e0ed033addcc1474776d7,25.6,7.39,2018-06-08 03:15:26,SP,13457,SP,3106,5.005729166666667,1.1628587962962964,-19.203113425925928,0,0,on_time,,SP->SP
699d4a05ee53f6603330b248226c6fdc,95eb0667cd630efb5b9b8d31cd52450e,delivered,2017-03-28 13:13:45,2017-03-28 13:25:18,2017-04-05 16:33:21,2017-04-11 14:35:44,2017-05-02,1,a7f13822ceb966b076af67121f87b063,99.96,21.01,2017-04-06 13:25:18,SP,14062,SP,8577,8.13861111111111,5.91832175925926,-20.39185185185185,0,0,on_time,1.0,SP->SP
dabe75dc242585e529fea2c265e70da3,77a0b2c7a3ad71cf37e7e006c8cf2d24,delivered,2017-07-05 21:06:33,2017-07-06 16:55:14,2017-07-07 18:04:00,2017-07-14 17:07:32,2017-07-31,1,86ccac0b835037332a596a33b6949ee1,66.89,19.71,2017-07-12 16:55:14,RJ,20240,SC,89041,1.8732291666666667,6.960787037037037,-16.286435185185184,0,0,on_time,5.0,SC->RJ
9c47dc2d2e34ad6997e0a361c21ee9f9,9f8e23f657ad77d3dc2139be3941a58c,delivered,2017-09-22 10:53:32,2017-09-23 02:25:04,2017-09-27 18:57:47,2017-10-02 18:25:25,2017-10-17,1,1da3aeb70d7989d1e6d9b0e887f97c23,44.99,15.11,2017-09-28 02:25:04,MG,31035,SP,4265,5.336284722222223,4.977523148148149,-14.232349537037036,0,0,on_time,5.0,SP->MG
2fb41f7fd5712215690c4c8a37fdefc5,a65c7113cc2483029fc52ce8c6af46cf,delivered,2017-08-28 23:01:59,2017-08-28 23:15:18,2017-08-29 19:48:00,2017-09-04 16:05:34,2017-09-15,1,ce27a3cc3c8cc1ea79d11e561e9bebb6,129.9,14.66,2017-09-04 23:15:18,RJ,20081,SP,3006,0.8652893518518519,5.845532407407408,-10.329467592592591,0,0,on_time,,SP->RJ
5ea857730c2e2b2c0eb0cf640d586126,06212d81da710ff1cc3a5dd1afaea410,delivered,2018-03-20 16:24:22,2018-03-21 07:08:14,2018-03-22 19:34:51,2018-03-23 22:33:45,2018-04-16,1,d91fb3b7d041e83b64a00a3edfb37e4f,157.5,9.4,2018-03-27 07:08:14,SP,13401,SP,11704,2.1322800925925924,1.1242361111111112,-23.05989583333333,0,0,on_time,5.0,SP->SP
f0d0b94bec48f0f61bfe9ff4cfc97662,c2b80e257177ffb559e4d99dd5d06d54,delivered,2017-09-08 08:25:13,2017-09-12 04:45:07,2017-09-12 15:35:08,2017-09-19 22:42:25,2017-10-04,1,a1043bafd471dff536d0c462352beb48,159.99,40.45,2017-09-18 04:45:07,RJ,24800,MG,37175,4.29855324074074,7.296724537037037,-14.053877314814814,0,0,on_time,5.0,MG->RJ
206f333916267029d74feda364a2e31a,e40110f034ca7e6eceb06342d37a011b,delivered,2018-01-02 21:42:46,2018-01-02 21:50:27,2018-01-03 15:59:10,2018-01-26 16:29:17,2018-02-05,1,7ddcbb64b5bc1ef36ca8c151f6ec77df,166.99,27.49,2018-01-08 21:50:27,RJ,28396,SP,4403,0.7613888888888889,23.02091435185185,-9.312997685185184,0,0,on_time,5.0,SP->RJ
64220eaa18136b28efa65c5af7519c3f,5db44937067cac636a6eb65f1a911379,delivered,2017-12-19 23:19:56,2017-12-20 00:32:49,2017-12-22 22:08:08,2017-12-29 17:38:15,2018-01-24,1,53e4c6e0f4312d4d2107a8c9cddf45cd,131.0,45.38,2017-12-27 00:31:53,MG,35501,SP,13920,2.950138888888889,6.812581018518519,-25.265104166666667,0,0,on_time,3.0,SP->MG
6108ae9acd8ee0ffd527598b9ebc6acc,3451f0abea3bb822681b0220a5ea0965,delivered,2017-05-23 19:19:31,2017-05-23 19:35:11,2017-05-29 09:04:00,2017-05-31 16:09:34,2017-06-05,1,92eb0f42c21942b6552362b9b114707d,13.98,7.78,2017-05-29 19:35:11,SP,11704,SP,3504,5.57255787037037,2.2955324074074075,-4.326689814814815,0,0,on_time,5.0,SP->SP
d579a51c897e8a3467e71e4db5a88b29,d68203296f0f13f31f3c07d186746360,delivered,2018-06-30 14:24:12,2018-06-30 14:50:07,2018-07-03 14:36:00,2018-07-12 15:06:38,2018-07-31,1,4b9750c8ad28220fe6702d4ecb7c898f,134.9,24.09,2018-07-04 14:50:07,MT,78552,SP,13484,3.0081944444444444,9.021273148148149,-18.37039351851852,0,0,on_time,5.0,SP->MT
711bc4b2d17a37baad63799a2ce92de1,f1c39bf34c1d3f9bfdff418c6399418a,delivered,2018-06-19 14:26:45,2018-06-21 03:17:52,2018-06-22 14:15:00,2018-06-29 23:47:57,2018-07-19,1,fe2032dab1a61af8794248c8196565c9,319.0,18.42,2018-06-26 03:17:52,RS,90450,SP,13030,2.991840277777778,7.397881944444444,-19.008368055555557,0,0,on_time,5.0,SP->RS
43c1be92476a64a1b407df92c9a8c903,7ec1ad452ada8f78aaf18022c32ee61a,delivered,2017-08-19 01:13:11,2017-08-19 01:44:29,2017-08-22 17:53:56,2017-08-29 17:23:39,2017-09-11,1,4869f7a5dfa277a7dca6462dcf3b52b2,159.9,12.62,2017-08-24 01:44:29,SP,15900,SP,14840,3.694965277777778,6.978969907407407,-12.275243055555556,0,0,on_time,3.0,SP->SP
cf38c31c188359d5573787afd3004356,7cae46765ea9901232b5d7971ada3524,delivered,2018-08-22 16:51:32,2018-08-22 17:04:38,2018-08-23 11:05:00,2018-08-24 18:58:33,2018-08-28,1,f181738b150df1f37cb0bd72e705b193,219.0,39.7,2018-08-24 17:04:38,SP,1403,SP,6317,0.7593518518518518,1.328854166666667,-3.2093402777777778,0,0,on_time,5.0,SP->SP
2aebac0660127ed64f4d59d0498ea5a9,3eaa6696002bcff117ae99cadb54e7c3,delivered,2018-05-16 10:18:49,2018-05-16 10:37:38,2018-05-16 13:50:00,2018-06-05 20:07:47,2018-06-07,1,4830e40640734fc1c52cd21127c341d4,50.0,20.4,2018-05-18 10:31:53,PE,52070,SP,3573,0.1466550925925926,20.26234953703704,-1.1612615740740742,0,0,on_time,5.0,SP->PE
03f2f876bfee9ea9a502ec0d8a664e4c,b31e3de2a253154bdd28a4f1f252b1ed,delivered,2017-11-29 19:35:55,2017-11-29 19:57:15,2017-11-30 18:04:14,2017-12-01 15:34:41,2017-12-15,1,da8622b14eb17ae2831f4ac5b9dab84a,159.8,19.54,2017-12-05 19:57:15,SP,1035,SP,13405,0.9363310185185184,0.8961458333333333,-13.350914351851852,0,0,on_time,1.0,SP->SP
d692f0481bd794d936f4dd5bc15b461f,c89b7f5621fd31116496f32f0090687e,delivered,2018-04-02 15:14:35,2018-04-04 03:09:00,2018-04-04 21:33:05,2018-04-11 23:12:21,2018-04-23,1,4d6d651bd7684af3fffabd5f08d12e5a,119.9,35.97,2018-04-10 03:09:00,MG,38400,SP,17209,2.2628472222222222,7.068935185185185,-11.033090277777776,0,0,on_time,5.0,SP->MG
d3baa30209aa87ddd816648e62d16cc4,808e72d7990fc975be7df4ce5dbed165,delivered,2018-03-30 13:10:11,2018-03-30 13:27:06,2018-04-03 18:32:44,2018-04-10 19:34:51,2018-04-24,1,955fee9216a65b617aa5c0531780ce60,150.0,17.02,2018-04-05 13:27:06,RJ,26173,SP,4782,4.223993055555556,7.043136574074074,-13.184131944444443,0,0,on_time,5.0,SP->RJ
ac51a8c8ea39e6dfa53f10bdc73d531d,6ff9c87680f0e8fbd38b2123af66138e,delivered,2018-04-02 07:19:11,2018-04-03 07:15:17,2018-04-03 18:28:34,2018-04-17 18:19:38,2018-04-30,1,1da3aeb70d7989d1e6d9b0e887f97c23,71.96,148.16,2018-04-09 07:15:17,PE,56280,SP,4265,1.4648495370370371,13.993796296296296,-12.23636574074074,0,0,on_time,4.0,SP->PE
a8e1abe16c229e9634213a4c3fbe8cd7,ce11232370d1f9997a7683d55f09fa41,delivered,2017-10-25 18:04:40,2017-10-26 18:31:27,2017-10-27 19:23:02,2017-11-06 23:12:10,2017-11-16,1,a3dd39f583bc80bd8c5901c95878921e,215.56,26.06,2017-11-01 18:10:21,SP,8545,BA,41342,2.0544212962962964,10.15912037037037,-9.033217592592592,0,0,on_time,5.0,BA->SP
143d00a4f2dde4e0364ee1821577adb3,322162b5ca010c2b059cb5224dd818b1,delivered,2018-08-03 08:55:50,2018-08-03 09:31:42,2018-08-03 11:48:00,2018-08-06 15:14:32,2018-08-08,1,c510bc1718f0f2961eaa42a23330681a,112.3,9.54,2018-08-07 09:10:13,SP,2018,SP,13330,0.1195601851851851,3.143425925925926,-1.3649074074074077,0,0,on_time,1.0,SP->SP
3d7a0606016fe5d209e5224ffe77f7cc,fe2edb873d4b148dbddecf2946491360,delivered,2018-02-14 17:11:41,2018-02-14 17:28:07,2018-02-16 17:48:32,2018-02-21 21:49:06,2018-03-07,1,02c988090b766852e088c69d7fb3b551,34.9,11.85,2018-02-20 16:28:07,SP,8900,SP,13473,2.025590277777778,5.167060185185186,-13.090902777777778,0,0,on_time,5.0,SP->SP
18edb9e5b61f525f0da899c852534893,0d475ec1ce439eb41eef87f144b30d3f,delivered,2017-08-29 00:12:32,2017-08-30 02:16:14,2017-09-05 20:02:54,2017-09-06 18:13:22,2017-09-13,1,a37c340b91cb0169e8b029db6440fba2,69.0,11.73,2017-09-08 02:16:14,SP,7082,SP,4424,7.826643518518519,0.9239351851851852,-6.240717592592593,0,0,on_time,5.0,SP->SP
a2e13e9b62a2a53c4f78d2af3707155e,b80a48a21fb2c1e74bc47b6b370610c0,delivered,2017-07-02 21:45:49,2017-07-04 04:55:12,2017-07-05 13:27:52,2017-07-13 20:57:35,2017-07-31,1,37be5a7c751166fbc5f8ccba4119e043,205.0,22.27,2017-07-12 04:55:12,ES,29122,SP,4248,2.6542013888888887,8.312303240740741,-17.12667824074074,0,0,on_time,5.0,SP->ES
48655ee6c7085fbfd82ff485d614a4b8,3e4682bda7a65dae44f8ebf2267d9a70,delivered,2018-02-05 19:03:06,2018-02-05 19:15:29,2018-02-07 01:33:17,2018-02-15 19:51:42,2018-03-07,1,3c4e0452bff7a2a788179488d3d77032,239.8,32.56,2018-02-09 19:15:29,MG,31060,PR,83408,1.270960648148148,8.762789351851852,-19.172430555555557,0,0,on_time,5.0,PR->MG
96c85fb240067205674e99425c5df3de,56e72c1aea322da215031c4ec20a23eb,delivered,2018-02-06 16:32:15,2018-02-06 16:51:48,2018-02-28 20:49:12,2018-03-20 01:31:05,2018-03-16,1,6fd52c528dcb38be2eea044946b811f8,129.89,16.67,2018-02-22 15:51:48,RJ,27923,SP,8180,22.1784375,19.19575231481481,4.063252314814815,1,1,seller,1.0,SP->RJ
eae24cebd959a3a88ed60bda0da68196,3ce1824f3f66f5ba84c91f3512d75578,delivered,2018-06-13 19:35:56,2018-06-13 19:59:38,2018-06-14 11:55:00,2018-06-15 17:23:58,2018-06-25,1,f8db351d8c4c4c22c6835c19a46f01b0,104.9,12.46,2018-06-15 19:59:38,SP,4140,SP,13324,0.6799074074074074,1.228449074074074,-9.275023148148149,0,0,on_time,5.0,SP->SP
7a7d2c889e27d93b2005462a8788e168,88927ff4f54b497957d9947e926ec6fe,delivered,2016-10-05 00:32:31,2016-10-06 15:57:05,2016-10-30 14:03:48,2016-10-31 14:03:48,2016-11-25,1,dc8798cbf453b7e0f98745e396cc5616,24.9,10.96,2016-10-10 15:57:05,SP,14166,SP,5455,25.563391203703706,1.0,-24.41402777777778,0,1,on_time,1.0,SP->SP
5c1995c020e0a3b2b23152b3fcfcda76,30ea5c5d1dde9db53e5a0f0a89474f29,delivered,2018-02-25 17:55:09,2018-02-25 18:10:37,2018-02-27 03:17:37,2018-04-04 14:04:16,2018-03-16,1,891071be6ba827b591264c90c2ae8a63,149.99,15.81,2018-03-01 18:10:37,RJ,21211,SP,3872,1.390601851851852,36.4490625,19.586296296296297,1,0,carrier,1.0,SP->RJ
6016370c0d4a0da9c57394f85d9d11d6,6e4dd13384773c090e487c674a47977f,delivered,2017-11-03 13:16:10,2017-11-03 13:30:45,2017-11-06 19:11:53,2017-11-08 22:52:04,2017-11-28,1,cc419e0650a3c5ba77189a1882b7556a,23.99,14.1,2017-11-14 13:30:45,RJ,23093,SP,9015,3.247025462962963,2.1529050925925928,-19.047175925925927,0,0,on_time,5.0,SP->RJ
9511ef1eab4fe876363109171d924930,018a1c3096d2b2bf4a869cc213c03345,delivered,2018-05-23 09:56:51,2018-05-23 10:18:04,2018-06-12 09:14:00,2018-06-13 14:48:40,2018-06-22,1,855668e0971d4dfd7bef1b6a4133b41b,165.0,52.55,2018-06-14 10:18:04,SP,9751,SP,13257,19.97024305555556,1.2324074074074074,-8.38287037037037,0,0,on_time,4.0,SP->SP
0ddd8dbe3b0d08b247e46ff98c1b5f45,61465bf7dcc3dc596693c6ae259c171c,delivered,2018-06-07 14:01:50,2018-06-08 13:16:08,2018-06-11 13:59:00,2018-06-13 19:18:51,2018-06-18,1,bca9230d3bbb4efa51872bf605a2f1ad,24.9,8.29,2018-06-14 13:16:08,SP,11325,SP,4296,3.998032407407408,2.222118055555556,-4.195243055555555,0,0,on_time,5.0,SP->SP
85b7fb0f1d1623de1a0d5dc4c4ca6879,70d8ae25f1409740224a3a7ac9e9c0d2,delivered,2017-07-17 21:15:57,2017-07-17 21:25:13,2017-07-20 20:07:29,2017-07-31 18:21:56,2017-08-08,1,128639473a139ac0f3e5f5ade55873a5,12.9,12.48,2017-07-23 21:25:13,SP,8673,PR,87050,2.9524537037037035,10.926701388888889,-7.234768518518519,0,0,on_time,3.0,PR->SP
be47ea1ee3433ff4f5006ab2c5f9e0a9,edb3e8d308914f62482ddfbdf7b9cce2,delivered,2017-12-13 18:57:12,2017-12-13 19:10:19,2017-12-14 17:27:26,2017-12-16 15:05:56,2018-01-02,1,9f505651f4a6abe901a56cdc21508025,68.99,15.28,2017-12-19 19:10:19,SP,11701,SP,4102,0.937662037037037,1.901736111111111,-16.37087962962963,0,0,on_time,4.0,SP->SP
d6af6233aac78108f824d75f4461fa14,a49305896ffc9fc8d2c9c6efe8bd6439,delivered,2018-07-20 09:18:39,2018-07-20 09:30:13,2018-07-25 14:53:00,2018-07-27 23:51:30,2018-08-09,1,70c27847eca8195c983ed7e798c56743,323.97,47.58,2018-07-30 09:30:13,SP,3124,RJ,20930,5.2321875,2.3739583333333334,-12.005902777777775,0,0,on_time,4.0,RJ->SP
f4e9d675b92bf13778b4caa35ef5a206,f1d7c45979a18e5935d60e64b4dae786,delivered,2018-04-26 17:23:56,2018-04-26 18:09:28,2018-04-27 11:32:00,2018-04-30 21:28:41,2018-05-14,1,b6d44737c043328708f6749c2dbe50bd,85.0,12.5,2018-05-03 18:09:28,SP,3665,SP,9230,0.7556018518518518,3.414363425925926,-13.105081018518518,0,0,on_time,5.0,SP->SP
44ddda99ffdd779ef6dddc13ed804971,766d92701a07c57f2b57f01fe97c4405,delivered,2017-08-16 00:29:38,2017-08-17 03:06:17,2017-08-17 19:07:47,2017-08-22 17:45:15,2017-09-08,1,6560211a19b47992c3666cc44a7e94c0,29.0,14.1,2017-08-23 03:06:17,PR,83322,SP,5849,1.7764930555555556,4.942685185185185,-16.260243055555556,0,0,on_time,4.0,SP->PR
98bffcaf0aacc0569cbe1fbfc94a9639,7c6e199246ed624a0fe923028144eea8,delivered,2017-08-06 13:35:27,2017-08-08 04:04:08,2017-08-09 17:15:37,2017-08-29 19:39:08,2017-08-31,1,4869f7a5dfa277a7dca6462dcf3b52b2,159.9,15.87,2017-08-14 04:04:08,DF,71710,SP,14840,3.1528935185185185,20.099664351851853,-1.1811574074074074,0,0,on_time,2.0,SP->DF
a69fb30a9523caa379e6031fd0c3a4d2,10a91148fa13611b75851e906551f77b,delivered,2018-03-31 15:43:51,2018-03-31 16:27:33,2018-04-03 19:08:46,2018-04-05 21:08:24,2018-04-12,1,2e90cb1677d35cfe24eef47d441b7c87,97.9,11.31,2018-04-05 16:27:33,SP,11310,SP,2285,3.1423032407407407,2.083078703703704,-6.119166666666667,0,0,on_time,5.0,SP->SP
f849a31dd0dcf26a9af068f40ab197a8,1bcc6431fd96901eaa998ac18b687ef2,delivered,2017-04-26 14:48:36,2017-04-26 15:03:09,2017-04-27 09:39:08,2017-05-05 13:07:44,2017-05-17,1,f8db351d8c4c4c22c6835c19a46f01b0,28.9,15.56,2017-05-03 15:03:09,MG,35540,SP,13324,0.7850925925925926,8.144861111111112,-11.452962962962962,0,0,on_time,5.0,SP->MG
1094e838b998a10c8faf3bc0b77906df,7972b72a39b505982dba57710d018ebf,delivered,2017-12-03 14:59:01,2017-12-03 15:10:21,2017-12-06 21:38:32,2017-12-12 16:47:02,2017-12-27,1,d5ba419e26d246a0719437cf37d9b46d,69.5,14.24,2017-12-07 15:10:21,MG,30662,SP,3437,3.277442129629629,5.797569444444444,-14.300671296296295,0,0,on_time,5.0,SP->MG
229c6f4c4900cdfacac89de57227e7cf,9bb66aaab74a7cb0074d00fe363be1e5,delivered,2018-01-17 20:43:27,2018-01-19 16:59:48,2018-01-23 11:18:01,2018-02-05 20:37:08,2018-02-19,1,7178f9f4dd81dcef02f62acdf8151e01,349.9,18.21,2018-01-30 16:59:48,RS,96015,SC,89560,5.607337962962963,13.388275462962962,-13.14087962962963,0,0,on_time,5.0,SC->RS
370c98f5479d81244ca3b921956e0e87,027021c1f6351f20d4e78a9dc829459d,delivered,2017-06-11 12:55:01,2017-06-11 13:08:12,2017-06-12 15:51:13,2017-06-19 21:45:53,2017-07-03,1,0ea22c1cfbdc755f86b9b54b39c16043,34.9,13.37,2017-06-15 13:08:12,MG,36130,MG,35700,1.1223611111111111,7.246296296296296,-13.093136574074077,0,0,on_time,4.0,MG->MG
5959e057083717e6ec6e9d6164142e48,84f47943977206e6e54f4fd202a2ad43,delivered,2018-03-18 15:12:25,2018-03-18 16:55:34,2018-03-19 23:32:06,2018-04-11 15:52:07,2018-04-17,1,bd4889b5e9133b35b66e42a8665cea5c,258.0,147.52,2018-03-26 16:55:34,PB,58407,SP,2963,1.347002314814815,22.68056712962963,-5.3388078703703705,0,0,on_time,5.0,SP->PB
4b918143b2bc5955cca83595afd57833,010dad3dab8189cba58ae1ca11b8cc09,delivered,2018-01-11 17:13:36,2018-01-12 02:34:50,2018-01-12 21:03:15,2018-01-18 00:25:04,2018-02-01,1,218d46b86c1881d022bce9c68a7d4b15,107.0,12.25,2018-01-18 02:34:50,SP,4561,SP,14070,1.1594791666666666,5.140150462962963,-13.982592592592592,0,0,on_time,5.0,SP->SP
aca3b492e82b71863328c4c288861ca2,9be914d71f87403b18d4008de773d816,delivered,2018-02-27 22:35:46,2018-02-27 22:48:15,2018-03-09 22:09:38,2018-03-14 21:06:57,2018-03-27,1,1c68394e931a64f90ea236c5ea590300,144.41,13.14,2018-03-11 22:48:15,SP,2925,PR,87114,9.981851851851852,4.956469907407407,-12.120173611111111,0,0,on_time,3.0,PR->SP
5f5fa984fd9357997a52f936e8c0a08e,36f86f4abe21fa4ef147816fe0f90ef0,delivered,2017-11-24 13:06:07,2017-11-24 15:14:15,2017-11-27 19:22:23,2017-12-03 15:19:00,2017-12-14,1,4a3ca9315b744ce9f8e9374361493884,127.05,24.74,2017-11-30 15:14:15,SP,1309,SP,14940,3.261296296296296,5.830983796296296,-10.361805555555556,0,0,on_time,3.0,SP->SP
3683eb727daa8e1c605aeabd87b02445,e9d097338840a88d7fe49b922e270fa0,delivered,2018-08-05 22:22:50,2018-08-07 04:10:14,2018-08-15 13:06:00,2018-08-16 16:14:31,2018-08-14,1,c31eff8334d6b3047ed34bebd4d62c36,69.99,11.51,2018-08-14 04:10:14,SP,13601,SP,13322,9.613310185185185,1.130914351851852,2.676747685185185,1,1,seller,4.0,SP->SP
75729cd39e546ea4083ab7f3859bb745,aa3e69930a8912ca423373a6b5ac4f56,delivered,2017-02-09 19:33:07,2017-02-09 19:43:13,2017-02-14 13:52:28,2017-02-20 23:57:30,2017-03-16,1,da8622b14eb17ae2831f4ac5b9dab84a,129.0,20.98,2017-02-17 19:33:07,RJ,28230,SP,13405,4.7634375,6.420162037037037,-23.00173611111111,0,0,on_time,5.0,SP->RJ
a6ac4552716d0eff2649af4aa090619c,489311cd5988bbe9fcc2c0bf4276964c,delivered,2018-06-14 21:01:18,2018-06-14 21:21:15,2018-06-18 13:36:00,2018-06-20 15:53:58,2018-07-11,1,bd1d49a326abfa9b1036772e40445430,22.7,13.74,2018-06-20 21:21:15,SP,14808,SP,17017,3.6907638888888887,2.095810185185185,-20.337523148148147,0,0,on_time,5.0,SP->SP
d2b4a4076a8cb3ca3b43a1ee90b4a0e2,b90967a09edc5a1bbb7eff576bb6955b,delivered,2018-06-21 21:02:24,2018-06-21 21:18:17,2018-06-22 13:06:00,2018-06-25 22:28:48,2018-07-04,1,beadbee30901a7f61d031b6b686095ad,35.0,7.51,2018-06-27 21:18:17,SP,1317,SP,7097,0.6691666666666667,3.390833333333333,-8.063333333333333,0,0,on_time,5.0,SP->SP
68f4e47ec61d740cefae31e2f624932b,31a22c96ba8050ae34ea9bd0833e1e99,delivered,2018-08-17 17:20:21,2018-08-17 17:35:45,2018-08-23 14:45:00,2018-08-24 17:38:44,2018-08-31,1,240b9776d844d37535668549a396af32,64.9,11.71,2018-08-29 17:35:15,RJ,20081,RJ,24120,5.892118055555556,1.120648148148148,-6.264768518518519,0,0,on_time,5.0,RJ->RJ
fd0ea050aa7cb8693f02b9176d021a0a,eed8a1ec0be1729660683e943d605df5,delivered,2017-09-08 16:38:17,2017-09-08 17:04:16,2017-09-11 13:13:25,2017-09-18 20:56:51,2017-09-28,1,f44b6f775a2b390380e0e30b5c9d3eee,369.0,47.04,2017-09-14 17:04:16,MG,36772,SP,3057,2.8577314814814816,7.321828703703703,-9.1271875,0,0,on_time,5.0,SP->MG
aeffea2c78ec9b15d6cd7478c9072c07,9711ec758b9270ff19adfc9bec1b4a09,delivered,2018-02-11 16:11:04,2018-02-12 16:10:27,2018-02-14 19:39:55,2018-02-17 02:15:49,2018-03-07,1,0241d4d5d36f10f80c644447315af0bd,99.9,17.18,2018-02-16 16:10:27,PR,86400,PR,80330,3.1450347222222224,2.274930555555556,-17.90568287037037,0,0,on_time,5.0,PR->PR
6b1f68a2d5c9524f453ea9e273baf918,d465b125655487b477f02c1e613f5c80,delivered,2017-09-29 10:43:17,2017-10-03 04:23:50,2017-10-06 20:59:50,2017-10-16 22:34:09,2017-10-26,1,1f50f920176fa81dab994f9023523100,59.9,17.67,2017-10-09 04:23:50,PR,87703,SP,15025,7.428159722222222,10.065497685185186,-9.059618055555555,0,0,on_time,5.0,SP->PR
a589caa6892ceacc6bbf2f8cc30a8ad4,a77486452cbf830a5f60aa0a1362e6af,delivered,2017-08-15 17:32:48,2017-08-15 19:10:22,2017-08-17 17:03:50,2017-08-31 23:34:54,2017-09-21,1,c3cfdc648177fdbbbb35635a37472c53,109.9,30.3,2017-08-23 19:10:22,AL,57030,PR,80610,1.9798842592592591,14.271574074074074,-20.01743055555556,0,0,on_time,5.0,PR->AL
7a3dbfe3daed55f0b5f34c4f9e73940a,d58d9b632ba93e5f55f80feef49b0d94,delivered,2018-01-07 22:08:45,2018-01-07 22:15:30,2018-01-09 14:37:13,2018-01-19 03:16:54,2018-02-01,1,04e38a233f726ef161074ab1c9b0399a,23.9,15.11,2018-01-11 22:15:30,ES,29101,SP,1239,1.686435185185185,9.527557870370371,-12.86326388888889,0,0,on_time,4.0,SP->ES
f2b12679297e36967f32d0f6d776a23c,dac424b7c982443e0d3b8b901b806e3e,delivered,2018-05-09 12:03:11,2018-05-11 02:57:51,2018-05-11 14:08:00,2018-05-17 14:51:13,2018-05-28,1,cea729054f157f5870bdd321a958d994,95.8,25.58,2018-05-18 02:57:51,SP,17012,SP,3161,2.0866782407407407,6.0300115740740745,-10.381099537037038,0,0,on_time,5.0,SP->SP
f82746601c1969d00d63e14a786f322d,054ab203cd9764221a28a41cce1e8cd0,delivered,2018-08-20 17:16:49,2018-08-20 17:30:24,2018-08-21 13:59:00,2018-08-29 19:06:50,2018-09-04,1,51e4e89242cbb846c2deff3dc015650e,27.9,22.13,2018-08-22 17:30:24,MG,33015,RS,96203,0.8626273148148148,8.213773148148148,-5.203587962962963,0,0,on_time,5.0,RS->MG
ca67b029ed798e97aaf9397c40fef499,cc0a94119a98f1c84c85dbcfc346a3d9,delivered,2017-03-21 10:04:46,2017-03-21 10:04:46,2017-03-23 15:26:51,2017-03-30 14:23:28,2017-04-07,1,440dd6ab244315c632130ecfb63827b1,159.9,13.7,2017-03-27 10:04:46,SP,6713,SP,15502,2.2236689814814814,6.955983796296296,-7.40037037037037,0,0,on_time,5.0,SP->SP
73689c18cffbd61ae75e2983453b4689,7d95f28e19204d8967a228cd7ea11896,delivered,2017-05-01 08:58:52,2017-05-01 09:10:16,2017-05-02 13:12:56,2017-05-05 13:07:45,2017-05-24,1,fe2032dab1a61af8794248c8196565c9,149.9,11.66,2017-05-08 09:10:16,SP,17240,SP,13030,1.176435185185185,2.996400462962963,-18.452951388888888,0,0,on_time,5.0,SP->SP
bdad3d80ef54495a3c2d7c620752ddfd,9b97e240c29d2750738438d1e147daa7,delivered,2017-12-28 13:47:30,2017-12-28 13:55:30,2017-12-29 20:53:30,2018-01-09 19:24:46,2018-01-26,1,4d6d651bd7684af3fffabd5f08d12e5a,69.9,20.98,2018-01-04 13:55:30,MG,31570,SP,17209,1.2958333333333334,10.93837962962963,-16.191134259259258,0,0,on_time,5.0,SP->MG
48b20e2450ca3aafee885610dadf7f1f,778cff46897ef1ea3369ce789960b2c3,delivered,2017-08-08 17:45:00,2017-08-10 03:25:33,2017-08-10 18:57:29,2017-08-16 20:37:56,2017-08-30,1,7a67c85e85bb2ce8582c35f2203ad736,129.99,17.16,2017-08-16 03:25:33,MG,33600,SP,3426,2.050335648148148,6.069756944444444,-13.140324074074076,0,0,on_time,5.0,SP->MG
86dda1172108d1601101914c45b51699,c1e431000b601bb3652ed7f5be537ee3,delivered,2018-07-12 20:52:09,2018-07-13 19:45:13,2018-07-16 14:47:00,2018-07-26 20:32:11,2018-08-03,1,d650b663c3b5f6fb392b6326366efa9a,699.0,23.8,2018-07-18 19:45:13,CE,60732,SP,6713,3.746423611111111,10.239710648148147,-7.14431712962963,0,0,on_time,5.0,SP->CE
e964a325e20b6ce062b81b14b63675b9,eea3a5be72d5a1d6d87f06152f2d2bee,delivered,2017-11-29 13:22:03,2017-11-29 13:37:13,2017-11-30 19:22:42,2017-12-12 23:56:40,2017-12-26,1,2528513dd95219a6013d4d05176e391a,199.0,17.64,2017-12-05 13:37:13,RJ,25938,SP,6060,1.2504513888888888,12.19025462962963,-13.002314814814817,0,0,on_time,3.0,SP->RJ
2d28ab17a7a4eaa06618d69734143c37,b36f616ae55697e9d2308a4433a03f91,delivered,2018-03-20 13:40:34,2018-03-20 13:50:36,2018-03-21 19:06:34,2018-03-23 14:41:30,2018-04-02,1,8b321bb669392f5163d04c59e235e066,24.5,14.78,2018-03-26 13:50:36,SP,4195,SP,1212,1.226388888888889,1.815925925925926,-9.387847222222222,0,0,on_time,5.0,SP->SP
e4dedbcf41b39d53b8ac735d22ce670c,cbd56f1f7c2f1d3c0adcdddce4a4bd42,delivered,2017-10-12 09:34:58,2017-10-14 18:33:51,2017-10-20 19:58:10,2017-10-25 19:55:18,2017-10-31,1,37515688008a7a40ac93e3b2e4ab203f,19.9,11.85,2017-10-19 19:33:51,SP,6722,SP,17900,8.432777777777778,4.998009259259259,-5.169930555555555,0,1,on_time,5.0,SP->SP
c4f3f1fa5eadd2ee5d28be9bb77361bf,f7d7d5f594784d2844469aefcc6d53ff,delivered,2017-12-04 10:01:04,2017-12-05 11:25:04,2017-12-07 14:14:28,2017-12-13 01:18:29,2017-12-20,1,dbd66278cbfe1aa1000f90a217ca4695,29.0,8.72,2017-12-11 11:25:04,SP,13426,SP,5588,3.175972222222222,5.4611226851851855,-6.9454976851851855,0,0,on_time,5.0,SP->SP
4b26d2fce6fdc2f2a9f87c7cb05226ef,ba24be7f82de71a9ad1d254ff5198815,delivered,2018-05-24 11:29:05,2018-05-26 02:18:34,2018-05-28 12:24:00,2018-06-09 15:58:42,2018-06-25,1,72c5da29406b4234927b81855e7b64f6,299.99,23.18,2018-05-31 02:18:34,MG,33913,SP,7077,4.038136574074074,12.149097222222222,-15.33423611111111,0,0,on_time,5.0,SP->MG
ff5bf12997a3e2a32981ad70369bd708,8da8749f70c2d4c05bba24dfddb47065,delivered,2018-04-24 11:15:07,2018-04-25 03:30:15,2018-05-02 15:20:00,2018-05-10 16:04:33,2018-05-22,1,213b25e6f54661939f11710a6fddb871,113.85,23.38,2018-05-02 03:30:15,MG,35650,SP,13321,8.170057870370371,8.0309375,-11.33017361111111,0,1,on_time,5.0,SP->MG
1e3b9d2c4434c46d11134509fed28b54,827cb645caf0355a76fafd776556298d,delivered,2018-02-07 16:54:06,2018-02-07 17:10:02,2018-02-08 23:57:56,2018-02-20 23:22:33,2018-03-09,1,cbd996ad3c1b7dc71fd0e5f5df9087e2,56.97,16.16,2018-02-15 17:10:02,RJ,24315,SP,15081,1.2943287037037037,11.97542824074074,-16.026006944444443,0,0,on_time,5.0,SP->RJ
795c16acb4e3c30dfa5b6827727ef488,d2727dd889fb74cc0b8d40cfaba7a696,delivered,2018-08-12 10:41:39,2018-08-12 10:55:12,2018-08-16 13:40:00,2018-08-20 19:48:50,2018-08-30,1,85d9eb9ddc5d00ca9336a2219c97bb13,22.32,15.26,2018-08-22 10:55:12,SP,5347,MG,31255,4.123854166666667,4.25613425925926,-9.174421296296297,0,0,on_time,1.0,MG->SP
be46df5b75c8aa56a4c1ac18cf4429ba,081121580a6ccd011a4668d3648a46fc,delivered,2017-08-05 15:18:41,2017-08-05 15:30:22,2017-08-09 20:41:48,2017-08-21 08:42:32,2017-08-29,1,4a3ca9315b744ce9f8e9374361493884,249.0,16.49,2017-08-10 15:30:22,MG,35240,SP,14940,4.2243865740740745,11.50050925925926,-7.63712962962963,0,0,on_time,5.0,SP->MG
380d50b5c05704dbe91b19b8003ea60b,a22b289372fa843cd698a5a641452436,delivered,2018-01-13 21:33:27,2018-01-13 21:49:18,2018-01-18 12:26:42,2018-01-24 16:13:42,2018-02-07,1,391fc6631aebcf3004804e51b40bcf1e,59.55,17.67,2018-01-18 21:49:18,MG,35162,SP,14940,4.6203125,6.157638888888889,-13.323819444444444,0,0,on_time,4.0,SP->MG
3f6efc4ada967d7b5ad1b6c30ca43b96,b107800c872a68d1703ddfe3c2dc961d,delivered,2018-01-14 16:56:20,2018-01-16 03:51:08,2018-01-16 18:36:45,2018-01-22 20:32:47,2018-01-30,1,e5a38146df062edaf55c38afa99e42dc,299.9,13.3,2018-01-22 03:51:08,SP,7085,SP,1233,2.0697337962962963,6.080578703703703,-7.1439004629629625,0,0,on_time,5.0,SP->SP
aae373a2cc64ed2d1f262aa56e70b7e8,63d8ce2f854381279f3b762e962dc969,delivered,2017-02-09 16:42:59,2017-02-09 16:55:12,2017-02-10 07:07:56,2017-02-13 11:09:12,2017-03-10,1,e603cf3fec55f8697c9059638d6c8eb5,27.0,10.96,2017-02-15 16:42:59,RS,92990,RS,96080,0.6006597222222222,3.167546296296296,-24.53527777777778,0,0,on_time,4.0,RS->RS
27feef8b6702f1d6ccdffd697e7f4334,5a5ba707171db1cfa955d1cafe4a347c,delivered,2017-10-04 12:49:02,2017-10-04 13:03:35,2017-10-06 13:05:10,2017-10-10 22:42:13,2017-10-23,1,ea8482cd71df3c1969d7b9473ff13abc,27.99,7.78,2017-10-10 13:03:35,SP,9130,SP,4160,2.011203703703704,4.400729166666666,-12.054016203703704,0,0,on_time,5.0,SP->SP
83eeb5927501d7cd48797636a1ec02c6,393e5c8146554179c1b5fdc1b68c8d85,delivered,2018-01-08 20:39:42,2018-01-10 10:32:50,2018-01-10 21:13:39,2018-01-11 16:28:42,2018-01-24,1,da8622b14eb17ae2831f4ac5b9dab84a,114.9,12.51,2018-01-16 03:33:46,SP,9440,SP,13405,2.023576388888889,0.8021180555555556,-12.313402777777778,0,0,on_time,5.0,SP->SP
dd0611161b5da88aac7b99d9c6cd41d6,148078d68b6cdee7fb155cfd58d29bfa,delivered,2018-01-31 13:33:56,2018-02-01 11:50:26,2018-02-06 17:06:08,2018-02-27 21:42:18,2018-03-05,1,ad97a199236354e53fcd91a5a913e9a2,712.5,85.16,2018-02-07 11:50:26,GO,75960,SC,88350,6.147361111111112,21.19178240740741,-5.095625,0,0,on_time,5.0,SC->GO
a73c47ff724ce7c345feeadd81a92214,ad3944295c168c535e5ca15548cc87a8,delivered,2017-12-13 11:33:41,2017-12-13 11:50:42,2017-12-14 22:59:09,2017-12-28 18:38:43,2018-01-12,1,46dc3b2cc0980fb8ec44634e21d2718e,99.99,23.57,2017-12-19 11:50:42,RS,96230,RJ,22240,1.4760185185185186,13.81914351851852,-14.223113425925924,0,0,on_time,5.0,RJ->RS
d6000a48fcae57594e206e24ad3db5a8,1ce20bce5f8cdbc2f8b32dac98b7ac39,delivered,2017-06-24 11:43:21,2017-06-24 12:37:32,2017-06-28 13:24:57,2017-06-30 11:46:38,2017-07-18,1,85d9eb9ddc5d00ca9336a2219c97bb13,31.9,14.1,2017-06-29 12:37:32,SP,6288,MG,31255,4.070555555555556,1.931724537037037,-17.509282407407408,0,0,on_time,5.0,MG->SP
d905856c062516e1bd43377034e5c615,5f174de9b3c05f164681fb0f3e47f453,delivered,2017-09-20 18:34:24,2017-09-20 18:45:41,2017-09-21 17:34:06,2017-11-03 12:32:33,2017-10-11,1,7e1fb0a3ebfb01ffb3a7dae98bf3238d,254.0,13.28,2017-09-26 18:45:41,SP,13059,SP,14403,0.958125,42.79059027777778,23.522604166666667,1,0,carrier,,SP->SP
660a8ca012d4806b05c2a9b705570f62,6f728d2ab5c661f6b32499e7e1bd3261,delivered,2018-03-29 10:25:37,2018-03-30 03:15:51,2018-04-02 17:37:53,2018-04-19 21:34:29,2018-05-08,1,6bbcb8924baf70b7fe2fe2097e8cd407,231.2,61.68,2018-04-12 03:15:51,PI,64750,SC,89031,4.300185185185185,17.164305555555554,-18.10105324074074,0,0,on_time,5.0,SC->PI
8a86e7cff2154483000ed469d5f528ba,c8fcd19ff9dde8ea152754737f5e4be3,delivered,2018-01-08 23:02:25,2018-01-08 23:13:27,2018-01-11 17:27:45,2018-01-23 23:48:53,2018-01-31,1,92eb0f42c21942b6552362b9b114707d,12.98,11.85,2018-01-14 23:13:27,SP,12424,SP,3504,2.7675925925925924,12.264675925925928,-7.007719907407408,0,0,on_time,1.0,SP->SP
929a697354ed9cd384aadaaa0721ac4c,9d8d2230d9692d3d0ac5a99fa5a0f9c1,delivered,2018-01-17 20:03:34,2018-01-17 20:11:28,2018-01-22 21:59:19,2018-01-26 18:48:56,2018-02-08,1,ea8482cd71df3c1969d7b9473ff13abc,27.99,14.1,2018-01-23 20:11:28,PR,82010,SP,4160,5.0803819444444445,3.867789351851852,-12.21601851851852,0,0,on_time,5.0,SP->PR
246a20bc0757d9b447970e67953d675b,25406db1db75fe43d45ec61920bc2a6f,delivered,2018-03-07 10:45:25,2018-03-07 11:10:13,2018-03-09 22:46:39,2018-04-05 21:48:24,2018-03-26,1,17a053fcb14bd219540cbde0df490be0,199.9,67.77,2018-03-13 11:10:13,MG,30170,SP,13843,2.500856481481481,26.95954861111111,10.908611111111112,1,0,carrier,3.0,SP->MG
4fc0a813a474373185c8f141a18878b3,3ed87c4263ee242463f8452c23aafdd5,delivered,2017-04-20 09:46:23,2017-04-25 08:11:02,2017-04-25 18:52:38,2017-05-05 12:30:10,2017-05-24,1,7a67c85e85bb2ce8582c35f2203ad736,129.99,25.4,2017-05-02 08:11:02,MA,65810,SP,3426,5.379340277777778,9.734398148148149,-18.479050925925925,0,0,on_time,3.0,SP->MA
96a35cb03c27e713024403b81eface30,d9835e397f7812d5257f6033b9ceba0e,delivered,2018-05-02 16:48:28,2018-05-02 17:38:08,2018-05-03 11:49:00,2018-05-07 21:07:34,2018-05-17,1,117cfc326c6d50da67ca858ff5c0c852,94.9,18.24,2018-05-08 17:31:50,SP,3738,RJ,25530,0.792037037037037,4.387893518518519,-9.11974537037037,0,0,on_time,5.0,RJ->SP
af19170492290aa8663d820e73d09524,083de6cf2da0a625906af6a558106b28,delivered,2018-06-23 10:02:24,2018-06-23 10:20:51,2018-06-25 11:50:00,2018-07-02 19:07:08,2018-07-18,1,116ccb1a1604bc88e4d234a8c23f33de,19.0,18.23,2018-06-26 10:20:51,RJ,27925,SP,9850,2.0747222222222224,7.3035648148148145,-15.20337962962963,0,0,on_time,5.0,SP->RJ
710d9b541d2ae52ef56ef33f5e1b795c,8f9cdc2bab0d953cab1e98d25253d8fe,delivered,2017-09-27 13:45:14,2017-09-27 13:56:24,2017-09-28 15:44:41,2017-10-06 22:28:04,2017-10-25,1,b8bc237ba3788b23da09c0f1f3a3288c,279.99,28.28,2017-10-03 13:56:24,SP,15760,SC,88303,1.0829513888888889,8.280127314814814,-18.063842592592597,0,0,on_time,5.0,SC->SP
a711032f5b2df3b039238b1a273076b8,9393744f4214f430a813fee1316567e2,delivered,2018-04-04 18:08:41,2018-04-04 18:15:19,2018-04-07 22:03:07,2018-04-22 21:05:11,2018-05-03,1,aba1721a889e04decc910aa13b768ef4,149.0,22.75,2018-04-10 18:15:19,BA,48080,SP,5729,3.162800925925926,14.95976851851852,-10.121400462962963,0,0,on_time,5.0,SP->BA
0aead977f249a62158c114e4460c37cc,432bebd364d9ae1ec762aa1916b29db5,delivered,2017-12-08 17:09:30,2017-12-08 17:30:28,2017-12-09 16:57:01,2017-12-12 18:38:55,2017-12-27,1,e9779976487b77c6d4ac45f75ec7afe9,91.49,12.6,2017-12-14 17:30:28,SP,11015,SP,11701,0.9913310185185186,3.070763888888889,-14.222974537037038,0,0,on_time,5.0,SP->SP
007bbb40c95870c0f75a7855f2636c65,72a46280034e63cc3703b1f969f65733,delivered,2018-04-24 10:37:50,2018-04-24 18:33:50,2018-04-25 15:40:00,2018-04-26 18:38:54,2018-05-07,1,1e8b33f18b4f7598d87f5cbee2282cc2,148.9,13.95,2018-04-30 11:31:27,SP,4190,SP,2066,1.209837962962963,1.1242361111111112,-10.222986111111112,0,0,on_time,5.0,SP->SP
b6969182ca56633a2bfb942ad18bb2b4,23c33bfb0f1549b5ac15cb65db88e613,delivered,2018-08-14 12:41:02,2018-08-14 12:50:31,2018-08-15 11:57:00,2018-08-23 01:03:15,2018-08-29,1,33a6f4b1e7cdc205511e76ba1b6e0186,63.99,16.64,2018-08-16 12:50:31,DF,72135,SP,7084,0.9694212962962964,7.546006944444445,-5.956076388888889,0,0,on_time,5.0,SP->DF
1b51db19999eb3bb34b405f52fdf9b13,0f6ed36badb034a142c768bcca8a4d7e,delivered,2018-01-29 00:05:10,2018-01-29 01:19:46,2018-01-30 23:13:02,2018-02-02 14:35:09,2018-02-19,1,da8622b14eb17ae2831f4ac5b9dab84a,99.9,12.65,2018-02-07 01:19:46,SP,13091,SP,13405,1.9637962962962965,2.6403587962962964,-16.392256944444444,0,0,on_time,5.0,SP->SP
8d42bc7cf9914679406f48db0e05e571,481bc44dade5fd594cc14012ba50b262,delivered,2017-12-01 16:35:00,2017-12-01 16:49:33,2017-12-08 22:16:05,2017-12-27 21:59:10,2018-01-02,1,870d0118f7a9d85960f29ad89d5d989a,54.9,27.76,2017-12-07 16:49:33,ES,29143,MG,37708,7.236863425925926,18.98825231481481,-5.083912037037037,0,1,on_time,5.0,MG->ES
076d1555fb53a89b0ef4d529e527a0f6,f08306b95370e8d5f0d97b71229284b6,delivered,2018-07-30 10:04:21,2018-08-01 04:35:22,2018-08-02 15:04:00,2018-08-08 00:46:43,2018-08-14,1,6fa9202c10491e472dffd59a3e82b2a3,2338.08,375.28,2018-08-07 04:35:22,PR,87013,SP,18030,3.208090277777778,5.404664351851852,-5.967557870370371,0,0,on_time,4.0,SP->PR
d4da0eae97584a51df1e150a105e4f20,d40a1ebd5fb73cb6fc9950aabd029157,delivered,2018-04-25 11:30:10,2018-04-25 11:51:50,2018-04-25 13:31:00,2018-05-02 22:28:40,2018-05-16,1,bd4431c1a8dfa744b59e1e2a8bc99b9e,229.9,19.49,2018-05-02 11:51:50,SP,13569,RJ,20761,0.083912037037037,7.373379629629629,-13.063425925925928,0,0,on_time,5.0,RJ->SP
a99bed70b800227cc293174945a645e0,d5ef2005eca8ab3356125c50c6baa8cf,delivered,2017-03-21 10:29:01,2017-03-21 10:29:01,2017-03-21 13:14:19,2017-03-30 16:57:41,2017-04-11,1,e9779976487b77c6d4ac45f75ec7afe9,177.0,15.41,2017-03-27 10:29:01,RJ,28890,SP,11701,0.1147916666666666,9.15511574074074,-11.293275462962963,0,0,on_time,5.0,SP->RJ
2445a82ec841c77c3fa6573bc3e00dcb,88c1c3d0d402ba73d2fed9d5b71163f4,delivered,2017-03-21 15:16:57,2017-03-21 15:16:57,2017-03-24 12:18:55,2017-04-04 17:04:02,2017-04-13,1,cb8bcce248bb1fb274ba762d8b971456,139.9,16.68,2017-03-27 15:16:57,PR,83075,MG,37540,2.8763657407407406,11.197997685185186,-8.288865740740741,0,0,on_time,5.0,MG->PR
392240bf6b91914830b77ae8572cc0b7,af90eb9009c119e7d3349fdf659a91b1,delivered,2017-09-05 00:40:31,2017-09-05 00:50:14,2017-09-05 21:53:43,2017-09-19 19:53:04,2017-09-28,1,c826c40d7b19f62a09e2d7c5e7295ee2,173.34,50.52,2017-09-12 00:50:14,BA,45651,SP,7133,0.8841666666666667,13.916215277777775,-8.171481481481482,0,0,on_time,1.0,SP->BA
bff2299c68d30f0c95671ff860e1c4f3,9b1258af23d35d3f7e88782312e388a8,delivered,2018-08-20 18:43:09,2018-08-20 18:55:16,2018-08-21 14:23:00,2018-08-24 15:41:48,2018-09-05,1,5b925e1d006e9476d738aa200751b73b,129.0,18.7,2018-08-22 18:55:16,DF,71670,SP,4567,0.8193402777777777,3.0547222222222223,-11.345972222222224,0,0,on_time,5.0,SP->DF
a65211639143a90d6cb4116d808b1823,b23f056c8604016df9fefaa92128ab42,delivered,2018-04-02 20:55:25,2018-04-04 03:09:02,2018-04-04 22:38:56,2018-05-26 01:34:22,2018-05-16,1,7bac63f6603d382cc8d0832eb6c100a8,699.0,31.95,2018-04-11 03:09:02,RR,69313,SP,5713,2.071886574074074,51.121828703703706,10.065532407407408,1,0,carrier,1.0,SP->RR
b9763fc50599a4ba2c2405513546d844,acb6f5070c34dbadd42a7dd6b18f6590,delivered,2017-02-08 13:24:01,2017-02-08 13:35:14,2017-02-08 14:42:55,2017-02-14 07:36:22,2017-03-09,1,d12c926d74ceff0a90a21184466ce161,39.9,14.52,2017-02-12 13:24:01,MG,39705,SP,2634,0.0547916666666666,5.703784722222222,-22.683078703703703,0,0,on_time,5.0,SP->MG
a2195cafb7379fd5abe516cac08e7fdd,d96afed479ace565925e0b432901f8e0,delivered,2018-02-23 10:29:24,2018-02-23 10:49:35,2018-02-27 16:33:16,2018-03-09 17:29:30,2018-03-20,1,fd386aa7bed2af3c7035c65506c9b4a3,68.0,15.23,2018-03-01 10:49:35,ES,29400,SP,4208,4.252685185185185,10.039050925925926,-10.271180555555556,0,0,on_time,5.0,SP->ES
9c228c5070d3a5f64ff1a6f4dc44cf28,c7b4d8ce0eacbd252a006ae217b19fc0,delivered,2017-10-19 22:59:03,2017-10-20 00:05:55,2017-10-20 17:40:27,2017-11-03 17:57:33,2017-11-08,1,efcd8d2104f1a05d028af7bad20d974b,60.0,15.17,2017-10-26 00:05:55,RJ,20270,SP,16012,0.77875,14.011875,-4.251701388888889,0,0,on_time,5.0,SP->RJ
e316d17cafee5024c175ba56fc437d56,69cdb945535dffeb2313ce7c20a95c3a,delivered,2017-03-27 11:29:51,2017-03-27 11:42:36,2017-03-28 19:05:36,2017-04-04 21:26:55,2017-04-19,1,8b28d096634035667e8263d57ba3368c,59.9,14.59,2017-04-03 11:42:36,MG,31545,SP,12243,1.3164930555555556,7.098136574074074,-14.10630787037037,0,0,on_time,5.0,SP->MG
fbfd9608b0061e4cc1412e28450a83e8,dd67b422d0754d9cc2bb3f5db51a903b,delivered,2018-08-17 16:57:15,2018-08-17 17:10:20,2018-08-21 12:01:00,2018-08-29 22:24:35,2018-09-11,1,5656537e588803a555b8eb41f07a944b,164.89,20.06,2018-08-21 17:10:20,ES,29161,DF,72015,3.7942708333333335,8.43304398148148,-12.066261574074074,0,0,on_time,5.0,DF->ES
9f877178dc7e99f524c1b02e99fffd40,eb90d6525336fcaaea44e7f09a34bc1f,delivered,2017-05-26 13:34:08,2017-05-26 13:45:09,2017-05-29 09:07:30,2017-06-07 15:19:32,2017-06-27,1,620c87c171fb2a6dd6e8bb4dec959fc6,35.9,17.65,2017-06-01 13:45:09,BA,42800,RJ,25645,2.814837962962963,9.25835648148148,-19.361435185185183,0,0,on_time,5.0,RJ->BA
dcc9db54a4861b6fad2db082fbcdbffc,c0f79ac4ba4aa7a1acd6f1a27940753d,delivered,2017-12-29 18:57:50,2017-12-29 19:06:20,2018-01-04 21:03:55,2018-01-08 12:42:51,2018-01-18,1,0be8ff43f22e456b4e0371b2245e4d01,99.9,9.51,2018-01-05 19:06:20,SP,4181,SP,4461,6.087557870370371,3.652037037037037,-9.470243055555557,0,0,on_time,5.0,SP->SP
82559a560833ecfeecaa790d65fd2272,0add9bcc3d6e15ca9171f5bdc6b9ef7d,delivered,2018-03-28 22:22:04,2018-03-28 22:35:18,2018-03-29 19:24:01,2018-05-08 22:45:59,2018-04-30,1,76d5af76d0271110f9af36c92573f765,29.9,17.93,2018-04-03 22:35:18,RJ,21230,SP,3194,0.8763541666666667,40.14025462962963,8.948599537037037,1,0,carrier,1.0,SP->RJ
0a80da8a2e86f5f401c7514602bc1105,351c4091b6f035cbc49b25c86db368fc,delivered,2017-03-24 16:48:47,2017-03-28 04:03:14,2017-03-30 16:33:45,2017-04-26 13:52:15,2017-05-03,1,2138ccb85b11a4ec1e37afbd1c8eda1f,34.99,28.97,2017-04-03 04:03:14,RR,69313,SP,8250,5.989560185185185,26.887847222222224,-6.422048611111111,0,0,on_time,3.0,SP->RR
533332b5a2d62c83b06014f8639e680e,251b5b179395208f3fe1c8f5cb34a5d9,delivered,2018-03-05 07:28:42,2018-03-05 07:48:29,2018-03-05 20:54:32,2018-03-07 15:57:43,2018-03-15,1,128639473a139ac0f3e5f5ade55873a5,19.9,8.27,2018-03-09 07:48:29,PR,87020,PR,87050,0.5596064814814815,1.7938773148148148,-7.334918981481482,0,0,on_time,5.0,PR->PR
5de443f7adc75b72230b61e63ce5007a,7ec72d9b883d87aef5ee43beb65deb06,delivered,2018-06-29 08:12:42,2018-07-05 16:02:24,2018-07-04 12:57:00,2018-07-12 18:16:44,2018-08-08,1,6861de0f40cacb0602e473c51639f980,100.0,73.32,2018-07-10 08:32:02,RJ,22640,PR,80420,5.197430555555556,8.222037037037037,-26.23837962962963,0,0,on_time,1.0,PR->RJ
77af7c0b651686586766ad39c110536a,dc5691f472afce37cc972599ed3d9c72,delivered,2017-09-10 17:11:38,2017-09-10 17:30:17,2017-09-11 13:43:40,2017-09-18 19:14:53,2017-10-03,1,a3a38f4affed601eb87a97788c949667,69.9,15.24,2017-09-14 17:30:17,SP,13323,SC,89204,0.8555787037037037,7.230011574074074,-14.197997685185186,0,0,on_time,4.0,SC->SP
353d20a8de2289ef1fd13c03c2b5651c,7e4826fbe61ad57724ef4db7ed3205fe,delivered,2018-02-22 14:07:07,2018-02-22 14:30:47,2018-02-26 15:46:55,2018-03-03 10:28:34,2018-03-14,1,1835b56ce799e6a4dc4eddc053f04066,56.99,12.74,2018-02-28 14:30:34,SP,3726,SP,14940,4.069305555555555,4.778923611111111,-10.56349537037037,0,0,on_time,4.0,SP->SP
063929a628206b3f69eaaa2e003ca695,38f9acc05b467543eb2ab4536729e1d2,delivered,2017-12-02 17:15:54,2017-12-02 17:38:18,2017-12-06 21:41:49,2017-12-12 15:35:08,2017-12-29,1,66922902710d126a0e7d26b0e3805106,120.0,20.33,2017-12-07 17:30:20,DF,71909,MG,31842,4.184664351851852,5.745358796296296,-16.350601851851852,0,0,on_time,5.0,MG->DF
50cd705ea531362cb179d7fbf877344c,206fd19fc2dc8738a59823f0afdc75ad,delivered,2017-03-22 10:30:11,2017-03-24 01:32:08,2017-03-24 13:00:12,2017-03-30 11:30:09,2017-04-12,1,8a32e327fe2c1b3511609d81aaf9f042,59.98,29.04,2017-03-30 01:30:39,MG,35338,SP,2443,2.104178240740741,5.937465277777778,-12.520729166666667,0,0,on_time,5.0,SP->MG
f306e4fa7422056477d5acd0d69de0be,e8c9a6a25735e3daa12fa3ccb069b0b5,delivered,2017-11-24 12:55:45,2017-11-24 15:12:58,2017-11-28 22:04:45,2017-12-01 20:25:00,2017-12-14,1,1f50f920176fa81dab994f9023523100,49.0,35.93,2017-11-30 15:12:58,SP,17027,SP,15025,4.38125,2.9307291666666666,-12.149305555555555,0,0,on_time,5.0,SP->SP
7ff6698abef65b2c5105240280827312,ef5ec7047232387bacf5052c5de7e4b0,delivered,2018-06-20 17:18:05,2018-06-20 17:41:41,2018-06-22 14:07:00,2018-07-02 19:51:02,2018-07-19,1,669ae81880e08f269a64487cfb287169,115.0,22.74,2018-06-22 17:31:16,MG,35900,SC,89160,1.8673032407407408,10.238912037037036,-16.172893518518517,0,0,on_time,4.0,SC->MG
b06148c7becf3bd438661b35330e4eaa,760f259329e5def2ecf277a223dd1e76,delivered,2017-11-20 21:55:53,2017-11-21 22:29:19,2017-11-22 22:41:14,2017-11-28 22:11:27,2017-12-07,1,7e93a43ef30c4f03f38b393420bc753a,1029.99,18.71,2017-11-27 22:29:19,SP,19600,SP,6429,2.0314930555555555,5.97931712962963,-8.075381944444445,0,0,on_time,5.0,SP->SP
5b5043f6dc2ed04c3956162d98ee4005,2ff43777e29da5847e6a524a3d105644,delivered,2018-02-28 13:38:38,2018-03-02 02:15:33,2018-03-03 00:49:23,2018-03-16 22:31:49,2018-03-19,1,634964b17796e64304cadf1ad3050fb7,216.0,31.04,2018-03-08 02:15:33,SP,1415,RJ,21840,2.465798611111111,13.904467592592592,-2.061238425925926,0,0,on_time,3.0,RJ->SP
f7e76d88532589dec3eca969d70af654,eeed45d421233a092443e8a5714a4755,delivered,2017-09-08 06:48:01,2017-09-08 07:03:46,2017-09-12 22:07:33,2017-09-22 18:38:55,2017-10-04,1,9d5a9018aee56acb367ba9c3f05d1d6a,25.33,16.79,2017-09-14 07:03:46,MG,37760,GO,74930,4.638564814814814,9.85511574074074,-11.222974537037038,0,0,on_time,5.0,GO->MG
fd090af4abab8284bf7d35b41d2075ce,5e0ab02d8c43402944f39559568c9c71,delivered,2018-01-23 09:07:31,2018-01-23 09:13:22,2018-01-24 15:24:58,2018-01-25 20:32:51,2018-02-07,1,2a5b78b41cd05baeac8df54c6606b92c,117.5,8.57,2018-01-29 09:13:22,MG,35570,MG,35570,1.2621180555555556,1.2138078703703703,-12.143854166666667,0,0,on_time,5.0,MG->MG
7dc55217695a2ec178b513fa24188247,39c5aed6f78b3c1700a36b13734327a4,delivered,2017-06-05 23:07:01,2017-06-05 23:22:20,2017-06-07 16:16:42,2017-06-28 14:13:35,2017-06-30,1,1900267e848ceeba8fa32d80c1a5f5a8,37.98,30.2,2017-06-11 23:22:20,DF,72405,SP,14940,1.7150578703703705,20.91450231481481,-1.4072337962962962,0,0,on_time,2.0,SP->DF
387c2cbba26c5cfe21c60a8f2208a78d,04dbc4abee6079d145aecbe59c634606,delivered,2017-05-04 08:01:35,2017-05-09 22:32:39,2017-05-09 08:18:12,2017-05-16 11:53:08,2017-05-31,1,87142160b41353c4e5fca2360caf6f92,89.9,16.33,2017-05-12 09:31:46,SP,12170,RS,90230,5.011539351851852,7.149259259259259,-14.50476851851852,0,0,on_time,5.0,RS->SP
685eaef260332ff45909f2f0a44b60f0,dbc9a93b4f30c4cfc6d4e5f88359c2db,delivered,2017-11-26 12:16:03,2017-11-26 12:34:54,2017-11-27 17:48:51,2017-12-04 19:52:18,2017-12-19,1,febab0275244b9a49a623f0bd613ca2f,235.6,131.82,2017-11-30 12:31:48,MG,33833,SP,13920,1.231111111111111,7.085729166666667,-14.17201388888889,0,0,on_time,1.0,SP->MG
369b845bc7aec357372149df304bd341,167e8b35a0b05668af1287112213ef47,delivered,2017-05-01 17:59:15,2017-05-01 18:15:06,2017-05-03 09:20:39,2017-05-07 11:43:35,2017-05-30,1,cc419e0650a3c5ba77189a1882b7556a,19.99,14.52,2017-05-10 18:15:06,PR,87005,SP,9015,1.6398611111111112,4.099259259259259,-22.511400462962964,0,0,on_time,2.0,SP->PR
f43f30b7f0ab764f863d9340e06c3f25,bbd7307f65bd2faed7cdeb0791a319c7,delivered,2018-07-23 10:18:13,2018-07-23 13:20:19,2018-07-25 14:55:00,2018-08-02 12:58:28,2018-08-16,1,70c27847eca8195c983ed7e798c56743,114.99,19.72,2018-07-31 13:20:19,BA,42600,RJ,20930,2.1922106481481483,7.919074074074074,-13.459398148148148,0,0,on_time,5.0,RJ->BA
50d73aae647c6c12616d5bf9e6aee1c2,2f5d191b0d3451ef0e69e182248d6090,delivered,2017-11-21 12:44:23,2017-11-22 03:26:09,2017-11-22 19:58:55,2017-11-29 23:15:45,2017-12-11,1,0241d4d5d36f10f80c644447315af0bd,39.9,22.67,2017-11-28 03:26:09,GO,74070,PR,80330,1.3017592592592593,7.136689814814815,-11.030729166666667,0,0,on_time,5.0,PR->GO
ed8057e84e86b05fc9bf67d7c6657881,366dfea050fe0b5bf7476a1f7a4800c3,delivered,2018-02-12 18:28:06,2018-02-12 18:47:44,2018-02-21 23:38:05,2018-03-02 18:08:29,2018-03-06,1,4d6d651bd7684af3fffabd5f08d12e5a,179.0,16.0,2018-03-30 17:47:44,MG,36047,SP,17209,9.215266203703704,8.77111111111111,-3.244108796296296,0,0,on_time,1.0,SP->MG
1c0490571354a25001e89c6de9598839,68c64357714891130ff841271d1a2e1e,delivered,2017-08-17 11:14:52,2017-08-17 11:30:22,2017-08-17 19:10:21,2017-09-19 17:39:27,2017-09-13,1,3d871de0142ce09b7081e2b9d1733cb1,79.0,17.8,2017-08-23 11:30:22,RS,90640,SP,13232,0.3301967592592592,32.936875,6.735729166666666,1,0,carrier,3.0,SP->RS
d813035bf048e38cbc188dec25b228c9,7c60c84731b8e58a42689eaab73eda48,delivered,2017-11-25 00:04:49,2017-11-25 03:10:47,2017-11-28 23:18:47,2017-12-20 17:18:23,2017-12-18,1,da8622b14eb17ae2831f4ac5b9dab84a,29.9,15.1,2017-11-30 03:10:47,RJ,22231,SP,13405,3.968032407407408,21.74972222222222,2.721099537037037,1,0,carrier,1.0,SP->RJ
a376f17ec68dd516869482e28ba976b4,6fb54da47c0032684f348042cf61fd1d,delivered,2017-03-06 18:25:02,2017-03-08 06:35:36,2017-03-09 05:36:06,2017-03-17 13:48:04,2017-03-30,1,6560211a19b47992c3666cc44a7e94c0,65.0,15.75,2017-03-13 18:25:02,DF,71593,SP,5849,2.4660185185185184,8.341643518518518,-12.424953703703704,0,0,on_time,5.0,SP->DF
990eab27d0855cf08464eec60d4c18f5,339330c8fb9b0d9f9d5a1e2bd7e29ad7,delivered,2018-08-12 11:33:02,2018-08-12 11:45:17,2018-08-13 14:24:00,2018-08-20 19:32:46,2018-08-29,1,fa1c13f2614d7b5c4749cbc52fecda94,178.9,19.35,2018-08-15 11:45:17,SC,89203,SP,13170,1.1187268518518518,7.214421296296297,-8.185578703703703,0,0,on_time,5.0,SP->SC
a2b641f30be1e5a530738ffe99633544,319b159b331531b985da20be3b4cb47e,delivered,2017-05-19 18:35:57,2017-05-23 03:25:29,2017-05-23 10:19:33,2017-05-31 09:44:04,2017-06-12,1,7a67c85e85bb2ce8582c35f2203ad736,69.99,16.74,2017-05-29 03:25:29,PR,82630,SP,3426,3.6552777777777776,7.975358796296296,-11.594398148148148,0,0,on_time,4.0,SP->PR
4df35a194d033f2d0b9b6a66bdb26434,bdf159e598f47ed31091ceace4e20b63,delivered,2018-04-27 01:57:04,2018-04-27 02:41:09,2018-04-27 12:50:00,2018-05-04 15:51:23,2018-05-22,1,1900267e848ceeba8fa32d80c1a5f5a8,89.99,13.07,2018-05-04 02:30:47,SP,3215,SP,14940,0.4534259259259259,7.125960648148149,-17.33931712962963,0,0,on_time,4.0,SP->SP
fc719b274382a0834f125796832ab9a5,b90bea4e34cc5dcd221deeaa6f645aac,delivered,2018-07-02 13:16:53,2018-07-02 13:50:31,2018-07-04 14:30:00,2018-07-09 21:06:47,2018-07-30,1,3c010235b7345c92f125d14ee232a76b,199.0,28.34,2018-07-06 13:50:31,MG,38700,PR,83800,2.050775462962963,5.275543981481482,-20.12028935185185,0,0,on_time,5.0,PR->MG
741653b1b2d0d37c62f1a1f90e93f02d,6915b266c843d2173c26493656177e5d,delivered,2018-06-27 09:46:09,2018-06-27 11:06:25,2018-06-27 15:02:00,2018-07-03 16:05:22,2018-07-20,1,b4f8921fcc4ff77b66bea6dda43dcd51,699.99,27.89,2018-07-03 10:31:02,RS,99615,RS,95034,0.2193402777777778,6.0440046296296295,-16.32960648148148,0,0,on_time,5.0,RS->RS
3504e5f25e8c978b842d4f1164b52b59,5f74b0f2e7a914d47ab126a05d746638,delivered,2017-09-11 18:40:20,2017-09-11 18:50:19,2017-09-13 18:36:39,2017-09-15 23:43:41,2017-09-28,1,f8db351d8c4c4c22c6835c19a46f01b0,22.9,15.1,2017-09-15 18:50:19,RJ,22450,SP,13324,1.9974421296296296,2.2132175925925925,-12.011331018518518,0,0,on_time,5.0,SP->RJ
1544633fddddf3dd98fd5e9eaeb01b4d,7d3be011d4a41aacfcdc7399e67d15df,delivered,2018-08-03 10:17:53,2018-08-04 04:10:24,2018-08-10 14:42:00,2018-08-14 10:31:41,2018-08-15,1,2379bdc3888025689a9deb7b141507d5,175.0,13.89,2018-08-09 04:10:24,SP,15980,SP,13806,7.183414351851852,3.8261689814814814,-0.5613310185185185,0,1,on_time,5.0,SP->SP
8c3d752c5c02227878fae49aeaddbfd7,00046a560d407e99b969756e0b10f282,delivered,2017-12-18 11:08:30,2017-12-18 12:45:31,2017-12-18 20:55:54,2017-12-26 20:58:33,2018-01-12,1,ac3508719a1d8f5b7614b798f70af136,120.9,45.69,2017-12-22 12:45:31,RJ,20540,RS,92030,0.4079166666666666,8.001840277777777,-16.126006944444445,0,0,on_time,5.0,RS->RJ
76d1d5d9e614ab4fc54310fda49855b2,8bbd3bb0796450a7bea0922e51e3aa6c,delivered,2017-09-18 13:24:40,2017-09-18 13:35:16,2017-09-18 21:33:34,2017-09-30 14:03:08,2017-10-06,1,1835b56ce799e6a4dc4eddc053f04066,56.99,16.16,2017-09-22 13:35:16,DF,71680,SP,14940,0.3395138888888889,11.687199074074076,-5.4144907407407405,0,0,on_time,1.0,SP->DF
ec4406235854ee5e0fea135054afa0e6,a512255ffb0b2189e4f2317a93e39bce,delivered,2018-01-13 00:04:18,2018-01-13 00:55:28,2018-01-18 15:50:10,2018-01-26 00:29:12,2018-02-15,1,160e4f13fd3a64b1b86807be88b5ffb0,179.0,19.49,2018-01-19 00:31:20,MG,32113,PR,83409,5.656851851851852,7.360439814814815,-19.97972222222222,0,0,on_time,2.0,PR->MG
0d799dd97f4ffcecba2864882585f677,969490358923f64400791dfecc39ad28,delivered,2018-04-05 14:56:55,2018-04-07 13:48:00,2018-04-09 18:22:41,2018-04-12 12:48:40,2018-04-25,1,e59aa562b9f8076dd550fcddf0e73491,412.0,20.4,2018-04-12 13:48:00,PR,85603,PR,82810,4.142893518518519,2.768043981481481,-12.466203703703703,0,0,on_time,5.0,PR->PR
3e6e1b157030813612778573761473cd,19d5418e2a5745573e27926244ff25ef,delivered,2018-06-08 23:41:43,2018-06-09 23:38:25,2018-06-13 14:13:00,2018-06-20 19:58:50,2018-07-11,1,03a2a6dcbe45d639c4dc2a0d24769c40,49.9,19.32,2018-06-13 23:38:25,RJ,23898,SP,9340,4.60505787037037,7.240162037037037,-20.16747685185185,0,0,on_time,1.0,SP->RJ
87c9a177bd8b6546136bc14128ac1d3b,4f93dc7eaca0dd47d8f458a8d26159f0,delivered,2017-09-29 18:18:59,2017-09-29 18:35:16,2017-10-04 20:35:42,2017-10-09 21:52:31,2017-10-26,1,8f119a0aee85c0c8fc534629734e94fd,36.0,15.1,2017-10-05 18:35:16,MG,36415,SP,6440,5.094942129629629,5.053344907407407,-16.088530092592592,0,0,on_time,5.0,SP->MG
f66ab2fcf6eb4fbb8c027f16de902cdc,90ab1a5224e5e1999b34c85f637a7491,delivered,2018-08-01 13:21:58,2018-08-01 13:35:09,2018-08-14 11:39:00,2018-08-15 20:31:53,2018-08-09,1,70c27847eca8195c983ed7e798c56743,315.98,17.049999999999997,2018-08-08 13:35:09,RJ,22440,RJ,20930,12.92849537037037,1.3700578703703703,6.855474537037037,1,1,seller,1.0,RJ->RJ
c3144c54c2ae906cab69adf3de3a7b17,512a645d25604f568dc61a8a3da9cd8b,delivered,2018-04-03 16:17:10,2018-04-03 17:15:16,2018-04-04 17:05:30,2018-04-10 00:23:20,2018-04-24,1,f783a638e9c6af4a7d0dbfde811e7a81,134.0,34.93,2018-04-09 17:15:16,SE,49050,SP,3063,1.0335648148148149,5.304050925925926,-13.983796296296296,0,0,on_time,5.0,SP->SE
79c5f579e409b09458cabc132855a2a5,1739dee582d93a96f098d56b594919c7,delivered,2017-09-20 15:24:58,2017-09-20 15:35:22,2017-09-26 14:17:55,2017-10-03 18:11:20,2017-10-05,1,cc419e0650a3c5ba77189a1882b7556a,89.99,14.38,2017-09-28 15:35:22,RJ,21620,SP,9015,5.9534375,7.162094907407408,-1.2421296296296296,0,0,on_time,4.0,SP->RJ
599c2d88fb3c46093862da1d28b2dd49,8b539d8bfc7202d27eaaf24635178238,delivered,2017-04-29 16:26:24,2017-04-29 16:42:59,2017-05-02 12:07:59,2017-05-05 10:48:06,2017-05-23,1,6560211a19b47992c3666cc44a7e94c0,49.0,10.96,2017-05-05 16:42:59,SP,17527,SP,5849,2.8205439814814817,2.944525462962963,-17.549930555555555,0,0,on_time,5.0,SP->SP
5f892cf10a419532141018e4f162d429,8da022467585bcfdf70f08d25c07fb03,delivered,2017-07-19 21:20:27,2017-07-19 21:35:23,2017-07-21 21:07:51,2017-07-25 12:30:28,2017-08-10,1,827f8f69dfa529c561901c4f2e0f332f,35.9,14.1,2017-07-25 21:35:23,SP,5055,PR,81880,1.99125,3.6407060185185194,-15.478842592592592,0,0,on_time,5.0,PR->SP
0533030deeaf4b83feea1ea004f2ddb5,130db473eac67b544bd3813c3a92cef1,delivered,2018-05-16 13:23:35,2018-05-16 13:35:23,2018-05-18 16:48:00,2018-06-15 14:37:45,2018-06-07,1,53d00c40e32aeb924a84ce72b1af869d,91.0,11.6,2018-05-18 13:35:23,SC,89560,SP,14940,2.1419560185185187,27.909548611111116,8.60954861111111,1,1,seller,1.0,SP->SC
7b068ded011750b422766fb0dbf020bb,098c96d2631a752965edeaafa21b307e,delivered,2018-04-23 11:30:03,2018-04-24 19:19:27,2018-05-04 13:30:00,2018-05-11 18:16:40,2018-05-25,1,7c67e1448b00f6e969d365cea6b010ab,149.94,57.26,2018-05-09 09:31:04,MS,79940,SP,8577,11.083298611111111,7.199074074074074,-13.238425925925926,0,0,on_time,1.0,SP->MS
6f5a4883cdf5054788a32b5c8b36a8ed,162b229af6f23334ecdc569ee3a84640,delivered,2018-03-16 16:49:16,2018-03-19 07:50:33,2018-03-20 17:19:01,2018-03-25 13:41:34,2018-04-10,1,b94cc9f10ddc85e4ba73a6f7974e7101,799.9,28.18,2018-03-27 07:50:33,SP,3189,RJ,27930,4.020659722222222,4.848993055555556,-15.429467592592593,0,0,on_time,4.0,RJ->SP
efe34eef7701ffb344c58af77b116019,d6d99bb4414c24f4bcae748c02d7a111,delivered,2017-11-07 14:37:06,2017-11-08 03:26:51,2017-11-08 20:46:38,2017-11-13 11:38:42,2017-11-27,1,05f51e13da97139648b8125c31e5f51b,150.99,14.81,2017-11-14 03:26:51,SP,1243,MG,31910,1.2566203703703704,4.619490740740741,-13.514791666666667,0,0,on_time,5.0,MG->SP
0807e3831ca17d1d980903674c61d019,0e24c21be3703d83ec0cccc0a4128d03,delivered,2018-05-30 19:55:32,2018-05-30 20:14:37,2018-06-07 14:50:00,2018-06-08 17:36:38,2018-06-25,1,fe2032dab1a61af8794248c8196565c9,264.5,10.21,2018-06-07 20:14:37,SP,2452,SP,13030,7.787824074074074,1.1157175925925926,-16.26622685185185,0,0,on_time,5.0,SP->SP
0e0fa429a12bc8105554270a3a52ce97,c7f4ae2ceae1c61d7498868443fc755f,delivered,2018-07-13 12:00:36,2018-07-13 12:10:46,2018-07-16 15:11:00,2018-07-21 15:50:57,2018-07-31,1,4830e40640734fc1c52cd21127c341d4,69.99,15.59,2018-07-17 12:10:16,GO,74810,SP,3573,3.132222222222222,5.027743055555556,-9.339618055555556,0,0,on_time,5.0,SP->GO
60774e7210a075fb221731434321e048,c222cf7a226c9cafb1bedfa622b01bf0,delivered,2018-04-09 21:19:57,2018-04-10 00:12:41,2018-04-11 23:46:35,2018-04-19 14:08:53,2018-05-07,1,88460e8ebdecbfecb5f9601833981930,129.9,18.79,2018-04-16 00:12:41,SP,13295,PR,87030,2.101828703703704,7.598819444444445,-17.410497685185184,0,0,on_time,4.0,PR->SP
bf79e4fa55a389d494f47feb2654892c,e8759aed1027f77226dddeb7c7481f11,delivered,2017-01-31 21:11:10,2017-02-01 09:45:26,2017-02-01 14:29:06,2017-03-13 12:09:45,2017-02-27,1,2a1348e9addc1af5aaa619b1a3679d6b,14.9,14.52,2017-02-04 21:11:10,ES,29170,MG,30494,0.7207870370370371,39.90322916666667,14.506770833333333,1,0,carrier,1.0,MG->ES
d860fd3dc065e22ac79622d39d28e1bc,99fd37744ebeb8563299b54c2d985c38,delivered,2018-01-08 10:22:38,2018-01-08 10:35:31,2018-01-15 14:57:58,2018-01-31 17:23:17,2018-02-06,1,92eb0f42c21942b6552362b9b114707d,12.98,15.1,2018-01-12 10:35:31,RJ,27351,SP,3504,7.191203703703704,16.100914351851852,-5.275497685185186,0,1,on_time,5.0,SP->RJ
bf19fcb92a3fa591bed19dc3c25297f0,1ff57cca2f72bc2fc67a3667950261ba,delivered,2017-05-29 15:49:02,2017-05-29 16:03:01,2017-06-01 15:18:35,2017-06-14 13:54:07,2017-06-21,1,3771c85bac139d2344864ede5d9341e3,59.9,15.17,2017-06-02 16:03:01,MG,31555,SP,18087,2.978854166666667,12.941342592592592,-6.420752314814815,0,0,on_time,4.0,SP->MG
0cd10c551ff0a0d5c0e5839bfb766219,56efca4fe3df70756383cee8ed1eb77f,delivered,2017-04-16 21:48:46,2017-04-16 22:01:54,2017-04-17 10:44:08,2017-05-22 15:16:02,2017-05-22,1,f8db351d8c4c4c22c6835c19a46f01b0,36.9,24.84,2017-04-23 22:01:54,RN,59625,SP,13324,0.538449074074074,35.18881944444445,0.6361342592592593,1,0,carrier,4.0,SP->RN
731f1b5ebfacba1715ccc2efb20d50b0,a60e479a3fc936109dc7eec87f4bcfd6,delivered,2018-04-04 14:44:22,2018-04-04 14:55:25,2018-04-05 01:22:12,2018-04-14 16:28:38,2018-04-26,1,710e3548e02bc1d2831dfc4f1b5b14d4,299.99,28.18,2018-04-10 14:55:25,RS,91910,PR,86600,0.4429398148148148,9.629467592592592,-11.313449074074072,0,0,on_time,4.0,PR->RS
5f12df808d35ea25be28ad052f4aa3ea,a9b867fb8cf559a909c421576f75f197,delivered,2018-06-03 16:44:31,2018-06-05 04:12:50,2018-06-06 12:47:00,2018-06-07 15:44:25,2018-06-28,1,f7ba60f8c3f99e7ee4042fdef03b70c4,330.0,10.07,2018-06-13 04:12:50,SP,13080,SP,9628,2.8350578703703704,1.1232060185185184,-20.344155092592597,0,0,on_time,5.0,SP->SP
37864e339894159b890ecddc8f7cc55c,febd6dd5e254743d7cf204dc53224649,delivered,2018-01-05 13:16:11,2018-01-09 07:17:58,2018-01-12 20:06:12,2018-01-23 20:04:24,2018-02-14,1,e8b3a3a38279a82f0e5d006d5e5b7d2c,63.9,13.47,2018-01-18 07:17:58,SP,8130,PR,87230,7.284733796296297,10.99875,-21.163611111111116,0,0,on_time,3.0,PR->SP
a8e46b160afbe222158c657aebb0166c,256259930a0ca3c61844e90383be748d,delivered,2018-03-11 11:38:14,2018-03-11 11:49:36,2018-03-15 02:03:46,2018-04-02 20:58:34,2018-04-06,1,0241d4d5d36f10f80c644447315af0bd,295.0,37.3,2018-03-15 11:49:36,ES,29101,PR,80330,3.6010648148148148,18.788055555555555,-3.1259953703703705,0,0,on_time,4.0,PR->ES
3c057da49a74023e52c0ec5ba76843c0,e1cec7320862fd69efe785e3d8f90c1e,delivered,2017-11-22 13:53:31,2017-11-22 19:30:28,2017-11-24 15:18:13,2017-11-29 17:48:21,2017-12-04,1,5160d23075764e18e07c1f4a87fad743,40.0,7.78,2017-11-28 19:30:28,SP,2674,SP,9720,2.0588194444444445,5.104259259259259,-4.258090277777778,0,0,on_time,4.0,SP->SP
ba87f0ac948c4b79c4c6faf863b153f0,bb64979ec39706aac2d6bfe15948a5c0,delivered,2018-02-03 18:28:57,2018-02-04 00:09:49,2018-02-06 15:47:07,2018-02-14 19:38:49,2018-03-01,1,4dc646b9b9e8e411ef48ba000ea3ac6f,52.5,11.87,2018-02-08 00:09:49,SP,13720,SP,13272,2.887615740740741,8.160902777777778,-14.181377314814815,0,0,on_time,4.0,SP->SP
074241ce500ccb810dc2a36222167798,370518eb3880e605c398910e3bb0aa85,delivered,2017-11-24 14:41:59,2017-11-24 16:52:51,2017-11-28 20:37:06,2017-12-07 00:23:01,2017-12-15,1,1f50f920176fa81dab994f9023523100,49.0,17.67,2017-11-30 16:52:51,RJ,22280,SP,15025,4.246608796296297,8.156886574074074,-7.984016203703704,0,0,on_time,4.0,SP->RJ
6b1506319e933481532aba2b6de29d12,120e1f31d01ac400b61e8f8a3cfb57c8,delivered,2018-05-17 21:57:54,2018-05-18 03:16:02,2018-05-18 12:00:00,2018-06-11 17:58:51,2018-06-01,1,6560211a19b47992c3666cc44a7e94c0,49.0,12.79,2018-05-22 03:16:02,SP,12260,SP,5849,0.5847916666666667,24.24920138888889,10.749201388888888,1,0,carrier,3.0,SP->SP
6afe12e2152d9339a25453d2d45003f9,dd0f18b4fe0b74763df877469e7569f2,delivered,2017-06-03 14:47:42,2017-06-03 15:02:25,2017-06-05 13:52:57,2017-06-13 15:44:11,2017-06-28,1,6560211a19b47992c3666cc44a7e94c0,49.0,15.1,2017-06-08 15:02:25,MG,35570,SP,5849,1.9619791666666664,8.07724537037037,-14.34431712962963,0,0,on_time,5.0,SP->MG
d24db146b6a1a1259d5a56d424ba59f6,e67f4b307d30db818d62f4021236dc26,delivered,2018-05-09 16:38:15,2018-05-10 16:35:29,2018-05-11 11:12:00,2018-05-16 14:22:34,2018-05-25,1,e89c4adbe7b1d0819dbb636e16461cf1,119.8,14.78,2018-05-16 16:35:29,SP,6856,SP,13347,1.7734375,5.132337962962963,-8.40099537037037,0,0,on_time,5.0,SP->SP
d3d00f8dbea1b9d5ef529fbf674c9a58,29a5c63da0bab501e5166734eb7cdf4c,delivered,2018-04-30 21:00:40,2018-05-01 03:15:44,2018-05-02 14:47:00,2018-05-07 14:12:06,2018-05-21,1,9d4db00d65d7760644ac0c14edb5fd86,88.9,13.98,2018-05-07 03:15:44,SP,14160,SP,18025,1.7405092592592593,4.975763888888889,-13.40826388888889,0,0,on_time,5.0,SP->SP
2618af576d21149f490b1baea011b8a2,e8739af3ab67b5b2c8c54c8e798afee3,delivered,2018-04-15 21:49:45,2018-04-16 22:10:20,2018-04-30 15:35:00,2018-05-14 18:27:38,2018-05-07,1,7c67e1448b00f6e969d365cea6b010ab,149.99,21.09,2018-05-01 22:10:20,SP,5892,SP,8577,14.739756944444444,14.119884259259258,7.769189814814815,1,0,carrier,2.0,SP->SP
fd2b4179de3cceb73bc884f6c19d85d0,8771de6e9f494e14aae9646f2a348fbe,delivered,2017-05-14 18:33:49,2017-05-14 18:45:15,2017-05-19 11:17:57,2017-05-30 12:38:20,2017-06-13,1,6338ea67c41078a46ad99cc009654956,31.99,34.15,2017-05-19 18:45:15,DF,71939,RS,95170,4.697314814814815,11.05582175925926,-13.47337962962963,0,0,on_time,5.0,RS->DF
124fb051a9788c8feb53429fb1612760,7595f0de4868abaec15c442659fdace2,delivered,2017-07-01 16:58:53,2017-07-01 17:10:15,2017-07-04 06:23:24,2017-07-11 16:42:08,2017-07-28,1,5962468f885ea01a1b6a97a218797b0a,149.0,16.48,2017-07-07 17:10:15,RJ,22753,PR,82040,2.558692129629629,7.429675925925926,-16.304074074074073,0,0,on_time,5.0,PR->RJ
6ca45b5a3976343d5ac388f06ab70f09,c86d6f7e3ec3afde83e27950cdcefce4,delivered,2018-05-04 21:36:24,2018-05-04 21:50:18,2018-05-07 15:19:00,2018-05-11 17:28:43,2018-05-28,1,c12b92bf1c350f3e6bf88d3596219c86,369.0,25.16,2018-05-09 21:50:18,MG,35024,SP,17400,2.7379166666666666,4.090081018518519,-16.271724537037038,0,0,on_time,5.0,SP->MG
00a77f9cc25b05b2004752593d7b8888,acb6cc6ec99086b8b53c858a0731c189,delivered,2017-06-22 19:53:24,2017-06-22 20:05:22,2017-06-23 12:33:16,2017-07-07 21:45:44,2017-07-14,1,94e93ce877be27a515118dbfd2c2be41,177.9,18.5,2017-06-28 20:05:22,RJ,22785,SP,15502,0.6943518518518519,14.383657407407409,-6.0932407407407405,0,0,on_time,,SP->RJ
728935946b7371d6bf3c484ce0ad4ff1,8c393e4cc8dd59ba1438662fce873576,delivered,2018-05-07 21:23:40,2018-05-07 21:35:27,2018-05-09 14:05:00,2018-05-14 10:48:41,2018-05-24,1,7299e27ed73d2ad986de7f7c77d919fa,139.99,32.45,2018-05-10 21:35:27,MG,35010,MG,38440,1.6953703703703704,4.8636689814814815,-9.549525462962963,0,0,on_time,5.0,MG->MG
d077de666ab7b62a7aafd596bfd16deb,e86b6b19d5b7af381302a2cfbe4a4a0f,delivered,2018-07-07 10:25:06,2018-07-07 10:35:11,2018-07-12 14:43:00,2018-07-13 20:42:28,2018-07-20,1,c70c1b0d8ca86052f45a432a38b73958,110.32,8.03,2018-07-11 10:35:11,SP,13042,SP,13186,5.179097222222223,1.2496296296296296,-6.137175925925926,0,1,on_time,5.0,SP->SP
a42c28ee1f328251e9e8ae60f7963571,6539aa9c6e57c945c4c2c0773b68e939,delivered,2017-11-26 21:41:38,2017-11-26 21:54:20,2017-12-05 21:32:11,2017-12-21 20:28:39,2017-12-22,1,37515688008a7a40ac93e3b2e4ab203f,24.5,15.1,2017-11-30 21:54:20,SC,89120,SP,17900,8.9934375,15.95587962962963,-0.1467708333333333,0,1,on_time,3.0,SP->SC
d3a268054d5bf82a14d5c0be7ea1588c,760658188339a7b91c7a4ca3c315b2ea,delivered,2018-02-20 02:20:04,2018-02-21 06:05:11,2018-02-22 17:22:27,2018-02-26 17:28:54,2018-03-19,1,aba1721a889e04decc910aa13b768ef4,173.0,22.01,2018-02-27 02:31:20,PB,58034,SP,5729,2.6266550925925927,4.004479166666667,-20.271597222222223,0,0,on_time,5.0,SP->PB
a1f33ae024b8d5f324680039c8c26aca,dd558dd7a87c9021c8a7608c6c769417,delivered,2018-08-18 21:16:01,2018-08-21 04:15:19,2018-08-22 14:44:00,2018-08-27 19:04:42,2018-09-03,1,282f23a9769b2690c5dda22e316f9941,160.75,22.43,2018-08-23 04:15:19,DF,70743,MG,31573,3.727766203703704,5.181041666666666,-6.205069444444445,0,0,on_time,5.0,MG->DF
7741a0c0ccbb42c74fb27c570c7e5354,07cbe547b6dec2535abda65b57733754,delivered,2018-03-04 13:00:43,2018-03-04 13:40:28,2018-03-14 19:21:21,2018-03-16 20:16:47,2018-04-02,1,7c67e1448b00f6e969d365cea6b010ab,89.98,18.34,2018-03-16 13:30:38,SP,8080,SP,8577,10.264328703703704,2.0384953703703705,-16.155011574074074,0,0,on_time,5.0,SP->SP
c7c821c9f5e125961eeb3e195dc8fcb4,408ae50d6802e888491a09c0c6aae8ef,delivered,2017-07-19 08:35:51,2017-07-19 08:45:15,2017-07-20 19:00:01,2017-07-28 17:28:43,2017-08-22,1,1da3aeb70d7989d1e6d9b0e887f97c23,17.99,21.15,2017-07-25 08:45:15,PI,64062,SP,4265,1.4334490740740742,7.936597222222222,-24.27172453703704,0,0,on_time,5.0,SP->PI
e8e55eaa809f3091cc5060cc53735660,2ca5f0111cef8030082e8adf6a068f6d,delivered,2018-02-02 18:46:41,2018-02-02 19:41:59,2018-02-06 00:57:40,2018-02-20 18:52:32,2018-03-06,1,447d377bdb757058acb569025ee18a93,64.99,18.02,2018-02-08 19:31:18,RJ,28300,RS,99500,3.257627314814815,14.746435185185184,-13.21351851851852,0,0,on_time,5.0,RS->RJ
79c6130ca63ec6a1dfbf2b33fa9a87c6,e288a3817dcd19a0e405fbb94162cf79,delivered,2017-07-17 23:03:02,2017-07-18 00:30:50,2017-07-19 16:32:18,2017-07-26 17:22:32,2017-08-09,1,cc419e0650a3c5ba77189a1882b7556a,49.99,15.1,2017-07-25 00:30:50,SC,88535,SP,9015,1.7286574074074077,7.034884259259259,-13.27601851851852,0,0,on_time,5.0,SP->SC
b9fb62bee137cab9842bf7427c640778,70de6d423133ff1c0026cd0ffe0b1428,delivered,2018-08-12 20:25:00,2018-08-12 20:35:21,2018-08-13 13:58:00,2018-08-16 20:53:23,2018-08-23,1,b4ffb71f0cb1b1c3d63fad021ecf93e1,31.0,12.88,2018-08-15 20:35:21,SP,17580,SP,3880,0.73125,3.288460648148148,-6.129594907407407,0,0,on_time,4.0,SP->SP
65c863d90026e9dd4888e28d2135c983,c6493ae5b5ae563a2a20a534dfd21cb8,delivered,2018-03-09 19:43:32,2018-03-09 19:50:25,2018-03-15 15:51:51,2018-04-06 22:03:37,2018-04-03,1,1f50f920176fa81dab994f9023523100,53.9,22.96,2018-03-15 19:50:25,RJ,24805,SP,15025,5.839108796296296,22.258171296296297,3.9191782407407407,1,0,carrier,1.0,SP->RJ
f6e680d7d727a699aa6a16bc524be196,4018b24eae5aab1b61cdd21b8dd86aec,delivered,2017-10-11 09:31:32,2017-10-13 16:49:43,2017-10-16 20:40:00,2017-10-17 15:48:57,2017-10-25,1,25cf099de44674fde97473224f9d59ab,27.18,8.72,2017-10-20 17:49:43,SP,13285,SP,6716,5.4642129629629625,0.7978819444444445,-7.341006944444445,0,0,on_time,5.0,SP->SP
5e105321549880c6b806ccb3605eb980,2fd639782d6044fb98e1370ce3acef0b,delivered,2018-07-23 09:19:56,2018-07-23 14:31:47,2018-07-23 15:21:00,2018-07-31 18:42:29,2018-08-14,1,46dc3b2cc0980fb8ec44634e21d2718e,219.99,71.75,2018-07-25 12:31:36,PI,64860,RJ,22240,0.2507407407407407,8.13991898148148,-13.220497685185183,0,0,on_time,5.0,RJ->PI
2a5fd2bee90721df67729d2e85221278,aca1c958b4ce2b798919091d10296965,delivered,2018-05-22 21:38:57,2018-05-22 21:58:28,2018-05-23 10:55:00,2018-05-24 15:10:55,2018-06-11,1,5f1dc28029d2c244352a68107ec2b542,45.75,7.39,2018-06-04 21:57:58,SP,18110,SP,5126,0.5528125,1.1777199074074074,-17.36741898148148,0,0,on_time,5.0,SP->SP
423000c9a3d2d87b594ab701c1c9b944,266ea96d600b62246fb3da9f76b123af,delivered,2018-02-01 17:34:13,2018-02-01 17:53:02,2018-02-06 22:22:14,2018-02-20 00:34:52,2018-02-23,1,ea8482cd71df3c1969d7b9473ff13abc,39.99,14.1,2018-02-07 17:53:02,RJ,22631,SP,4160,5.200011574074074,13.092106481481482,-2.975787037037037,0,0,on_time,5.0,SP->RJ
d239a31dde13f5e8fedc8c79c9ea4193,8c456c6fd5c7e0a5266d19e071108581,delivered,2018-04-12 16:08:04,2018-04-13 13:14:28,2018-04-13 22:51:49,2018-04-30 22:12:02,2018-05-10,1,f181738b150df1f37cb0bd72e705b193,219.0,46.88,2018-04-19 13:14:28,BA,40210,SP,6317,1.2803819444444444,16.972372685185185,-9.074976851851853,0,0,on_time,5.0,SP->BA
cfac0d6ffa23400c25da017e69a17370,af228f53b88e6a0fe167b55a8e6c8af2,delivered,2018-07-20 10:07:02,2018-07-20 10:23:54,2018-07-20 15:25:00,2018-07-24 17:39:46,2018-08-03,1,845e8036c3f7bf62099352f5ed910240,98.9,23.45,2018-07-24 10:23:54,SP,1312,RJ,21041,0.2208101851851852,4.093587962962963,-9.264050925925924,0,0,on_time,4.0,RJ->SP
84898d879641fa3dfb557d681959b311,bcee620f132246866385b6d2dd091d89,delivered,2017-05-18 07:58:46,2017-05-18 08:10:11,2017-05-19 17:00:45,2017-05-24 13:46:37,2017-06-13,1,5c243662ce92d84573bfaff24c3e3700,467.0,17.02,2017-05-26 08:10:11,PR,82130,SP,3702,1.3763773148148148,4.865185185185185,-19.42596064814815,0,0,on_time,5.0,SP->PR
1253e106e963fdd39c5d94a79823275c,9a4a7dff95dab2ac949bc027f788c9f4,delivered,2018-03-30 22:18:33,2018-03-30 22:30:26,2018-04-03 19:13:43,2018-04-26 19:02:42,2018-05-04,1,1835b56ce799e6a4dc4eddc053f04066,29.99,19.32,2018-04-04 22:30:26,RJ,21021,SP,14940,3.8716435185185194,22.99234953703704,-7.206458333333333,0,0,on_time,4.0,SP->RJ
640733ad0bfd6eb8b4fa7c5a66188380,6bb2826a0f01d7424f7c54433b315cf2,delivered,2018-07-18 11:02:45,2018-07-19 08:22:41,2018-07-19 15:10:00,2018-07-24 16:46:41,2018-08-01,1,056b4ada5bbc2c50cc7842547dda6b51,129.99,19.01,2018-07-23 08:22:41,SP,11360,RJ,26379,1.171701388888889,5.067141203703704,-7.300914351851852,0,0,on_time,5.0,RJ->SP
4599caaeb7614fc2c3aa1d74531005e1,6b7d1dd42181e388028e9ac8d8045168,delivered,2017-09-06 12:12:25,2017-09-07 10:33:48,2017-09-08 15:29:55,2017-09-21 12:40:25,2017-10-05,1,6560211a19b47992c3666cc44a7e94c0,29.0,17.63,2017-09-13 10:33:48,PA,66073,SP,5849,2.1371527777777777,12.882291666666667,-13.47193287037037,0,0,on_time,5.0,SP->PA
d88817e778e1757d6b7ea060be13a7f3,1123655082f805a8926e8a53ee60b01d,delivered,2017-05-23 19:52:33,2017-05-25 06:42:42,2017-05-25 15:15:10,2017-06-02 10:16:03,2017-06-14,1,0ea22c1cfbdc755f86b9b54b39c16043,34.8,30.2,2017-05-31 06:42:42,SP,12630,MG,35700,1.8073726851851848,7.792280092592593,-11.5721875,0,0,on_time,5.0,MG->SP
43f1558f9eec3596990432207c65c146,e4d20765e70b7bdc41584e4f7b53b530,delivered,2017-08-28 20:03:11,2017-08-29 04:35:50,2017-08-30 19:42:06,2017-09-08 16:25:57,2017-09-08,1,a49928bcdf77c55c6d6e05e09a9b4ca5,79.9,11.76,2017-09-04 04:35:50,SP,7161,SP,3017,1.985358796296296,8.863784722222222,0.6846875,1,0,carrier,4.0,SP->SP
cb2ad554e5c2af7151fa9b324750df29,2b2ca3bbc17d390a83940038b7bb3e74,delivered,2017-03-10 19:44:33,2017-03-10 19:44:33,2017-03-13 10:44:30,2017-03-21 15:06:07,2017-03-31,1,5a8e7d5003a1f221f9e1d6e411de7c23,19.9,14.52,2017-03-16 19:44:33,MG,34710,SP,13076,2.6249652777777777,8.181678240740741,-9.370752314814816,0,0,on_time,1.0,SP->MG
0a275b76a325d0ea648f62a087597d85,ba41199b46562b87c3d00a2f85bdf386,delivered,2017-08-03 19:02:29,2017-08-03 19:15:20,2017-08-11 18:47:55,2017-08-15 15:23:42,2017-08-30,1,6a51fc556dab5f766ced6fbc860bc613,194.9,13.7,2017-08-09 19:15:20,SP,4904,SP,17500,7.989884259259259,3.85818287037037,-14.358541666666667,0,1,on_time,4.0,SP->SP
b8188e1985fbf9e2b94e3a0b64d58074,8da05b4f4446f3369da2122d0b381c3b,delivered,2018-03-29 14:21:49,2018-03-29 14:34:21,2018-04-04 21:42:18,2018-04-05 13:41:27,2018-04-18,1,53e4c6e0f4312d4d2107a8c9cddf45cd,75.0,11.15,2018-04-04 14:30:31,SP,3810,SP,13920,6.305891203703704,0.6660763888888889,-12.42954861111111,0,1,on_time,4.0,SP->SP
204db9688bc8186b733dc3104b6616bc,448c2fc1c28370b7fd12f611282d4dd1,delivered,2018-03-26 22:10:11,2018-03-26 22:27:37,2018-03-29 01:07:44,2018-04-13 20:52:04,2018-04-06,1,0dd184061fb0eaa7ca37932c68ab91c5,104.0,14.72,2018-04-01 22:27:37,SP,2649,SP,7031,2.123298611111111,15.822453703703705,7.869490740740741,1,0,carrier,1.0,SP->SP
ab9bec57955006309507e61f3bd2d21a,8357f83328ee3f5e579988844539522d,delivered,2018-06-13 18:05:40,2018-06-14 02:39:25,2018-06-15 07:45:00,2018-06-27 13:11:22,2018-07-17,1,e9779976487b77c6d4ac45f75ec7afe9,28.9,22.13,2018-06-20 02:31:20,BA,42702,SP,11701,1.5689814814814815,12.226643518518518,-19.45043981481481,0,0,on_time,4.0,SP->BA
19ee33bc4d781b94196719ab012adc42,b4d0f712604684b87ee4d14c43a422dd,delivered,2017-03-24 22:56:33,2017-03-28 03:46:00,2017-03-28 13:22:21,2017-04-03 18:17:04,2017-04-17,1,48162d548f5b1b11b9d29d1e01f75a61,307.3,27.65,2017-04-03 03:46:00,MG,38480,SP,13403,3.60125,6.204664351851852,-13.238148148148149,0,0,on_time,5.0,SP->MG
4f26458e3155ac93aa479a6d3ab6f909,d4fd1b1267b39e94b38a282c2d80e7ae,delivered,2017-04-03 20:47:44,2017-04-04 05:45:26,2017-04-05 14:57:37,2017-04-10 15:05:05,2017-04-27,1,85d9eb9ddc5d00ca9336a2219c97bb13,27.9,14.52,2017-04-11 05:45:26,SP,8820,MG,31255,1.756863425925926,5.005185185185185,-16.37146990740741,0,0,on_time,4.0,MG->SP
395524f8aeeae5579f5b660148e450bc,1f31410fe9060920ac77faf5ad2e3632,delivered,2018-01-21 09:03:17,2018-01-22 13:44:32,2018-02-05 14:53:18,2018-02-23 20:49:10,2018-02-23,1,7c67e1448b00f6e969d365cea6b010ab,79.99,18.27,2018-02-05 13:44:32,SP,2845,SP,8577,15.24306712962963,18.24712962962963,0.8674768518518519,1,1,seller,5.0,SP->SP
70a25f8b804c7e220927839f1b869626,2c13b31ed30512fc84164e15692dcf53,delivered,2017-03-30 13:28:48,2017-03-30 13:42:17,2017-03-30 14:25:26,2017-04-03 17:20:13,2017-04-19,1,c3867b4666c7d76867627c2f7fb22e21,138.0,12.36,2017-04-05 13:42:17,SP,7713,SP,14580,0.0393287037037037,4.121377314814815,-15.277627314814817,0,0,on_time,5.0,SP->SP
0f21631dd255a459deaaafb7a98600dd,c75bab5761473acd4dab00d2ef0e4775,delivered,2017-06-13 17:10:36,2017-06-13 17:23:15,2017-06-14 07:58:04,2017-06-21 16:33:05,2017-07-12,1,da8622b14eb17ae2831f4ac5b9dab84a,199.8,35.9,2017-06-19 17:22:45,GO,76160,SP,13405,0.6162962962962963,7.357650462962963,-20.310358796296292,0,0,on_time,5.0,SP->GO
d77cf2f162aee9c140d2b98ed09019c9,608e2ee5f057c6da607b3fcceeac2cda,delivered,2017-11-24 23:37:48,2017-11-25 02:19:28,2017-11-28 21:28:54,2017-12-29 12:54:05,2017-12-20,1,cc419e0650a3c5ba77189a1882b7556a,56.99,14.15,2017-12-05 02:19:28,DF,71065,SP,9015,3.910486111111111,30.64248842592593,9.537557870370373,1,0,carrier,1.0,SP->DF
27a8554e167c321378d1c899a0b8b8f6,c129e739a0d59a850211e19070d9419e,delivered,2018-01-22 17:31:43,2018-01-22 17:54:16,2018-01-23 20:32:42,2018-02-17 18:31:37,2018-02-15,1,ec8879960bd2221d5c32f8e12f7da711,129.9,23.23,2018-01-29 17:54:16,RJ,22775,SP,13253,1.1256828703703703,24.915914351851853,2.7719560185185186,1,0,carrier,1.0,SP->RJ
aef435f2f2eacf2953e3f43710f594b8,5077fb20d8634ca6f8e48bec6d8b70df,delivered,2017-11-09 20:41:12,2017-11-09 20:56:00,2017-11-14 22:37:43,2017-11-20 14:14:30,2017-11-29,1,3d871de0142ce09b7081e2b9d1733cb1,79.0,13.57,2017-11-16 20:56:00,SP,6040,SP,13232,5.080914351851852,5.650543981481482,-8.406597222222222,0,0,on_time,4.0,SP->SP
43671c3e31b4bf4bf44ff94a4b6e6db5,b9eda58724d0b0c95a21c14bc9a817ee,delivered,2018-02-20 20:51:22,2018-02-20 21:27:43,2018-02-21 21:22:14,2018-03-06 17:27:00,2018-03-13,1,955fee9216a65b617aa5c0531780ce60,69.9,16.12,2018-02-27 21:27:43,SP,13290,SP,4782,1.0214351851851853,12.83664351851852,-6.272916666666666,0,0,on_time,4.0,SP->SP
e55d37ca80ab6c42708d1f5320ac3c7a,3dfb495ec8f6000b978490cba051c21d,delivered,2017-11-24 11:12:43,2017-11-24 13:15:58,2017-11-27 19:54:28,2017-12-16 14:46:50,2017-12-21,1,fe2032dab1a61af8794248c8196565c9,159.9,19.66,2017-11-30 13:15:58,CE,60160,SP,13030,3.362326388888889,18.78636574074074,-4.384143518518519,0,0,on_time,5.0,SP->CE
0ea360b42c5a190e93cf980fe3e1b736,36bf46cc485c39535135c33447264e2d,delivered,2018-01-15 17:03:20,2018-01-15 17:12:25,2018-01-16 16:03:15,2018-01-26 20:48:37,2018-02-07,1,09f952a5f58d2285b0372551ae8f9b01,169.0,18.43,2018-01-19 17:12:25,PR,87025,SP,9725,0.958275462962963,10.198171296296296,-11.132905092592592,0,0,on_time,1.0,SP->PR
0dd96ab2fca2927658c83b7e2e954ec9,b2f66716339acf3fd29df8cb5ad63158,delivered,2017-07-09 01:55:26,2017-07-09 02:05:22,2017-07-10 12:47:55,2017-07-22 13:24:37,2017-08-01,1,4c2b230173bb36f9b240f2b8ac11786e,39.9,14.1,2017-07-13 02:05:22,RJ,20765,SP,3933,1.453113425925926,12.02548611111111,-9.441238425925926,0,0,on_time,5.0,SP->RJ
865a538da589ac50d21a0fb922afabdc,6aedef640dd95d641cc06add41083177,delivered,2018-05-14 13:28:34,2018-05-14 13:56:59,2018-05-15 14:44:00,2018-05-16 20:47:03,2018-05-22,1,b8555308bfdb4ca1ed54325a58da9a97,94.9,12.57,2018-05-16 13:56:59,SP,3561,SP,9751,1.0523842592592592,1.2521180555555556,-5.133993055555556,0,0,on_time,5.0,SP->SP
2ca8cb6bbc44be38933576d3355ab023,ecc01a7db7e16645ce32042b7f83beb5,delivered,2017-12-30 14:32:09,2017-12-30 14:46:38,2018-01-02 16:05:02,2018-01-31 22:35:15,2018-02-01,1,048c2757535328e0d7dac690ad3c0aae,199.7,18.65,2018-01-05 14:46:38,RJ,26520,SP,14406,3.0645023148148147,29.270983796296296,-0.0588541666666666,0,0,on_time,5.0,SP->RJ
d15b470095fbc3ced455be6889f344fc,9a475fe526423c7bcb501e5646988e03,delivered,2017-06-24 20:01:58,2017-06-24 20:10:30,2017-06-27 10:46:02,2017-07-05 15:07:48,2017-07-26,1,cca3071e3e9bb7d12640c9fbe2301306,21.9,15.1,2017-07-07 20:10:30,PR,82220,SP,14940,2.613935185185185,8.181782407407407,-20.36958333333333,0,0,on_time,4.0,SP->PR
3ee542a715481176869e6cf2772d202e,b4fe4a3c0b4eeb9965ee44a06331d776,delivered,2018-06-15 17:36:25,2018-06-18 10:33:41,2018-06-18 14:34:00,2018-06-21 10:04:25,2018-07-12,1,99a54764c341d5dc80b4a8fac4eba3fb,17.9,27.11,2018-06-20 10:31:06,MG,33900,SP,3273,2.8733217592592597,2.812789351851852,-20.580266203703705,0,0,on_time,5.0,SP->MG
1637fe3bb334a5aa79e8731cc76891b5,e837a3746937ea3957c5c12deb313036,delivered,2018-08-13 15:59:07,2018-08-14 04:50:16,2018-08-14 14:33:00,2018-08-15 19:03:16,2018-08-17,1,9f505651f4a6abe901a56cdc21508025,49.0,7.6,2018-08-16 04:50:16,SP,12246,SP,4102,0.9401967592592592,1.1876851851851853,-1.2060648148148148,0,0,on_time,5.0,SP->SP
ca649df2968bbbc843a5c75c7bc803ba,2cfe4a934e085d0311823648400e4cd2,delivered,2017-11-14 11:33:24,2017-11-14 11:50:41,2017-11-17 21:52:55,2017-11-28 01:40:39,2017-12-07,1,a416b6a846a11724393025641d4edd5e,420.0,23.34,2017-11-21 11:50:41,CE,60115,SP,3702,3.430219907407408,10.158148148148149,-8.930104166666666,0,0,on_time,4.0,SP->CE
140f3f5e8668adb28164b2718f2d309b,eff301f10ee34644b4fd64e3900468ee,delivered,2017-09-12 16:35:37,2017-09-14 03:05:57,2017-09-14 20:44:05,2017-09-20 17:51:23,2017-09-29,1,81a1104df0f08b59c68aa5b03cfe398e,99.9,21.54,2017-09-20 03:05:57,SP,8595,PR,83020,2.1725462962962965,5.880069444444445,-8.255983796296297,0,0,on_time,5.0,PR->SP
cdbe906438125d1d5bf88bb289f8ed61,af684ccf558442d5fa8d9daa7456ac76,delivered,2018-08-02 12:25:18,2018-08-02 13:15:22,2018-08-03 11:51:00,2018-08-06 13:28:35,2018-08-09,1,ca4b77513ac2040591b0d8fae6958380,123.47,9.02,2018-08-08 13:15:22,SP,4532,SP,9190,0.9761805555555556,3.067766203703704,-2.438483796296296,0,0,on_time,4.0,SP->SP
dc2c80fa5a4e2aa29182d399748d548b,3d6ef247a5922e5ea04d1d8a03fbea07,delivered,2017-04-18 07:49:34,2017-04-19 02:50:47,2017-04-20 10:43:52,2017-05-24 14:10:10,2017-05-11,1,7008613ea464bad5cb9b83456e1e6a8f,29.5,14.52,2017-04-26 02:50:47,SP,12948,SC,89460,2.1210416666666667,34.14326388888889,13.59039351851852,1,0,carrier,5.0,SC->SP
acd8818cd21fdfa62f891ceb60326435,5f1d84b91a9d31c732191a8ee84d87ee,delivered,2017-12-09 05:52:55,2017-12-09 12:30:26,2017-12-15 21:28:39,2017-12-19 16:48:43,2017-12-29,1,6039e27294dc75811c0d8a39069f52c0,369.9,23.24,2017-12-15 12:30:26,SP,4104,SP,6162,6.649814814814815,3.805601851851852,-9.299502314814816,0,1,on_time,3.0,SP->SP
7de45d1340279aa6e3847ffa7bb235a6,9d69e5f040338b1a1ecbaa9ed6091454,delivered,2017-09-08 13:16:15,2017-09-09 06:34:35,2017-09-12 15:22:19,2017-09-25 14:04:18,2017-10-16,1,8e6cc767478edae941d9bd9eb778d77a,101.7,29.11,2017-09-14 06:34:35,RS,93900,MG,38442,4.0875462962962965,12.94582175925926,-20.413680555555555,0,0,on_time,3.0,MG->RS
d93a680cc497c0df20ea2023a89dc68e,ae75ad8219b66770df6013a8aaaf8d64,delivered,2018-01-20 18:29:52,2018-01-20 18:38:06,2018-01-29 21:28:00,2018-03-13 21:06:07,2018-02-20,1,972d0f9cf61b499a4812cf0bfa3ad3c4,84.44,17.84,2018-01-25 18:38:06,SP,11669,SC,88359,9.123703703703704,42.98480324074074,21.879247685185184,1,1,seller,1.0,SC->SP
899577f2593c989a57a6826564281737,293ee146b914cd15eb250e690de55e4c,delivered,2018-06-11 16:41:48,2018-06-11 17:20:02,2018-06-12 12:41:00,2018-06-13 19:08:41,2018-06-21,1,099095b050cfe8eb1ddff5317587e96e,179.98,18.76,2018-06-14 17:20:02,SP,3647,SP,3322,0.8327777777777777,1.269224537037037,-7.202303240740741,0,0,on_time,1.0,SP->SP
0656252be8b31ab4b264a730f9e600cb,a553a10c8f858e664fe7cb71db0697a4,delivered,2018-03-07 14:11:18,2018-03-07 14:29:49,2018-03-20 16:50:18,2018-03-22 19:13:41,2018-04-04,1,7c67e1448b00f6e969d365cea6b010ab,119.99,18.95,2018-03-21 14:29:49,SP,13086,SP,8577,13.110416666666667,2.099571759259259,-12.198831018518518,0,0,on_time,5.0,SP->SP
139566ca96ac60204ca4fc24f52d8c83,e2116c1275cd10d59e6a0e0562b711d1,delivered,2017-11-25 16:02:08,2017-11-25 16:14:29,2017-11-30 19:12:39,2017-12-18 21:33:38,2017-12-22,1,fa1a9dec3a9940c072684a46728bf1fc,119.9,20.08,2017-11-30 16:14:29,RJ,26022,SC,88820,5.1323032407407405,18.097905092592597,-3.1016435185185185,0,1,on_time,4.0,SC->RJ
029e9be2972cf662f2cb336e98872ae3,3c420d15857f754a4d41196173c9f412,delivered,2018-04-27 23:20:59,2018-04-27 23:30:51,2018-05-02 11:12:00,2018-05-09 18:38:43,2018-05-21,1,f214d28e8d8e3ef068748498ccc2f813,34.99,15.23,2018-05-03 23:30:28,MS,79004,SP,3872,4.493761574074074,7.310219907407407,-11.223113425925924,0,0,on_time,5.0,SP->MS
0c73113256d69beb31380c221529f19b,33728393eaaf9ce7c3ba59d63f31c26a,delivered,2018-02-09 11:37:38,2018-02-10 11:30:28,2018-02-14 20:03:30,2018-02-16 02:36:58,2018-02-23,1,8b321bb669392f5163d04c59e235e066,13.65,8.72,2018-02-15 11:30:28,SP,4087,SP,1212,5.351296296296296,1.273240740740741,-6.89099537037037,0,0,on_time,5.0,SP->SP
7e37205095a33d75e22174f95e4d0ddd,0cfaa39c9decea286fe63edb1cf51507,delivered,2017-07-14 15:24:39,2017-07-14 15:35:13,2017-07-18 20:12:24,2017-07-26 10:05:05,2017-08-03,1,a416b6a846a11724393025641d4edd5e,179.9,13.6,2017-07-20 15:35:13,SP,14620,SP,3702,4.199826388888889,7.578252314814815,-7.57980324074074,0,0,on_time,4.0,SP->SP
2518ab54f9eb6abe9cc565781285ddc2,11f86849fabf1a209367df3dc957d670,delivered,2017-06-14 22:51:45,2017-06-14 23:05:15,2017-06-16 12:36:30,2017-06-28 16:17:33,2017-07-17,1,2138ccb85b11a4ec1e37afbd1c8eda1f,28.99,16.79,2017-06-20 23:05:15,BA,45810,SP,8250,1.5727430555555555,12.153506944444445,-18.321145833333333,0,0,on_time,4.0,SP->BA
30b0ea32347476f4b427daf62e09a5bb,9d9cfbce48737214f23bf294daf3c6f7,delivered,2017-08-12 19:20:39,2017-08-12 19:30:17,2017-08-14 18:26:28,2017-08-17 18:28:10,2017-09-05,1,c731d18cea9bf687ffee82a241c25b11,174.0,39.06,2017-08-17 19:30:17,SP,9371,SC,89701,1.9623726851851853,3.0011805555555555,-18.23043981481481,0,0,on_time,5.0,SC->SP
17fc4628dc62ac11a17e27e75ae9afdc,a9934e1ebc947bc31e0fef7714b93c66,delivered,2017-10-29 21:31:29,2017-10-29 21:44:48,2017-10-30 19:12:39,2017-11-13 22:32:47,2017-11-10,1,6560211a19b47992c3666cc44a7e94c0,29.0,7.78,2017-11-03 21:44:48,SP,4831,SP,5849,0.903587962962963,14.138981481481482,3.9394328703703705,1,0,carrier,1.0,SP->SP
80b77c666e1dab43571417e42bc149e5,81c3b601c6ca9c5dbe3b9a56a40a2b80,delivered,2017-12-07 15:42:49,2017-12-07 15:53:25,2017-12-08 20:39:28,2017-12-19 17:28:58,2018-01-04,1,2138ccb85b11a4ec1e37afbd1c8eda1f,39.99,15.1,2017-12-13 15:53:25,MG,35660,SP,8250,1.2060069444444443,10.867708333333333,-15.271550925925926,0,0,on_time,1.0,SP->MG
198cbd4bd806061597b3f8fbdf126ad6,5c9d09439a7815d2c59d2242d90b296c,delivered,2018-07-28 09:39:51,2018-07-28 09:50:14,2018-07-30 11:27:00,2018-08-07 16:51:49,2018-08-27,1,f7ba60f8c3f99e7ee4042fdef03b70c4,1650.0,106.1,2018-07-31 09:50:14,CE,60310,SP,9628,2.074409722222222,8.22556712962963,-19.29734953703704,0,0,on_time,4.0,SP->CE
fe00e26eb05c951aad5cbc6b7f602edb,28ae744ec6e6b95d5cb8e45738080605,delivered,2018-05-23 11:46:15,2018-05-24 02:18:25,2018-05-24 17:08:00,2018-06-06 20:22:10,2018-06-20,1,8160255418d5aaa7dbdc9f4c64ebda44,114.9,23.38,2018-05-29 02:18:25,RJ,25240,SP,14940,1.2234375,13.134837962962964,-13.151273148148148,0,0,on_time,4.0,SP->RJ
8c48a29935d95dd45daa77ac63f6786d,e27c12dc6178ba111a48e4fe8deaca15,delivered,2018-08-23 09:57:21,2018-08-23 10:10:18,2018-08-23 14:03:00,2018-08-28 17:36:20,2018-09-11,1,8a43128d7f9a3db592b866e6861a6cce,94.9,18.76,2018-08-28 10:10:18,MG,38800,SP,8080,0.1705902777777777,5.148148148148148,-13.266435185185186,0,0,on_time,1.0,SP->MG
085505e898297808653c70305ae11f47,956cc3292d13bea359eaf6683f410bf6,delivered,2018-01-24 12:33:01,2018-01-24 15:16:18,2018-01-25 23:29:01,2018-02-07 09:39:23,2018-02-21,1,8ab42aa58097fd4668d60cc648225d5f,504.9,92.89,2018-01-30 15:16:18,SP,16401,GO,74150,1.4555555555555555,12.42386574074074,-13.597650462962964,0,0,on_time,5.0,GO->SP
ac80289f28f597052345117f4d4720ea,1c255703c54df2a7a2d7a756ec70b210,delivered,2017-11-08 18:45:19,2017-11-08 18:55:55,2017-11-09 18:38:53,2017-11-20 18:45:46,2017-12-04,1,1835b56ce799e6a4dc4eddc053f04066,29.99,15.1,2017-11-14 18:55:25,SC,89075,SP,14940,0.9955324074074074,11.004780092592592,-13.218217592592593,0,0,on_time,5.0,SP->SC
718db37c9161a7d6124c332ea8780b19,d71ad29a42d24318dd3059f288e2854e,delivered,2017-10-21 10:40:14,2017-10-21 10:49:29,2017-10-23 19:42:47,2017-10-27 21:51:59,2017-11-09,1,3d871de0142ce09b7081e2b9d1733cb1,120.0,13.86,2017-10-26 10:49:29,SP,9760,SP,13232,2.376770833333333,4.089722222222222,-12.088900462962965,0,0,on_time,5.0,SP->SP
fa55043a687b814114cc0aec038ff1b7,3f9d209f9535615d0b936238dec7ae96,delivered,2018-02-11 19:21:17,2018-02-11 19:35:30,2018-02-19 23:38:36,2018-03-06 12:50:48,2018-03-28,1,710e3548e02bc1d2831dfc4f1b5b14d4,99.99,19.94,2018-02-15 19:35:30,MG,36570,PR,86600,8.17869212962963,14.550138888888888,-21.46472222222222,0,1,on_time,1.0,PR->MG
ad2366f215c672f85bfba7336350ee8b,04766c84e9c55280866c5adb180dd21c,delivered,2018-01-04 14:15:24,2018-01-05 02:33:36,2018-01-05 23:14:36,2018-01-22 16:37:05,2018-02-05,1,709e16e2b25c7474d980076c6bfc4806,75.8,51.26,2018-01-11 02:33:36,CE,60450,SP,16200,1.3744444444444444,16.72394675925926,-13.30758101851852,0,0,on_time,4.0,SP->CE
5acce57f8d9dfd55fa48e212a641a69d,295ae9b35379e077273387ff64354b6f,delivered,2017-07-31 21:37:10,2017-08-02 02:56:02,2017-08-03 18:32:48,2017-08-08 21:24:41,2017-08-22,1,85d9eb9ddc5d00ca9336a2219c97bb13,27.9,15.1,2017-08-08 02:56:02,SP,19780,MG,31255,2.8719675925925925,5.1193634259259255,-13.107858796296297,0,0,on_time,5.0,MG->SP
ad77addff836770adc988cb6b4b1d529,3fbf2a71c639926ce379d4c50b475e98,delivered,2018-07-16 18:59:50,2018-07-17 04:15:18,2018-07-19 10:14:00,2018-07-30 16:18:52,2018-08-15,1,1025f0e2d44d7041d6cf58b6550e0bfa,230.0,108.07,2018-07-25 04:15:18,PE,56903,SP,3204,2.634837962962963,11.25337962962963,-15.320231481481482,0,0,on_time,5.0,SP->PE
0f3827e8b786c3d934c0863c1690603d,3b00ef5e72ddc9ea0209d45514deddec,delivered,2017-01-21 08:50:04,2017-01-21 09:05:14,2017-01-23 11:06:28,2017-02-02 16:12:11,2017-02-22,1,cca3071e3e9bb7d12640c9fbe2301306,99.9,17.44,2017-01-27 08:50:04,RJ,27211,SP,14940,2.0947222222222224,10.21230324074074,-19.324872685185184,0,0,on_time,4.0,SP->RJ
16527c396116912b555fa6c932501c08,9ddc63a77d0557bc59e02af0e546a644,delivered,2018-05-11 16:40:14,2018-05-11 16:59:54,2018-05-15 12:54:00,2018-05-24 21:48:46,2018-06-04,1,f7ba60f8c3f99e7ee4042fdef03b70c4,330.0,15.79,2018-05-16 16:59:54,MT,78142,SP,9628,3.8428935185185193,9.37136574074074,-10.09113425925926,0,0,on_time,4.0,SP->MT
9b652bd154e0804cb616f5e7c991e3f2,07bb973d937f79716f72adaccd6a4d17,delivered,2018-01-06 18:03:07,2018-01-06 18:13:24,2018-01-10 18:40:18,2018-01-19 20:38:44,2018-02-08,1,1f50f920176fa81dab994f9023523100,49.9,17.6,2018-01-11 18:13:24,RJ,27350,SP,15025,4.02582175925926,9.082245370370371,-19.13976851851852,0,0,on_time,4.0,SP->RJ
bea86cb4ad19aaeb7bb4bd8f06066c03,8084cd8587e998d6d3abce1ab618e927,delivered,2018-03-25 19:15:10,2018-03-25 19:30:39,2018-03-28 15:38:36,2018-04-04 20:49:07,2018-04-18,1,6f83d9e4da896daae20b9b6b2d3ff8d2,56.89,18.28,2018-03-29 19:30:39,SP,6363,PR,84925,2.849606481481481,7.215636574074074,-13.13255787037037,0,0,on_time,5.0,PR->SP
ef21cb9d3fa728f51493d679143b7834,a684554378131af35310b25179278c1c,delivered,2017-11-25 13:16:54,2017-11-25 13:33:22,2017-11-27 23:16:44,2017-11-29 23:03:39,2017-12-21,1,dbc22125167c298ef99da25668e1011f,94.9,14.39,2017-12-06 13:31:28,MG,32285,MG,37564,2.416550925925926,1.990914351851852,-21.03913194444445,0,0,on_time,4.0,MG->MG
e23a2679ade434eac3bad78376898279,b477418308092b09b13af032ca19cc52,delivered,2017-10-23 15:02:24,2017-10-23 15:14:17,2017-10-24 19:29:48,2017-10-27 19:13:06,2017-11-09,1,37515688008a7a40ac93e3b2e4ab203f,24.5,11.85,2017-10-27 15:14:17,SP,6283,SP,17900,1.1856944444444444,2.988402777777778,-12.19923611111111,0,0,on_time,4.0,SP->SP
18050dfa4c5ef22446a2068184b7365b,7108879872a17e0bdf96b1fee4ac5146,delivered,2017-11-14 10:17:06,2017-11-15 03:07:04,2017-11-23 18:21:10,2017-12-09 16:42:42,2017-12-08,1,827f8f69dfa529c561901c4f2e0f332f,25.5,15.1,2017-11-21 03:06:34,RS,97650,PR,81880,9.336157407407407,15.93162037037037,1.6963194444444445,1,1,seller,5.0,PR->RS
58d91d85a637d0643c2cd08aefd19532,1a6cd0a83e267eaa437287934d11f6f9,delivered,2017-11-30 11:17:36,2017-11-30 13:31:19,2017-11-30 21:47:29,2017-12-10 15:32:58,2018-01-02,1,670c26e0f1bf8d0576271d5cfaec6d2b,87.5,17.05,2017-12-06 12:19:57,MG,38444,PR,87025,0.4374189814814815,9.739918981481482,-22.35210648148148,0,0,on_time,5.0,PR->MG
12b69999b64f73f3cdfa23512584c8d5,d203390b72cc70cb976b41a67a236920,delivered,2017-07-22 13:49:39,2017-07-22 14:05:42,2017-07-26 18:32:47,2017-08-08 22:42:26,2017-08-25,1,128639473a139ac0f3e5f5ade55873a5,16.9,42.38,2017-07-27 14:05:42,RO,76803,PR,87050,4.19662037037037,13.173368055555557,-16.05386574074074,0,0,on_time,4.0,PR->RO
1c47e7875c7c3bd3399467e179c5c3bf,920262e9d102e1706e797902ac8e9d4b,delivered,2017-01-27 01:24:22,2017-01-28 03:31:13,2017-01-30 11:45:17,2017-02-08 10:45:40,2017-02-23,1,522620dcb18a6b31cd7bdf73665113a9,223.9,15.74,2017-01-31 01:24:22,SP,1258,PR,85801,3.431192129629629,8.958599537037037,-14.55162037037037,0,0,on_time,5.0,PR->SP
b4d859fb4b08bfe5535ae5c37e658715,966b9cbe267afb17f5da34ba905a34fa,delivered,2017-11-28 09:42:22,2017-11-28 09:58:45,2017-12-01 19:28:57,2018-01-16 19:48:06,2017-12-22,1,cc419e0650a3c5ba77189a1882b7556a,56.99,14.15,2017-12-07 09:58:45,RJ,24210,SP,9015,3.407349537037037,46.01329861111111,25.825069444444445,1,0,carrier,1.0,SP->RJ
e744b459a81d067a5c0a90c621296e61,e49c5d6699b920c3fb2584ca3492e88f,delivered,2017-11-09 18:29:13,2017-11-09 18:46:49,2017-11-11 18:21:34,2017-11-20 18:59:44,2017-12-06,1,7ddcbb64b5bc1ef36ca8c151f6ec77df,27.99,17.63,2017-11-16 18:46:49,PE,53280,SP,4403,1.9946875,9.02650462962963,-15.20851851851852,0,0,on_time,4.0,SP->PE
afe661fe4e225fc1ffcaf01fb11a52c3,7184f07788503ac3f80785236fc693fa,delivered,2017-10-01 18:32:59,2017-10-01 18:49:55,2017-10-05 21:35:03,2017-10-21 07:47:44,2017-10-24,1,440dd6ab244315c632130ecfb63827b1,159.9,14.14,2017-10-05 18:49:55,SP,8421,SP,15502,4.126435185185185,15.425474537037037,-2.6751851851851853,0,1,on_time,3.0,SP->SP
f8fee5c95b443de37ac3a41371fb1e0b,2f4bb8c2fc25643fbe67ba5c85c007e7,delivered,2018-02-21 20:29:43,2018-02-22 17:15:55,2018-02-27 17:22:24,2018-03-21 19:34:28,2018-03-21,1,87142160b41353c4e5fca2360caf6f92,135.0,31.62,2018-02-28 17:15:55,PE,53040,RS,90230,5.869918981481481,22.09171296296296,0.8156018518518519,1,0,carrier,5.0,RS->PE
db4c3f7858a333ee70e9bbf31768f704,855b3bf88a29a543905f5d4f10860f7d,delivered,2018-01-11 11:26:04,2018-01-11 11:36:28,2018-01-17 23:38:54,2018-01-19 19:32:06,2018-01-30,1,c826c40d7b19f62a09e2d7c5e7295ee2,122.99,9.06,2018-01-17 11:36:28,SP,5586,SP,7133,6.508912037037037,1.8286111111111112,-10.186041666666666,0,1,on_time,4.0,SP->SP
b7c92b52380e90147a144b28154ef33b,08a1e1dc736d953d1deb2bcf41ceaa3e,delivered,2018-01-05 10:41:37,2018-01-05 10:48:23,2018-01-09 19:25:12,2018-01-13 12:54:35,2018-01-31,1,81a1104df0f08b59c68aa5b03cfe398e,99.9,16.95,2018-01-11 10:48:23,SP,8090,PR,83020,4.363599537037037,3.728738425925926,-17.46209490740741,0,0,on_time,3.0,PR->SP
0a36bd172604d49ae57f2ae440a0dc70,c7079118b666659ab965232b538299af,delivered,2018-07-27 20:36:15,2018-07-27 20:50:08,2018-07-30 13:11:00,2018-08-10 14:38:43,2018-09-13,1,c8b0e2b0a7095e5d8219575d5e7e1181,199.99,28.35,2018-07-31 20:50:08,BA,45834,SP,8598,2.690798611111111,11.060914351851851,-33.389780092592595,0,0,on_time,5.0,SP->BA
c7a7c97d430f40628efc0f1e41f723b1,829da742aa5592be758793631d4afcf4,delivered,2018-07-05 09:39:44,2018-07-05 16:15:56,2018-07-05 14:58:00,2018-07-11 19:12:24,2018-08-01,1,4e922959ae960d389249c378d1c939f5,298.0,20.19,2018-07-11 10:31:57,GO,76400,SP,12327,0.2210185185185185,6.176666666666667,-20.19972222222222,0,0,on_time,5.0,SP->GO
5db9b8f52b7f31e8ff3bd6111936000d,c325082376bffb2c2a229f640a6bba05,delivered,2018-08-07 08:41:50,2018-08-07 08:50:18,2018-08-07 15:56:00,2018-08-15 00:12:01,2018-08-27,1,1f50f920176fa81dab994f9023523100,49.9,41.33,2018-08-09 08:50:18,ES,29470,SP,15025,0.3015046296296296,7.344456018518518,-11.991655092592593,0,0,on_time,4.0,SP->ES
fc0ab8cdbc2f9a64c50264d217e47114,bc9340424036e7a409f72b4628d55973,delivered,2017-05-09 12:22:51,2017-05-10 02:42:25,2017-05-10 11:23:39,2017-05-12 13:12:53,2017-05-29,1,7a67c85e85bb2ce8582c35f2203ad736,57.99,17.66,2017-05-16 02:42:25,MG,38037,SP,3426,0.9588888888888888,2.0758564814814813,-16.449386574074072,0,0,on_time,5.0,SP->MG
1445aacacc53a181a1bcf5bfb9520377,724651ac1162e52e750b9c4aa38b7fea,delivered,2017-12-11 11:06:58,2017-12-12 03:35:36,2017-12-15 14:49:17,2017-12-19 17:45:02,2017-12-29,1,ea8482cd71df3c1969d7b9473ff13abc,43.99,7.78,2017-12-18 03:35:36,SP,6602,SP,4160,4.154386574074074,4.122048611111111,-9.26039351851852,0,0,on_time,5.0,SP->SP
e167b30630b1119d98ee8202f32d04a4,97af56180481c3433a9e28fe58501211,delivered,2018-03-06 17:02:14,2018-03-08 02:30:49,2018-03-09 15:38:23,2018-03-16 15:08:28,2018-03-22,1,4869f7a5dfa277a7dca6462dcf3b52b2,151.9,17.97,2018-03-14 02:30:49,SP,3102,SP,14840,2.941770833333333,6.979224537037037,-5.3691203703703705,0,0,on_time,5.0,SP->SP
249e44947c66e3b0e46b3ba2f38d846d,22920e925fcbdd68ef776651f8c53cc3,delivered,2018-04-30 19:56:03,2018-05-01 02:55:24,2018-05-02 12:20:00,2018-05-09 20:14:48,2018-05-29,1,a1043bafd471dff536d0c462352beb48,119.0,19.74,2018-05-07 02:55:24,ES,29500,MG,37175,1.683298611111111,7.329722222222222,-19.156388888888888,0,0,on_time,5.0,MG->ES
2dd3e9627a0cec07b3092f404934ce6b,7e19f4a49cf2f5c0ea08901336e3d9da,delivered,2017-04-23 18:16:54,2017-04-23 18:30:30,2017-04-27 11:05:36,2017-05-25 13:19:26,2017-05-15,1,c878515173c84a492ebe50d6b493230b,310.99,17.39,2017-04-27 18:30:17,SP,9434,PR,85880,3.700486111111111,28.092939814814816,10.555162037037038,1,0,carrier,1.0,PR->SP
5d5bb894cb86c2b5aff1513531e63055,466f25f318b9280d1422a5c4e9a491bf,delivered,2018-04-24 18:34:02,2018-04-25 04:10:51,2018-04-25 11:38:00,2018-05-02 22:03:55,2018-05-17,1,6560211a19b47992c3666cc44a7e94c0,78.0,15.43,2018-05-02 04:10:51,ES,29055,SP,5849,0.711087962962963,7.434664351851852,-14.080613425925923,0,0,on_time,5.0,SP->ES
56609bbe4e49470d654680a5c0a03c85,9f72d50077337c7f7b8e507da76a6426,delivered,2018-05-07 17:53:48,2018-05-09 02:35:10,2018-05-09 15:42:00,2018-05-14 18:37:29,2018-05-29,1,530ec6109d11eaaf87999465c6afee01,89.9,23.21,2018-05-11 02:35:10,SP,16022,PR,85807,1.908472222222222,5.121863425925926,-14.223969907407408,0,0,on_time,5.0,PR->SP
8f09ac6e9b4016ac9b69b4b6559d8ecb,76acf234b7ac154f7e0033ac6b88808c,delivered,2018-03-10 08:28:02,2018-03-10 08:50:31,2018-03-12 21:07:17,2018-04-13 21:56:58,2018-04-05,1,7ad32824caee82087b3e2e5f33b1bf32,199.0,19.27,2018-03-15 08:50:31,SC,88965,SP,14940,2.5272569444444444,32.034502314814816,8.914560185185184,1,0,carrier,1.0,SP->SC
04cc9ab9d21b11d7aca691cf7facaaa1,16fea2cb1931a45f2a7c8d178afb1c83,delivered,2018-04-30 09:13:44,2018-05-03 04:15:07,2018-05-03 17:20:00,2018-05-04 12:28:57,2018-05-14,1,955fee9216a65b617aa5c0531780ce60,509.0,27.09,2018-05-09 04:15:07,SP,3047,SP,4782,3.337685185185185,0.7978819444444445,-9.479895833333334,0,0,on_time,4.0,SP->SP
044406a115a855072a8e79d38f028a80,c2fd07c064da726f771496f47be85d7f,delivered,2017-08-01 11:04:50,2017-08-02 03:04:31,2017-08-03 15:13:21,2017-08-10 17:34:49,2017-08-28,1,cc419e0650a3c5ba77189a1882b7556a,56.99,14.15,2017-08-09 03:04:31,RS,92020,SP,9015,2.1725810185185184,7.09824074074074,-17.267488425925926,0,0,on_time,1.0,SP->RS
bc10788436288a29d001a6ec0e76f677,dc4158ce77a389b5672ae596ee0da730,delivered,2018-01-15 22:32:45,2018-01-16 13:55:31,2018-01-18 19:13:37,2018-01-25 22:10:18,2018-02-02,1,4e922959ae960d389249c378d1c939f5,120.0,9.66,2018-01-25 13:55:31,SP,11531,SP,12327,2.861712962962963,7.122696759259259,-7.076180555555555,0,0,on_time,5.0,SP->SP
b62be88e52e1a504211a9b93f83cfa78,8d49f48fdd5db39e5be43546d69a848d,delivered,2017-03-15 04:25:48,2017-03-15 04:25:48,2017-03-16 10:52:13,2017-04-05 15:20:23,2017-04-05,1,7e93a43ef30c4f03f38b393420bc753a,649.75,18.72,2017-03-21 04:25:48,SC,88060,SP,6429,1.2683449074074074,20.186226851851853,0.6391550925925926,1,0,carrier,5.0,SP->SC
f8f47214bc000a1f31116b5bd44f3d98,3f9de91ad36eb55c96ff3806f4d8ecda,delivered,2017-04-26 14:27:49,2017-04-27 14:35:20,2017-04-27 15:42:12,2017-05-08 10:04:11,2017-05-17,1,e2aee0892199b1d92530e371abd825bf,189.9,95.31,2017-05-04 14:32:58,SP,7600,PR,86600,1.0516550925925925,10.765266203703703,-8.58042824074074,0,0,on_time,5.0,PR->SP
9abd4434524a2140bc9418988f93b4c8,3c00b418224c7d87dc77761bfd76a327,delivered,2018-03-14 16:23:40,2018-03-16 03:50:03,2018-03-16 23:15:46,2018-03-21 22:44:31,2018-04-02,1,8160255418d5aaa7dbdc9f4c64ebda44,79.9,13.92,2018-03-22 03:31:02,SP,13211,SP,14940,2.286180555555556,4.978298611111111,-11.052418981481482,0,0,on_time,5.0,SP->SP
e4309eeca1cfe3c6df5a187c38817a5c,165b192629cbe02272e51f15c51408ae,delivered,2018-06-08 09:11:49,2018-06-08 09:35:35,2018-06-08 15:17:00,2018-07-20 18:51:20,2018-07-03,1,f46490624488d3ff7ce78613913a7711,114.9,44.5,2018-06-14 09:30:38,PI,64018,SP,7194,0.253599537037037,42.148842592592594,17.785648148148148,1,0,carrier,1.0,SP->PI
b310a5cacafc1233286e34caf4fe9135,5b2963e145514883b2f08d2625b6ff6a,delivered,2018-03-20 22:20:31,2018-03-20 22:35:36,2018-03-21 19:15:39,2018-04-06 17:34:52,2018-04-10,1,1025f0e2d44d7041d6cf58b6550e0bfa,105.0,53.9,2018-03-27 22:31:19,MG,35519,SP,3204,0.8716203703703703,15.930011574074074,-3.267453703703704,0,0,on_time,5.0,SP->MG
a06cb110601fc18a65761940112147e1,f7b33db289b360763ba82a6713db8823,delivered,2017-12-11 21:45:28,2017-12-11 21:53:32,2017-12-28 16:07:49,2017-12-30 12:48:54,2018-01-22,1,7c67e1448b00f6e969d365cea6b010ab,154.99,15.83,2017-12-21 21:53:32,MG,36700,SP,8577,16.765520833333333,1.861863425925926,-22.466041666666666,0,1,on_time,5.0,SP->MG
dae67e58d2770b3ab2c43c03b4e76280,c8e84260971a95adbfc161affa0ebc15,delivered,2017-08-07 15:59:11,2017-08-07 16:15:17,2017-08-09 21:32:31,2017-08-16 16:52:16,2017-08-25,1,0509040ea3fe50071181bbc359eb7738,44.8,12.48,2017-08-11 16:15:17,MG,39540,MG,31710,2.2314814814814814,6.805381944444444,-8.297037037037038,0,0,on_time,5.0,MG->MG
a6e3294e40c7d6573efdb79f99d46351,42ca3cf7c637265888941245a3b1447c,delivered,2018-02-04 03:44:01,2018-02-04 03:55:21,2018-02-05 19:26:58,2018-02-10 02:42:44,2018-02-21,1,f783a638e9c6af4a7d0dbfde811e7a81,342.0,40.42,2018-02-08 03:55:21,SP,11713,SP,3063,1.654826388888889,4.302615740740741,-10.88699074074074,0,0,on_time,4.0,SP->SP
4033aa2bed487107c0ab9ee14ce180e6,ce71073196f0b2c05aa6c4dd0495a04a,delivered,2017-11-20 21:06:59,2017-11-20 21:14:20,2017-11-21 19:45:48,2017-11-23 19:22:08,2017-12-07,1,15aac934c58d886785ac1b17953ea898,72.0,16.75,2017-11-24 21:14:20,SP,6093,ES,29480,0.9436226851851852,1.9835648148148148,-13.192962962962962,0,0,on_time,5.0,ES->SP
b9091887b2df90201bd6ba74c3187934,abbd729eb82f54309a051a9a003bb6a1,delivered,2017-02-18 14:39:44,2017-02-18 14:50:11,2017-02-20 14:32:40,2017-03-02 14:57:36,2017-03-21,1,d1c281d3ae149232351cd8c8cc885f0d,85.99,20.7,2017-02-22 13:39:44,PR,81540,SP,14940,1.9950925925925929,10.017314814814815,-18.376666666666665,0,0,on_time,4.0,SP->PR
9f7db45b6f8cc96acdf9c10d8a56bf74,7dd3dafc8bc6bf2b3b62ebd463b416d5,delivered,2018-07-09 23:08:29,2018-07-09 23:25:15,2018-08-01 13:51:00,2018-08-09 18:32:43,2018-08-02,1,beadbee30901a7f61d031b6b686095ad,86.0,18.7,2018-07-19 23:25:15,MG,37400,SP,7097,22.612858796296297,8.195636574074074,7.772719907407407,1,1,seller,1.0,SP->MG
fad130916dfec1c29b876fae7113f4df,1f31077338023a5f942a3cfbde373d48,delivered,2017-09-01 16:42:19,2017-09-01 16:55:14,2017-09-04 20:29:51,2017-10-19 21:03:04,2017-09-21,1,6560211a19b47992c3666cc44a7e94c0,149.0,18.32,2017-09-08 16:55:14,CE,60340,SP,5849,3.1580092592592592,45.02306712962963,28.87712962962963,1,0,carrier,3.0,SP->CE
9874f00b86dad32c32a0017e80cfcdb4,8ee173c92d41d059bae3732ee2d4a422,delivered,2017-03-09 01:36:39,2017-03-09 01:36:39,2017-03-10 10:48:01,2017-03-14 13:05:37,2017-04-06,1,dd2bdf855a9172734fbc3744021ae9b9,69.9,15.7,2017-03-15 01:36:39,SP,14120,MG,31255,1.3828935185185185,4.095555555555555,-22.45443287037037,0,0,on_time,4.0,MG->SP
a7c5b69c43e1d2b108ec591e682e33ca,23a4e0b020414a47073636b5c44ad7f1,delivered,2017-04-26 17:20:36,2017-04-27 13:15:56,2017-05-03 14:23:57,2017-05-10 11:48:10,2017-05-17,1,b2ba3715d723d245138f291a6fe42594,129.9,15.08,2017-05-04 12:36:51,PR,86300,SP,3470,6.877326388888889,6.891817129629629,-6.508217592592593,0,0,on_time,3.0,SP->PR
38774303eed7ea4f45f31ba37969381d,18b22d597785579797e1526c9621beff,delivered,2018-03-31 20:27:56,2018-03-31 20:47:24,2018-04-03 00:18:51,2018-04-26 17:58:52,2018-04-18,1,7ad32824caee82087b3e2e5f33b1bf32,286.0,14.44,2018-04-05 20:47:24,SP,9854,SP,14940,2.1603587962962965,23.736122685185187,8.749212962962963,1,0,carrier,1.0,SP->SP
6b492e90666acecd3f5d1fd3fab7afbf,e90811cfde71a51d7d21823056b66762,delivered,2017-09-23 10:23:58,2017-09-23 10:35:13,2017-09-25 19:03:31,2017-10-07 14:46:17,2017-10-17,1,e9779976487b77c6d4ac45f75ec7afe9,89.49,25.47,2017-09-28 10:35:13,RJ,23075,SP,11701,2.360798611111111,11.82136574074074,-9.384525462962962,0,0,on_time,2.0,SP->RJ
899f386e0652a9e159d00cbe97836be3,9ab871545ef08235dfa51639b9f5ce18,delivered,2018-06-15 12:08:47,2018-06-19 03:57:05,2018-06-20 14:11:00,2018-06-21 14:08:39,2018-07-03,1,caa9bc43a9fe8cf9c564ddd8a03cc4a6,29.99,7.95,2018-06-25 03:57:05,SP,4564,SP,12308,5.084872685185185,0.9983680555555556,-11.410659722222222,0,0,on_time,5.0,SP->SP
e1f58cebd92cdac4b6f7f9a3814a0fb0,abb37d6f51a26c40c7efadaf71763547,delivered,2018-08-23 14:59:37,2018-08-23 15:35:20,2018-08-24 15:42:00,2018-08-29 17:56:31,2018-09-03,1,b372ee768ed69e46ca8cdbd267aa7a38,55.0,13.05,2018-08-27 15:35:20,SP,2113,SP,15013,1.0294328703703703,5.093414351851852,-4.2524189814814815,0,0,on_time,4.0,SP->SP
5f8c25407710ac05d9b793cb61ff00be,d01a0d5f072e4a5c62456ef612fb85d4,delivered,2018-04-19 11:50:57,2018-04-19 12:14:11,2018-04-20 20:21:59,2018-05-14 20:06:37,2018-05-23,1,955fee9216a65b617aa5c0531780ce60,110.0,55.03,2018-04-25 12:14:11,CE,63122,SP,4782,1.3548842592592591,23.989328703703706,-8.162071759259259,0,0,on_time,5.0,SP->CE
382fe4c08d9dc3aec94cd1aeca20b992,625ebee3bb8680d39f443c840f5afdaf,delivered,2017-11-27 22:00:40,2017-11-29 02:16:50,2017-12-05 20:59:06,2017-12-13 19:42:55,2017-12-11,1,f27e33c6d29b5138fa9967bcd445b6d5,34.9,9.34,2017-12-05 02:16:50,SP,13058,SP,4273,7.95724537037037,7.947094907407408,2.8214699074074074,1,1,seller,4.0,SP->SP
771ee386b001f06208a7419e4fc1bbd7,206c0fcc717333d169ff95933fb47341,delivered,2017-06-23 13:11:27,2017-06-23 13:25:19,2017-06-26 17:33:37,2017-07-03 15:59:46,2017-07-17,1,813348c996469b40f2e028d5429d3495,59.9,21.26,2017-06-29 13:25:19,MG,31230,SP,13206,3.1820601851851853,6.934826388888889,-13.33349537037037,0,0,on_time,5.0,SP->MG
b8cc2632c865859a6e27f3955ff5e549,b487c0f4978642e789aac212c28b4953,delivered,2018-07-10 19:00:04,2018-07-12 03:35:18,2018-07-13 13:09:00,2018-07-23 17:51:06,2018-08-03,1,34056b8b55c1775a22af2331670a799c,48.9,35.69,2018-07-16 03:35:18,RS,91760,SP,16304,2.7562037037037035,10.195902777777778,-10.256180555555556,0,0,on_time,5.0,SP->RS
b8dd3c581f151ae1f4a0b011b0715eca,70e12437a260894a3f038b53d44b01e9,delivered,2018-07-27 11:41:22,2018-07-27 11:55:10,2018-07-30 14:04:00,2018-08-04 11:58:48,2018-08-17,1,ef990a83bbea832f36ebe81376335aa8,148.0,27.99,2018-07-31 11:55:10,RJ,24240,SC,89214,3.099050925925926,4.913055555555555,-12.500833333333333,0,0,on_time,5.0,SC->RJ
0670e42d70788dc30446908644d4cd74,a8b4e86b09a6751205acdf4a5d8e6ee0,delivered,2018-02-22 11:41:40,2018-02-22 11:51:11,2018-02-26 21:44:50,2018-03-08 18:49:45,2018-03-22,1,4c2b230173bb36f9b240f2b8ac11786e,119.8,30.34,2018-02-28 11:51:11,RS,95707,SP,3933,4.418865740740741,9.878414351851852,-13.215451388888887,0,0,on_time,3.0,SP->RS
55cb95c5d7432b481870e028524b53e2,ff36e3cbdad7fb9d81c1d75f39e5bafe,delivered,2018-01-14 10:31:45,2018-01-14 10:49:39,2018-01-17 15:49:06,2018-01-31 19:22:21,2018-02-20,1,a806a4bb063ea7ca6d374eafa50a6058,54.9,16.82,2018-01-24 10:49:39,RS,98700,ES,29161,3.2203819444444446,14.148090277777778,-19.1928125,0,0,on_time,5.0,ES->RS
f03b33cf5e0a3402a67dd84f2b9e2c3e,0f57f7df4b7072e8eee20a2255af9d3e,delivered,2018-07-27 11:20:08,2018-07-27 11:30:18,2018-07-27 15:01:00,2018-07-31 19:20:33,2018-08-10,1,30a2f535bb48308f991d0b9ad4a8c4bb,54.9,13.04,2018-07-31 11:30:18,SP,11900,SP,13457,0.1533796296296296,4.180243055555556,-9.1940625,0,0,on_time,5.0,SP->SP
66e8ac9d47e54dcd2dd60c629b309013,213d35a2dc913e03096fde29f8a4aca7,delivered,2017-06-30 23:20:08,2017-06-30 23:30:20,2017-07-03 11:52:56,2017-07-04 13:56:40,2017-07-13,1,6560211a19b47992c3666cc44a7e94c0,55.0,7.78,2017-07-05 23:30:20,SP,5060,SP,5849,2.522777777777778,1.085925925925926,-8.418981481481481,0,0,on_time,4.0,SP->SP
fe3dc8be25e5bf90ae8fc3c6d7f680bf,2ec79b62f02fa880d65a89a4bc12591b,delivered,2018-07-15 19:30:43,2018-07-15 19:45:09,2018-07-16 13:44:00,2018-07-23 23:12:37,2018-08-01,1,382229d1e840115ffe3dbf5ff460e417,349.99,33.32,2018-07-17 19:45:09,MS,79823,RJ,23092,0.7592245370370371,7.394872685185185,-8.032905092592593,0,0,on_time,5.0,RJ->MS
b5defa632178b4e058b80da1efb6dda5,86f83e504f1f7224ca34deb792a40e66,delivered,2017-10-17 13:06:30,2017-10-18 13:06:17,2017-10-23 18:28:47,2017-10-30 14:15:26,2017-11-21,1,d2374cbcbb3ca4ab1086534108cc3ab7,163.0,27.18,2017-11-08 13:06:17,SP,8072,SP,14940,6.22380787037037,6.8240625,-21.405949074074076,0,0,on_time,1.0,SP->SP
7d440294c1e683b677deeaa736e7231d,23c94608325bb341f9b35b61c93c9db1,delivered,2017-12-15 11:05:25,2017-12-19 09:39:32,2017-12-20 08:55:27,2018-01-13 01:05:36,2018-01-19,1,a1043bafd471dff536d0c462352beb48,89.99,50.5,2017-12-26 09:39:32,GO,76265,MG,37175,4.90974537037037,23.673715277777777,-5.954444444444444,0,0,on_time,4.0,MG->GO
a0dddffb69e48d83c22789bd03521a53,a633882e100f00c541853de8e44c29dc,delivered,2017-10-08 12:02:16,2017-10-08 12:14:21,2017-10-09 18:55:51,2017-10-14 01:37:49,2017-10-31,1,cca3071e3e9bb7d12640c9fbe2301306,52.64,11.87,2017-10-13 12:14:21,SP,4039,SP,14940,1.2872106481481482,4.279143518518518,-16.93207175925926,0,0,on_time,5.0,SP->SP
3c7ad0e853a5d0f0b08290127e7325a9,a236d513e2cb6dc970712b0f22543041,delivered,2018-02-01 14:11:52,2018-02-02 14:51:56,2018-02-05 15:42:12,2018-02-15 22:09:37,2018-03-06,1,a1043bafd471dff536d0c462352beb48,179.0,51.12,2018-02-08 14:51:56,ES,29102,MG,37175,4.062731481481482,10.269039351851852,-18.076655092592592,0,0,on_time,5.0,MG->ES
8aad1f0c6ff336608e58eab9851f7ead,4c279b544594b9bc2e5f8db65fd005dd,delivered,2018-04-17 14:46:29,2018-04-17 15:09:21,2018-04-20 01:58:38,2018-04-23 16:33:00,2018-04-30,1,7ea5bfa6c340f58f8e71fc1f0412b0d6,99.49,8.81,2018-04-23 15:09:21,MG,30644,MG,30180,2.4667708333333334,3.607199074074074,-6.310416666666667,0,0,on_time,5.0,MG->MG
266320cfaaa3ed9a087b2a2dad7ddda7,feecad59da8b9119cc7c6c2035597783,delivered,2018-02-26 22:43:30,2018-02-28 09:56:07,2018-02-28 22:41:40,2018-03-18 19:33:35,2018-03-20,1,cc419e0650a3c5ba77189a1882b7556a,89.99,15.39,2018-03-08 09:56:07,RJ,22251,SP,9015,1.998726851851852,17.869386574074074,-1.185011574074074,0,0,on_time,5.0,SP->RJ
3dcc4c9174a04ed82d42905c7dd139e7,9dd475c34f4cc88c45bec1dc40f33fa4,delivered,2017-07-20 17:31:12,2017-07-22 02:23:19,2017-07-25 20:49:39,2017-07-28 16:06:45,2017-08-18,1,5656537e588803a555b8eb41f07a944b,20.89,15.79,2017-07-27 02:23:19,SP,4557,DF,72015,5.1378125,2.803541666666667,-20.328645833333333,0,0,on_time,5.0,DF->SP
6e005ed6792ec5ba81274fcf6ca4ec74,3a505956060a57454bb85ec3b62faa9b,delivered,2018-03-12 22:59:07,2018-03-14 22:29:53,2018-03-20 21:25:53,2018-04-16 20:11:34,2018-04-05,1,7d13fca15225358621be4086e1eb0964,487.9,21.3,2018-03-20 22:29:53,MG,30335,SP,14050,7.93525462962963,26.948391203703704,11.84136574074074,1,0,carrier,1.0,SP->MG
07efb6b65a21feb31a7567eb0dbd2476,1f0ca2f4250709ea904aad7c7a706550,delivered,2017-07-13 09:45:31,2017-07-13 09:55:27,2017-07-14 14:58:45,2017-08-04 17:42:39,2017-08-21,1,cc419e0650a3c5ba77189a1882b7556a,56.99,21.2,2017-07-24 09:55:27,MA,65058,SP,9015,1.217523148148148,21.113819444444445,-16.262048611111112,0,0,on_time,1.0,SP->MA
48aa7e4eb5522e310f74f208a4bd3199,25234bb91effe121c9b3b319863f9a11,delivered,2017-10-26 20:40:28,2017-10-26 20:50:22,2017-10-30 18:09:04,2017-11-03 21:29:47,2017-11-16,1,1025f0e2d44d7041d6cf58b6550e0bfa,38.4,12.69,2017-11-03 20:50:22,SP,16013,SP,3204,3.894861111111111,4.1393865740740745,-12.10431712962963,0,0,on_time,5.0,SP->SP
5c533da06d7dfe10d9d44dbcc8bdbc6b,1285e7456591a89200ad22c4015c09ea,delivered,2017-07-02 13:10:36,2017-07-02 13:25:09,2017-07-07 17:39:39,2017-07-26 22:53:20,2017-08-02,1,c8143b3069f6746a77421b5ce30a450c,142.47,43.41,2017-07-06 13:25:09,CE,62051,GO,75345,5.186840277777778,19.21783564814815,-6.046296296296297,0,1,on_time,5.0,GO->CE
a249134c21e6cc24928060768941584e,9c0dc29335ab059ac917c36e8ad57ee0,delivered,2018-02-11 14:27:27,2018-02-11 14:48:25,2018-02-15 20:33:29,2018-03-21 16:03:48,2018-03-14,1,b2479f944e1b90cf8a5de1bbfde284d6,71.98,32.22,2018-02-15 14:48:25,RS,91787,SP,14940,4.254189814814815,33.812719907407406,7.669305555555556,1,1,seller,1.0,SP->RS
39444c4357a54def3a087956dbb17e62,8c1c6531da36aa724b50271c55a29ecf,delivered,2017-08-17 20:09:29,2017-08-19 02:30:17,2017-08-22 18:27:57,2017-09-15 16:24:43,2017-09-13,1,4c2b230173bb36f9b240f2b8ac11786e,25.9,15.1,2017-08-24 02:30:17,RS,97035,SP,3933,4.929490740740741,23.914421296296297,2.6838310185185184,1,0,carrier,5.0,SP->RS
ba6d7557cefd2d4e8fe232a2f9cddd8c,88778f0eb5d1ef0db454aa0a8bbaa02f,delivered,2017-03-23 11:32:29,2017-03-25 02:15:38,2017-03-28 13:24:51,2017-04-11 12:11:01,2017-04-28,1,cc419e0650a3c5ba77189a1882b7556a,113.98,49.78,2017-03-31 02:15:38,MA,65690,SP,9015,5.078032407407408,13.948726851851852,-16.492349537037036,0,0,on_time,5.0,SP->MA
2c3eb0fe0135ed9d71065de1e06f8e01,a3809c8c58021cb804fc6c944aca6344,delivered,2018-06-26 09:59:37,2018-06-27 08:11:30,2018-06-28 15:37:00,2018-07-03 16:38:37,2018-07-17,1,1f50f920176fa81dab994f9023523100,49.9,20.99,2018-06-29 03:32:02,SP,3758,SP,15025,2.234293981481481,5.042789351851852,-13.306516203703705,0,0,on_time,4.0,SP->SP
8e17072ec97ce29f0e1f111e598b0c85,9e29cde4ddb42f9330bcf3c9bc23d177,delivered,2018-03-31 15:08:21,2018-03-31 15:50:11,2018-04-03 15:58:24,2018-04-06 17:38:34,2018-05-04,1,d91fb3b7d041e83b64a00a3edfb37e4f,40.0,19.32,2018-04-05 15:50:11,MG,30290,SP,11704,3.0347569444444447,3.069560185185185,-27.264884259259254,0,0,on_time,1.0,SP->MG
f7485abcf1f560757db577b02f448bcc,40d73d7b16901d42c23c50e9c770720e,delivered,2018-06-05 09:31:33,2018-06-05 09:51:34,2018-06-07 14:02:00,2018-06-13 17:18:44,2018-07-24,1,512d298ac2a96d1931b6bd30aa21f61d,89.9,19.6,2018-06-21 09:51:34,MG,35613,RJ,20060,2.1878125,6.136620370370371,-40.27865740740741,0,0,on_time,5.0,RJ->MG
f599acb00d4cb6e90d83d34a56c71ded,3f7f23ed8d031eb101832774a9a4622e,delivered,2017-12-14 22:02:56,2017-12-16 21:58:22,2017-12-19 02:03:12,2018-01-07 15:47:15,2018-01-16,1,7202e2ba20579a9bd1acb29e61fe71f6,349.9,27.73,2017-12-21 21:58:22,CE,60182,SP,14401,4.166851851851852,19.572256944444444,-8.3421875,0,0,on_time,2.0,SP->CE
90e5ad6118ea4ea07eb9de3aa9c698d2,8a9a1deb4c40a5a158bbb0db08c821d0,delivered,2017-09-27 06:56:34,2017-09-27 07:07:13,2017-09-28 15:39:01,2017-10-11 17:38:52,2017-10-19,1,955fee9216a65b617aa5c0531780ce60,75.0,16.78,2017-10-03 07:07:13,ES,29050,SP,4782,1.3628125,13.083229166666667,-7.264675925925926,0,0,on_time,3.0,SP->ES
54bf0940ace684d597657354c7496905,c7f2cac5bd5e577cc6b72a253ee7d5b7,delivered,2018-06-02 11:44:39,2018-06-02 12:11:27,2018-06-07 14:12:00,2018-06-14 16:34:26,2018-07-18,1,7b1222c3624aa89b9558b50a2594188c,654.9,23.55,2018-06-11 12:11:27,PR,87360,SP,15041,5.102326388888889,7.098912037037037,-33.30942129629629,0,0,on_time,5.0,SP->PR
5b845522fbf6a862baf68d7b2d0b0313,40627cb941130b64374d443514c5d047,delivered,2018-05-15 14:57:12,2018-05-15 15:30:35,2018-05-17 11:35:00,2018-05-21 19:19:51,2018-06-06,1,643c01d7c56a724bec0454f4780e8a3e,39.9,18.23,2018-05-21 15:14:35,SP,2276,SC,89222,1.8595833333333331,4.3228125,-15.194548611111111,0,0,on_time,4.0,SC->SP
ede9991379672ca99196a7e9363e984c,3eab24a1a33e742785f4f5b3360dc89b,delivered,2017-09-10 22:24:53,2017-09-10 22:35:21,2017-09-12 20:47:35,2017-09-20 20:59:00,2017-10-05,1,86ccac0b835037332a596a33b6949ee1,29.99,26.89,2017-09-14 22:35:21,MG,36026,SC,89041,1.932430555555556,8.00792824074074,-14.125694444444443,0,0,on_time,5.0,SC->MG
ef2ae6f6dbd9a78f9634b9fe22b0bee7,19aa69b9c2589d4a9e17be4d95ea4067,delivered,2018-08-05 13:49:08,2018-08-05 14:04:27,2018-08-07 10:35:00,2018-08-21 14:11:24,2018-08-16,1,7d7d2b7a51328016102d4528c411d630,105.0,23.54,2018-08-09 14:04:27,RJ,20751,SP,14940,1.8651851851851853,14.150277777777776,5.59125,1,0,carrier,1.0,SP->RJ
f352ac1d5c7a30a8108382cdb40facc6,fc40e6031c71c3809e29bddd7fe948bb,delivered,2017-12-07 10:13:48,2017-12-07 10:30:21,2017-12-12 20:26:41,2017-12-18 19:32:38,2018-01-10,1,994f04b3718c2bab35c2adfa8afecd2a,49.9,15.11,2017-12-13 10:30:21,RS,90020,SP,13912,5.425613425925926,5.962465277777778,-22.18567129629629,0,0,on_time,4.0,SP->RS
2c4f41fd30cdd44de346e77247380dd2,a2378de6cd63315863ff5b54a9755753,delivered,2017-03-23 16:28:47,2017-03-23 16:43:40,2017-03-24 19:30:13,2017-03-29 12:33:48,2017-04-19,1,17e34d8224d27a541263c4c64b11a56b,303.99,12.74,2017-04-05 16:43:40,SP,13145,SP,14085,1.1259953703703705,4.710821759259259,-20.47652777777778,0,0,on_time,5.0,SP->SP
ebd7301e0367440d3ea0fbe1ff784639,c40005c07b1bdf1c39193476fa330f32,delivered,2018-08-09 10:49:47,2018-08-09 15:25:31,2018-08-10 15:29:00,2018-08-17 20:04:03,2018-08-21,1,ea8482cd71df3c1969d7b9473ff13abc,19.9,12.8,2018-08-13 15:25:31,SP,16290,SP,4160,1.193900462962963,7.191006944444444,-3.163854166666667,0,0,on_time,4.0,SP->SP
c4c1257d437761ebf697da82b5cca4e1,da7d9ea4de7fce7d6544ff08872e9bf7,delivered,2018-07-23 20:53:38,2018-07-24 10:31:48,2018-07-25 13:54:00,2018-07-31 22:51:34,2018-08-13,1,8b9d6eec4a7eb7d0f9d579ce0b38324d,74.99,30.33,2018-07-26 09:31:42,ES,29106,RJ,26562,1.708587962962963,6.373310185185185,-12.047523148148148,0,0,on_time,5.0,RJ->ES
60e3ebce36d40be343e1f240b81a811e,55a365cf4d82f1b6e044a0da88b681a1,delivered,2018-04-19 17:25:39,2018-04-19 17:35:48,2018-04-23 16:52:44,2018-04-30 21:22:50,2018-05-18,1,522620dcb18a6b31cd7bdf73665113a9,579.0,25.76,2018-04-27 17:35:48,RJ,26525,PR,85801,3.977141203703704,7.187569444444445,-17.10914351851852,0,0,on_time,5.0,PR->RJ
0a9ce4ac2d44f45f52feb4747f238d5d,99ca20e7ddaa6079cc0399bb88d3513a,delivered,2018-05-15 17:38:49,2018-05-15 17:54:34,2018-05-16 12:19:00,2018-05-25 20:53:40,2018-06-07,1,f8db351d8c4c4c22c6835c19a46f01b0,78.9,31.2,2018-05-17 17:54:34,MT,78060,SP,13324,0.7779050925925926,9.357407407407408,-12.129398148148148,0,0,on_time,4.0,SP->MT
5fb7dd0236cfe4fd2c620959623e4619,0ccb4c74c8bb23990e7430fa72df436e,delivered,2018-04-25 14:38:23,2018-04-26 03:35:13,2018-04-27 13:30:00,2018-05-07 16:39:46,2018-05-15,1,253f95b3a0e6983ae18aed49fbc2b845,129.9,15.0,2018-05-03 03:35:13,SP,11676,SP,4141,1.9525115740740744,10.131782407407409,-7.305717592592592,0,0,on_time,5.0,SP->SP
dab61751be110f17c309fed535523372,5ee90522743d960d6a969dab82bb6a3d,delivered,2017-07-22 10:08:37,2017-07-22 10:23:18,2017-07-27 21:47:55,2017-08-01 16:38:13,2017-08-15,1,aaed1309374718fdd995ee4c58c9dfcd,262.0,33.36,2017-07-27 10:23:18,PR,87083,SC,89120,5.485625,4.784930555555556,-13.306793981481482,0,1,on_time,4.0,SC->PR
2c2ce5e6f838b293b3297370a80598f7,cd79b901fd7641f3afe50351e94bc30e,delivered,2017-03-29 12:27:32,2017-03-29 21:22:35,2017-03-30 13:27:58,2017-04-05 14:00:14,2017-04-18,1,4e7c18b98d84e05cbae3ff0ff03846c2,89.0,25.85,2017-04-04 21:22:35,SP,14805,SP,14882,1.0419675925925926,6.022407407407408,-12.41650462962963,0,0,on_time,5.0,SP->SP
ec4c612592a61abdf6ef3d26a135ab28,29855e598b8e32b458fbfe4ff8f67dff,delivered,2018-02-20 16:56:59,2018-02-20 17:10:27,2018-02-22 10:47:09,2018-03-02 22:33:35,2018-03-12,1,1900267e848ceeba8fa32d80c1a5f5a8,69.0,13.5,2018-02-26 17:10:27,SP,12042,SP,14940,1.7431712962962962,8.490578703703704,-9.060011574074077,0,0,on_time,5.0,SP->SP
0ccb5b7bf95c5b642f3717b08c633361,9c75150ccee7d27156bd4b0b05c828da,delivered,2018-07-07 18:35:06,2018-07-08 18:30:13,2018-07-10 14:07:00,2018-07-13 15:07:29,2018-07-26,1,8d956fec2e4337affcb520f56fd8cbfd,22.49,18.26,2018-07-10 18:30:13,ES,29304,SP,9780,2.8138194444444444,3.0420023148148148,-12.36980324074074,0,0,on_time,4.0,SP->ES
ef91e98c27841eead891942911000752,004df18653e9438571e9d294776a5c5c,delivered,2018-06-04 15:54:53,2018-06-04 16:12:42,2018-06-05 13:45:00,2018-06-06 18:27:33,2018-06-28,1,955fee9216a65b617aa5c0531780ce60,42.0,8.29,2018-06-12 16:12:42,SP,4623,SP,4782,0.9098032407407408,1.1962152777777777,-21.230868055555558,0,0,on_time,5.0,SP->SP
d49f3ce01bf8ca94897ccf96b1e4f45c,0bee1a6846b1292a8a44f283aa013338,delivered,2017-09-12 22:13:19,2017-09-14 11:05:45,2017-09-15 15:55:10,2017-09-23 14:25:46,2017-09-29,1,46dc3b2cc0980fb8ec44634e21d2718e,269.99,22.38,2017-09-20 11:05:45,SP,17022,RJ,22240,2.7373958333333333,7.937916666666666,-5.398773148148148,0,0,on_time,5.0,RJ->SP
dcd05d9cb9629d8ee695cc3f2e030bf0,069b38e2803b8ee0482f95dac627877e,delivered,2017-10-07 22:06:14,2017-10-07 22:25:08,2017-10-10 19:38:36,2017-10-19 17:27:58,2017-11-13,1,8f2ce03f928b567e3d56181ae20ae952,99.9,21.19,2017-10-12 22:25:08,RS,95680,SP,5141,2.897476851851852,8.909282407407407,-24.27224537037037,0,0,on_time,5.0,SP->RS
42d8e64b2e4f4669b7bf87f1ba3da8a8,557e871361d795f870269d04708d885f,delivered,2017-05-24 09:35:00,2017-05-25 06:42:45,2017-05-25 10:04:35,2017-05-30 16:14:02,2017-06-20,1,725c32fa80c2faacc4fc88450d27314e,44.9,14.1,2017-05-31 06:42:45,RS,90110,SP,3320,1.0205439814814814,5.2565625,-20.323587962962964,0,0,on_time,5.0,SP->RS
2de300305c4fc64802a63341e5780c24,323c3cfe7ddc27f3c54331fc41edc09b,delivered,2018-06-23 01:03:56,2018-06-23 01:40:41,2018-06-25 14:47:00,2018-06-26 19:08:24,2018-07-05,1,f80edd2c5aaa505cc4b0a3b219abf4b8,72.9,9.26,2018-06-26 01:40:41,SP,6020,SP,3431,2.571574074074074,1.1815277777777775,-8.2025,0,0,on_time,4.0,SP->SP
1a0e54c67a7d784f932f5cc4f953fbaf,baca33004aa726524d5a891853100559,delivered,2017-06-16 21:56:39,2017-06-16 22:06:26,2017-06-20 15:30:45,2017-07-03 08:49:44,2017-07-13,1,cc419e0650a3c5ba77189a1882b7556a,56.99,14.15,2017-06-22 22:06:26,DF,73369,SP,9015,3.732013888888889,12.721516203703704,-9.63212962962963,0,0,on_time,5.0,SP->DF
45030898b4361255cbd03efa424707bc,201186d03a3403e775c0acdd6d718f70,delivered,2017-11-14 17:22:29,2017-11-16 17:37:46,2017-11-22 16:29:09,2017-11-24 22:27:46,2017-12-04,1,3d871de0142ce09b7081e2b9d1733cb1,29.9,11.85,2017-11-22 17:31:09,SP,5319,SP,13232,7.962962962962963,2.249039351851852,-9.064050925925926,0,0,on_time,5.0,SP->SP
eaef7f919169425e4108197b3bad8065,58d2f3b85809a877b7a268be30871cc3,delivered,2018-04-28 11:33:59,2018-04-28 11:50:48,2018-05-07 12:31:00,2018-05-11 13:56:59,2018-05-23,1,4869f7a5dfa277a7dca6462dcf3b52b2,116.9,13.26,2018-05-04 11:50:48,SP,6435,SP,14840,9.039594907407407,4.059710648148148,-11.418761574074074,0,1,on_time,5.0,SP->SP
14bd8f178a9b993e9c9e9e93c0179130,a7227311e42a1a9952ac23a0b879f32a,delivered,2017-10-04 08:56:49,2017-10-05 02:49:34,2017-10-05 18:57:37,2017-10-16 20:00:00,2017-11-10,1,ad420dd0c4f92f8af951ac24b86d0cf5,29.98,51.26,2017-10-11 02:49:34,RS,99440,MG,38230,1.4172222222222222,11.04332175925926,-24.166666666666668,0,0,on_time,5.0,MG->RS
5a32dae759e50279bf8e1b2be65edd27,6b5aaff0e495149ec28705162bba2fe4,delivered,2017-09-28 23:13:40,2017-09-28 23:28:06,2017-09-29 13:37:28,2017-10-01 13:16:42,2017-10-16,1,f8db351d8c4c4c22c6835c19a46f01b0,17.9,8.27,2017-10-04 23:28:06,SP,6030,SP,13324,0.5998611111111111,1.985578703703704,-14.446736111111113,0,0,on_time,4.0,SP->SP
350aad4e4bc8240326121102708f0504,6b396d9b6befa4b0deb7b570ab0df6cc,delivered,2017-05-26 23:41:21,2017-05-26 23:50:13,2017-05-29 08:39:54,2017-06-07 15:15:13,2017-06-22,1,7008613ea464bad5cb9b83456e1e6a8f,147.5,83.94999999999999,2017-05-31 23:50:13,RJ,21550,SC,89460,2.373993055555556,9.274525462962965,-14.36443287037037,0,0,on_time,5.0,SC->RJ
228854f82259e0bcba1d3a55fd6d955b,14eb94d576ec3079b4db18114262d106,delivered,2017-09-29 17:18:01,2017-09-30 17:24:14,2017-10-02 20:12:29,2017-10-13 14:39:44,2017-10-30,1,7a67c85e85bb2ce8582c35f2203ad736,199.99,17.65,2017-10-05 17:24:14,RS,91150,SP,3426,3.1211574074074075,10.768923611111113,-16.389074074074074,0,0,on_time,5.0,SP->RS
e6c0c1754a4772066631827775c805d6,2082b281d48ea041b7a582aa8145a8a2,delivered,2018-01-10 22:19:08,2018-01-10 22:31:30,2018-01-11 14:49:25,2018-01-23 20:09:03,2018-02-09,1,a1043bafd471dff536d0c462352beb48,199.99,45.86,2018-01-16 22:31:30,RJ,21540,MG,37175,0.6876967592592592,12.221967592592591,-16.160381944444445,0,0,on_time,4.0,MG->RJ
cd2f69bee54086eeb259dc69de724245,84a810a852122f710a0ea08820feaf54,delivered,2018-03-10 02:13:19,2018-03-10 03:08:49,2018-03-12 16:18:33,2018-04-11 19:41:39,2018-04-04,1,4869f7a5dfa277a7dca6462dcf3b52b2,120.0,26.92,2018-03-15 02:31:06,GO,74815,SP,14840,2.586967592592593,30.141041666666663,7.820590277777778,1,0,carrier,1.0,SP->GO
a8c5b9c0a36fb5d42f41d29dc808c0a8,23723779ba40a7f7887608d06897c432,delivered,2018-04-22 17:36:31,2018-04-24 18:22:07,2018-04-24 23:21:58,2018-04-26 23:28:43,2018-05-11,1,8a130737016f838139d31878787a39c9,54.4,8.88,2018-04-26 18:30:43,SP,6622,SP,3187,2.239895833333333,2.0046875,-14.021724537037038,0,0,on_time,1.0,SP->SP
3527757627581376738f42de35c87935,42b14764e9cf800aec2f02be2a085514,delivered,2018-04-02 01:19:30,2018-04-02 01:35:15,2018-04-03 19:47:13,2018-04-12 14:59:47,2018-05-08,1,4869f7a5dfa277a7dca6462dcf3b52b2,112.9,26.87,2018-04-06 01:31:32,RJ,20030,SP,14840,1.7692476851851853,8.800393518518518,-25.375150462962964,0,0,on_time,5.0,SP->RJ
7c9956750739a47dba7a6928ba2f0245,b65dda35fa1e480e28ded92bd5efe474,delivered,2017-08-28 21:57:49,2017-08-29 05:33:05,2017-08-29 17:49:11,2017-09-08 15:56:52,2017-09-14,1,4869f7a5dfa277a7dca6462dcf3b52b2,159.9,12.62,2017-09-04 05:33:05,SP,3704,SP,14840,0.8273379629629629,9.922002314814817,-5.33550925925926,0,0,on_time,5.0,SP->SP
5ef19cbded760e407b107f1be0e293f0,c2c698586ce38f1936de867bd495ac82,delivered,2017-07-13 10:35:01,2017-07-13 22:04:11,2017-07-18 20:12:41,2017-07-27 18:04:00,2017-08-16,1,4c2b230173bb36f9b240f2b8ac11786e,25.9,17.63,2017-07-19 22:04:11,CE,60440,SP,3933,5.401157407407408,8.910636574074074,-19.247222222222224,0,0,on_time,5.0,SP->CE
615e1dea1409a7cbeae7afc1bf75c305,84033f39d35b5c80c734e62cf0e7b586,delivered,2018-04-19 14:14:48,2018-04-20 07:10:51,2018-04-20 21:04:27,2018-05-11 21:37:26,2018-05-24,1,955fee9216a65b617aa5c0531780ce60,110.0,70.76,2018-04-26 07:10:51,PI,64695,SP,4782,1.2844791666666666,21.02290509259259,-12.09900462962963,0,0,on_time,4.0,SP->PI
50c561609b802ec8d508a9f48c669918,3fe89a08445d29487b8766af9207a44e,delivered,2017-12-01 21:44:31,2017-12-04 18:30:51,2017-12-20 13:17:57,2018-01-05 17:58:23,2018-01-05,1,7aa4334be125fcdd2ba64b3180029f14,86.99,29.01,2017-12-08 14:35:54,CE,60531,SP,18500,18.64821759259259,16.19474537037037,0.7488773148148148,1,1,seller,3.0,SP->CE
556b30ae47829a82927b5dff9ca2ba65,2ba770a39f5caf13266b19d5095c0712,delivered,2018-02-23 14:34:34,2018-02-23 14:51:07,2018-02-28 19:33:32,2018-03-01 21:31:22,2018-03-09,1,fcb5ace8bcc92f75707dc0f01a27d269,71.1,7.78,2018-03-01 14:51:07,SP,1453,SP,7032,5.20761574074074,1.0818287037037038,-7.103217592592593,0,0,on_time,5.0,SP->SP
3a218a39b942ae0341fb1d65dd5874df,47c6d324782f84dff90b3e256495c26f,delivered,2017-09-07 13:07:38,2017-09-07 13:15:14,2017-09-08 17:48:08,2017-09-11 17:04:28,2017-09-20,1,adbe70ab2c97442046d393988c8d1d27,59.9,9.34,2017-09-13 13:15:14,SP,13024,SP,9321,1.1947916666666667,2.9696759259259258,-8.288564814814816,0,0,on_time,5.0,SP->SP
6feeca05362a431b585a63a6043e7c1c,7d3ca8a3ddee83ea48b5d339d4768472,delivered,2017-10-29 14:59:07,2017-10-29 15:10:19,2017-11-03 20:56:41,2017-11-15 15:53:06,2017-12-05,1,6fd52c528dcb38be2eea044946b811f8,105.6,16.67,2017-11-16 15:10:19,RJ,27120,SP,8180,5.248310185185185,11.78917824074074,-19.338125,0,0,on_time,3.0,SP->RJ
47d31d84d5649bc830782ef347952048,3c0ecc8a742c08f13fe380e4a7e5145d,delivered,2018-03-25 18:37:26,2018-03-25 18:50:32,2018-03-28 18:03:42,2018-04-11 00:06:45,2018-04-19,1,dace965ca58120f92f8d742a9fa1864b,169.0,23.76,2018-03-29 18:50:32,PR,87900,SP,14015,2.9765740740740743,13.252118055555556,-7.9953125,0,0,on_time,5.0,SP->PR
c7f9c9ed8383be0c7514a7672ffdfdbe,9fe71cf3d38ed8a2df5d20cef8dccd9e,delivered,2018-08-16 15:54:42,2018-08-16 16:10:25,2018-08-17 13:10:00,2018-08-23 22:18:22,2018-08-31,1,4c4d546adf3c3868fe19c9ec6e9ffda9,49.9,18.45,2018-08-22 16:10:25,RS,91210,PR,87013,0.885625,6.380810185185185,-7.070578703703704,0,0,on_time,5.0,PR->RS
